{
    "Query Number": "Synthetic_2724",
    "Query": "SELECT COUNT(*) FROM title t,movie_keyword mk WHERE t.id=mk.movie_id AND t.kind_id=7 AND t.production_year>1980 AND mk.keyword_id>4882;",
    "Cardinality": 272587,
    "AND Predicate Norm": [
        [
            101,
            2,
            1.0
        ],
        [
            104,
            3,
            0.7194244604316546
        ],
        [
            74,
            3,
            0.03637949153679315
        ]
    ],
    "Tables": [
        16,
        19
    ],
    "Joins": [
        "98-75"
    ]
}