{
    "Query Number": "Synthetic_2885",
    "Query": "SELECT COUNT(*) FROM title t,cast_info ci,movie_info mi WHERE t.id=ci.movie_id AND t.id=mi.movie_id AND ci.person_id=280445 AND ci.role_id<3 AND mi.info_type_id=16;",
    "Cardinality": 132,
    "AND Predicate Norm": [
        [
            24,
            2,
            0.06904214134923713
        ],
        [
            26,
            1,
            0.2
        ],
        [
            65,
            2,
            0.13761467889908258
        ]
    ],
    "Tables": [
        16,
        2,
        17
    ],
    "Joins": [
        "98-21",
        "98-66"
    ]
}