{
    "Query Number": "Synthetic_2653",
    "Query": "SELECT COUNT(*) FROM title t,movie_info mi,movie_info_idx mi_idx WHERE t.id=mi.movie_id AND t.id=mi_idx.movie_id AND t.kind_id<7 AND t.production_year<1973 AND mi.info_type_id>6 AND mi_idx.info_type_id=101;",
    "Cardinality": 809210,
    "AND Predicate Norm": [
        [
            101,
            1,
            1.0
        ],
        [
            104,
            1,
            0.6690647482014388
        ],
        [
            65,
            3,
            0.045871559633027525
        ],
        [
            70,
            2,
            0.14285714285714285
        ]
    ],
    "Tables": [
        16,
        17,
        18
    ],
    "Joins": [
        "98-66",
        "98-71"
    ]
}