{
    "Query Number": "Synthetic_2561",
    "Query": "SELECT COUNT(*) FROM title t,cast_info ci,movie_info_idx mi_idx WHERE t.id=ci.movie_id AND t.id=mi_idx.movie_id AND ci.person_id<3043299 AND ci.role_id<4 AND mi_idx.info_type_id>101;",
    "Cardinality": 17049,
    "AND Predicate Norm": [
        [
            24,
            1,
            0.7492255519242723
        ],
        [
            26,
            1,
            0.3
        ],
        [
            70,
            3,
            0.14285714285714285
        ]
    ],
    "Tables": [
        16,
        2,
        18
    ],
    "Joins": [
        "98-21",
        "98-71"
    ]
}