{
    "Query Number": "Synthetic_2525",
    "Query": "SELECT COUNT(*) FROM title t,movie_companies mc,cast_info ci WHERE t.id=mc.movie_id AND t.id=ci.movie_id AND t.kind_id<7 AND t.production_year<1968 AND mc.company_id>33829 AND ci.role_id>1;",
    "Cardinality": 903963,
    "AND Predicate Norm": [
        [
            101,
            1,
            1.0
        ],
        [
            104,
            1,
            0.6330935251798561
        ],
        [
            58,
            3,
            0.14395138640657712
        ],
        [
            26,
            3,
            0.0
        ]
    ],
    "Tables": [
        16,
        12,
        2
    ],
    "Joins": [
        "98-61",
        "98-21"
    ]
}