{
    "Query Number": "Synthetic_2149",
    "Query": "SELECT COUNT(*) FROM title t,movie_companies mc WHERE t.id=mc.movie_id AND t.production_year>1953 AND mc.company_id=2394 AND mc.company_type_id<2;",
    "Cardinality": 387,
    "AND Predicate Norm": [
        [
            104,
            3,
            0.5251798561151079
        ],
        [
            58,
            2,
            0.010183152053651978
        ],
        [
            59,
            1,
            1.0
        ]
    ],
    "Tables": [
        16,
        12
    ],
    "Joins": [
        "98-61"
    ]
}