{
    "Query Number": "Synthetic_2825",
    "Query": "SELECT COUNT(*) FROM title t,movie_companies mc,movie_info_idx mi_idx WHERE t.id=mc.movie_id AND t.id=mi_idx.movie_id AND t.production_year>1977 AND mc.company_id=17460 AND mi_idx.info_type_id>100;",
    "Cardinality": 1878,
    "AND Predicate Norm": [
        [
            104,
            3,
            0.697841726618705
        ],
        [
            58,
            2,
            0.07429488161500622
        ],
        [
            70,
            3,
            0.07142857142857142
        ]
    ],
    "Tables": [
        16,
        12,
        18
    ],
    "Joins": [
        "98-61",
        "98-71"
    ]
}