{
    "Query Number": "Synthetic_2481",
    "Query": "SELECT COUNT(*) FROM title t,movie_keyword mk WHERE t.id=mk.movie_id AND t.kind_id<4 AND t.production_year<2004 AND mk.keyword_id=1126;",
    "Cardinality": 516,
    "AND Predicate Norm": [
        [
            101,
            1,
            0.5
        ],
        [
            104,
            1,
            0.8920863309352518
        ],
        [
            74,
            2,
            0.008384947342530688
        ]
    ],
    "Tables": [
        16,
        19
    ],
    "Joins": [
        "98-75"
    ]
}