{
    "Query Number": "Synthetic_2027",
    "Query": "SELECT COUNT(*) FROM title t,cast_info ci,movie_info mi WHERE t.id=ci.movie_id AND t.id=mi.movie_id AND t.kind_id=2 AND t.production_year<2011 AND ci.person_id>2023004 AND ci.role_id=3;",
    "Cardinality": 683161,
    "AND Predicate Norm": [
        [
            101,
            2,
            0.16666666666666666
        ],
        [
            104,
            1,
            0.9424460431654677
        ],
        [
            24,
            3,
            0.49804046111141886
        ],
        [
            26,
            2,
            0.2
        ]
    ],
    "Tables": [
        16,
        2,
        17
    ],
    "Joins": [
        "98-21",
        "98-66"
    ]
}