{
    "Query Number": "Synthetic_2893",
    "Query": "SELECT COUNT(*) FROM title t,movie_companies mc,cast_info ci WHERE t.id=mc.movie_id AND t.id=ci.movie_id AND mc.company_id>159 AND mc.company_type_id>1;",
    "Cardinality": 31278533,
    "AND Predicate Norm": [
        [
            58,
            3,
            0.0006723518698190607
        ],
        [
            59,
            3,
            0.0
        ]
    ],
    "Tables": [
        16,
        12,
        2
    ],
    "Joins": [
        "98-61",
        "98-21"
    ]
}