{
    "Query Number": "Synthetic_2220",
    "Query": "SELECT COUNT(*) FROM title t,cast_info ci,movie_info mi WHERE t.id=ci.movie_id AND t.id=mi.movie_id AND ci.person_id>1532228 AND ci.role_id>10;",
    "Cardinality": 2767702,
    "AND Predicate Norm": [
        [
            24,
            3,
            0.3772169599389452
        ],
        [
            26,
            3,
            0.9
        ]
    ],
    "Tables": [
        16,
        2,
        17
    ],
    "Joins": [
        "98-21",
        "98-66"
    ]
}