{
    "Query Number": "Synthetic_2849",
    "Query": "SELECT COUNT(*) FROM title t,movie_companies mc,movie_info mi WHERE t.id=mc.movie_id AND t.id=mi.movie_id AND t.kind_id=7 AND t.production_year=1969 AND mc.company_id<24466;",
    "Cardinality": 49466,
    "AND Predicate Norm": [
        [
            101,
            2,
            1.0
        ],
        [
            104,
            2,
            0.6402877697841727
        ],
        [
            58,
            1,
            0.10410815503242608
        ]
    ],
    "Tables": [
        16,
        12,
        17
    ],
    "Joins": [
        "98-61",
        "98-66"
    ]
}