{
    "Query Number": "Synthetic_2848",
    "Query": "SELECT COUNT(*) FROM title t,cast_info ci,movie_info mi WHERE t.id=ci.movie_id AND t.id=mi.movie_id AND t.kind_id>1 AND t.production_year>2006 AND ci.person_id>3424824 AND ci.role_id>3;",
    "Cardinality": 6962778,
    "AND Predicate Norm": [
        [
            101,
            3,
            0.0
        ],
        [
            104,
            3,
            0.9064748201438849
        ],
        [
            24,
            3,
            0.8431526923810755
        ],
        [
            26,
            3,
            0.2
        ]
    ],
    "Tables": [
        16,
        2,
        17
    ],
    "Joins": [
        "98-21",
        "98-66"
    ]
}