{
    "Query Number": "Synthetic_2664",
    "Query": "SELECT COUNT(*) FROM title t,cast_info ci WHERE t.id=ci.movie_id AND t.kind_id=7 AND ci.person_id<3318933 AND ci.role_id>10;",
    "Cardinality": 60001,
    "AND Predicate Norm": [
        [
            101,
            2,
            1.0
        ],
        [
            24,
            1,
            0.8170835256682484
        ],
        [
            26,
            3,
            0.9
        ]
    ],
    "Tables": [
        16,
        2
    ],
    "Joins": [
        "98-21"
    ]
}