{
    "Query Number": "Synthetic_2264",
    "Query": "SELECT COUNT(*) FROM title t,movie_info_idx mi_idx,movie_keyword mk WHERE t.id=mi_idx.movie_id AND t.id=mk.movie_id AND t.kind_id=7 AND mi_idx.info_type_id<100 AND mk.keyword_id<6934;",
    "Cardinality": 194595,
    "AND Predicate Norm": [
        [
            101,
            2,
            1.0
        ],
        [
            70,
            1,
            0.07142857142857142
        ],
        [
            74,
            1,
            0.051673635489569124
        ]
    ],
    "Tables": [
        16,
        18,
        19
    ],
    "Joins": [
        "98-71",
        "98-75"
    ]
}