{
    "Query Number": "Synthetic_2427",
    "Query": "SELECT COUNT(*) FROM title t,movie_info_idx mi_idx,movie_keyword mk WHERE t.id=mi_idx.movie_id AND t.id=mk.movie_id AND t.production_year<1964 AND mi_idx.info_type_id<100;",
    "Cardinality": 620638,
    "AND Predicate Norm": [
        [
            104,
            1,
            0.60431654676259
        ],
        [
            70,
            1,
            0.07142857142857142
        ]
    ],
    "Tables": [
        16,
        18,
        19
    ],
    "Joins": [
        "98-71",
        "98-75"
    ]
}