{
    "Query Number": "Synthetic_2889",
    "Query": "SELECT COUNT(*) FROM title t,movie_info_idx mi_idx,movie_keyword mk WHERE t.id=mi_idx.movie_id AND t.id=mk.movie_id AND t.production_year>2011 AND mi_idx.info_type_id<100 AND mk.keyword_id<27642;",
    "Cardinality": 64674,
    "AND Predicate Norm": [
        [
            104,
            3,
            0.9424460431654677
        ],
        [
            70,
            1,
            0.07142857142857142
        ],
        [
            74,
            1,
            0.20601629288434736
        ]
    ],
    "Tables": [
        16,
        18,
        19
    ],
    "Joins": [
        "98-71",
        "98-75"
    ]
}