{
    "Query Number": "Synthetic_2221",
    "Query": "SELECT COUNT(*) FROM title t,movie_keyword mk WHERE t.id=mk.movie_id AND t.kind_id=7 AND t.production_year<1998 AND mk.keyword_id<15487;",
    "Cardinality": 154417,
    "AND Predicate Norm": [
        [
            101,
            2,
            1.0
        ],
        [
            104,
            1,
            0.8489208633093526
        ],
        [
            74,
            1,
            0.11542159515238244
        ]
    ],
    "Tables": [
        16,
        19
    ],
    "Joins": [
        "98-75"
    ]
}