{
    "Query Number": "Synthetic_2093",
    "Query": "SELECT COUNT(*) FROM title t,cast_info ci,movie_info mi WHERE t.id=ci.movie_id AND t.id=mi.movie_id AND t.production_year<1986 AND ci.role_id<2 AND mi.info_type_id>2;",
    "Cardinality": 45524551,
    "AND Predicate Norm": [
        [
            104,
            1,
            0.762589928057554
        ],
        [
            26,
            1,
            0.1
        ],
        [
            65,
            3,
            0.009174311926605505
        ]
    ],
    "Tables": [
        16,
        2,
        17
    ],
    "Joins": [
        "98-21",
        "98-66"
    ]
}