{
    "Query Number": "Synthetic_2801",
    "Query": "SELECT COUNT(*) FROM title t,cast_info ci WHERE t.id=ci.movie_id AND t.kind_id=4 AND ci.person_id>2664673 AND ci.role_id<3;",
    "Cardinality": 12018,
    "AND Predicate Norm": [
        [
            101,
            2,
            0.5
        ],
        [
            24,
            3,
            0.656012112483613
        ],
        [
            26,
            1,
            0.2
        ]
    ],
    "Tables": [
        16,
        2
    ],
    "Joins": [
        "98-21"
    ]
}