{
    "Query Number": "Synthetic_2001",
    "Query": "SELECT COUNT(*) FROM title t,movie_companies mc,movie_keyword mk WHERE t.id=mc.movie_id AND t.id=mk.movie_id AND t.production_year<2006 AND mc.company_id<424 AND mc.company_type_id>1 AND mk.keyword_id=4983;",
    "Cardinality": 6,
    "AND Predicate Norm": [
        [
            104,
            1,
            0.9064748201438849
        ],
        [
            58,
            1,
            0.001800030638819384
        ],
        [
            59,
            3,
            0.0
        ],
        [
            74,
            2,
            0.037132273475989235
        ]
    ],
    "Tables": [
        16,
        12,
        19
    ],
    "Joins": [
        "98-61",
        "98-75"
    ]
}