{
    "Query Number": "Synthetic_2452",
    "Query": "SELECT COUNT(*) FROM title t,movie_info mi,movie_keyword mk WHERE t.id=mi.movie_id AND t.id=mk.movie_id AND mi.info_type_id=98 AND mk.keyword_id>2088;",
    "Cardinality": 2751156,
    "AND Predicate Norm": [
        [
            65,
            2,
            0.8899082568807339
        ],
        [
            74,
            3,
            0.015555008981210264
        ]
    ],
    "Tables": [
        16,
        17,
        19
    ],
    "Joins": [
        "98-66",
        "98-75"
    ]
}