{
    "Query Number": "Synthetic_2663",
    "Query": "SELECT COUNT(*) FROM title t,movie_companies mc,cast_info ci WHERE t.id=mc.movie_id AND t.id=ci.movie_id AND t.kind_id=1 AND mc.company_id<1371 AND mc.company_type_id>1 AND ci.person_id<163891 AND ci.role_id>10;",
    "Cardinality": 273,
    "AND Predicate Norm": [
        [
            101,
            2,
            0.0
        ],
        [
            58,
            1,
            0.005829886466152615
        ],
        [
            59,
            3,
            0.0
        ],
        [
            24,
            1,
            0.04034786462083864
        ],
        [
            26,
            3,
            0.9
        ]
    ],
    "Tables": [
        16,
        12,
        2
    ],
    "Joins": [
        "98-61",
        "98-21"
    ]
}