{
    "Query Number": "Synthetic_2662",
    "Query": "SELECT COUNT(*) FROM title t,movie_info mi WHERE t.id=mi.movie_id AND t.kind_id=1 AND t.production_year>2007 AND mi.info_type_id=8;",
    "Cardinality": 199199,
    "AND Predicate Norm": [
        [
            101,
            2,
            0.0
        ],
        [
            104,
            3,
            0.9136690647482014
        ],
        [
            65,
            2,
            0.06422018348623854
        ]
    ],
    "Tables": [
        16,
        17
    ],
    "Joins": [
        "98-66"
    ]
}