{
    "Query Number": "Synthetic_2810",
    "Query": "SELECT COUNT(*) FROM title t,movie_info mi,movie_keyword mk WHERE t.id=mi.movie_id AND t.id=mk.movie_id AND t.production_year<1989 AND mi.info_type_id<15;",
    "Cardinality": 30526532,
    "AND Predicate Norm": [
        [
            104,
            1,
            0.7841726618705036
        ],
        [
            65,
            1,
            0.12844036697247707
        ]
    ],
    "Tables": [
        16,
        17,
        19
    ],
    "Joins": [
        "98-66",
        "98-75"
    ]
}