{
    "Query Number": "Synthetic_2757",
    "Query": "SELECT COUNT(*) FROM title t,movie_info mi,movie_keyword mk WHERE t.id=mi.movie_id AND t.id=mk.movie_id AND t.kind_id>1 AND mi.info_type_id>2 AND mk.keyword_id>18297;",
    "Cardinality": 4658281,
    "AND Predicate Norm": [
        [
            101,
            3,
            0.0
        ],
        [
            65,
            3,
            0.009174311926605505
        ],
        [
            74,
            3,
            0.13636533029239242
        ]
    ],
    "Tables": [
        16,
        17,
        19
    ],
    "Joins": [
        "98-66",
        "98-75"
    ]
}