{
    "Query Number": "Synthetic_2595",
    "Query": "SELECT COUNT(*) FROM title t,cast_info ci WHERE t.id=ci.movie_id AND t.kind_id=7 AND ci.person_id<3847619 AND ci.role_id>8;",
    "Cardinality": 2897147,
    "AND Predicate Norm": [
        [
            101,
            2,
            1.0
        ],
        [
            24,
            1,
            0.9472400401287567
        ],
        [
            26,
            3,
            0.7
        ]
    ],
    "Tables": [
        16,
        2
    ],
    "Joins": [
        "98-21"
    ]
}