{
    "Query Number": "Synthetic_2113",
    "Query": "SELECT COUNT(*) FROM title t,cast_info ci,movie_keyword mk WHERE t.id=ci.movie_id AND t.id=mk.movie_id AND t.production_year>2010 AND mk.keyword_id>8478;",
    "Cardinality": 7317287,
    "AND Predicate Norm": [
        [
            104,
            3,
            0.935251798561151
        ],
        [
            74,
            3,
            0.06318150988678457
        ]
    ],
    "Tables": [
        16,
        2,
        19
    ],
    "Joins": [
        "98-21",
        "98-75"
    ]
}