{
    "Query Number": "Synthetic_2429",
    "Query": "SELECT COUNT(*) FROM title t,movie_companies mc,movie_info mi WHERE t.id=mc.movie_id AND t.id=mi.movie_id AND t.kind_id=7 AND t.production_year>1957 AND mc.company_id<312 AND mc.company_type_id=2 AND mi.info_type_id>8;",
    "Cardinality": 158753,
    "AND Predicate Norm": [
        [
            101,
            2,
            1.0
        ],
        [
            104,
            3,
            0.5539568345323741
        ],
        [
            58,
            1,
            0.001323426781732455
        ],
        [
            59,
            2,
            1.0
        ],
        [
            65,
            3,
            0.06422018348623854
        ]
    ],
    "Tables": [
        16,
        12,
        17
    ],
    "Joins": [
        "98-61",
        "98-66"
    ]
}