{
    "Query Number": "Synthetic_2987",
    "Query": "SELECT COUNT(*) FROM title t,movie_companies mc,cast_info ci WHERE t.id=mc.movie_id AND t.id=ci.movie_id AND t.production_year>1991 AND mc.company_id<657;",
    "Cardinality": 12901308,
    "AND Predicate Norm": [
        [
            104,
            3,
            0.7985611510791367
        ],
        [
            58,
            1,
            0.002791536877223442
        ]
    ],
    "Tables": [
        16,
        12,
        2
    ],
    "Joins": [
        "98-61",
        "98-21"
    ]
}