{
    "Query Number": "Synthetic_2791",
    "Query": "SELECT COUNT(*) FROM title t,movie_companies mc,movie_info mi WHERE t.id=mc.movie_id AND t.id=mi.movie_id AND t.kind_id>1 AND mc.company_id>21705 AND mc.company_type_id=1;",
    "Cardinality": 278664,
    "AND Predicate Norm": [
        [
            101,
            3,
            0.0
        ],
        [
            58,
            3,
            0.09235901887691705
        ],
        [
            59,
            2,
            0.0
        ]
    ],
    "Tables": [
        16,
        12,
        17
    ],
    "Joins": [
        "98-61",
        "98-66"
    ]
}