{
    "Query Number": "Synthetic_2904",
    "Query": "SELECT COUNT(*) FROM title t,movie_companies mc WHERE t.id=mc.movie_id AND t.kind_id=4 AND mc.company_id<71767 AND mc.company_type_id=2;",
    "Cardinality": 42638,
    "AND Predicate Norm": [
        [
            101,
            2,
            0.5
        ],
        [
            58,
            1,
            0.3053924322116121
        ],
        [
            59,
            2,
            1.0
        ]
    ],
    "Tables": [
        16,
        12
    ],
    "Joins": [
        "98-61"
    ]
}