{
    "Query Number": "Synthetic_2067",
    "Query": "SELECT COUNT(*) FROM title t,cast_info ci,movie_keyword mk WHERE t.id=ci.movie_id AND t.id=mk.movie_id AND ci.role_id=1 AND mk.keyword_id<19127;",
    "Cardinality": 61691330,
    "AND Predicate Norm": [
        [
            26,
            2,
            0.0
        ],
        [
            74,
            1,
            0.1425515581095484
        ]
    ],
    "Tables": [
        16,
        2,
        19
    ],
    "Joins": [
        "98-21",
        "98-75"
    ]
}