{
    "Query Number": "Synthetic_2397",
    "Query": "SELECT COUNT(*) FROM title t,movie_info mi,movie_keyword mk WHERE t.id=mi.movie_id AND t.id=mk.movie_id AND t.kind_id>1 AND t.production_year<1993 AND mk.keyword_id>1079;",
    "Cardinality": 4840221,
    "AND Predicate Norm": [
        [
            101,
            3,
            0.0
        ],
        [
            104,
            1,
            0.8129496402877698
        ],
        [
            74,
            3,
            0.008034642875776073
        ]
    ],
    "Tables": [
        16,
        17,
        19
    ],
    "Joins": [
        "98-66",
        "98-75"
    ]
}