{
    "Query Number": "Synthetic_2071",
    "Query": "SELECT COUNT(*) FROM title t,cast_info ci,movie_info mi WHERE t.id=ci.movie_id AND t.id=mi.movie_id AND t.production_year<2008 AND ci.person_id<2170822 AND mi.info_type_id>9;",
    "Cardinality": 121293385,
    "AND Predicate Norm": [
        [
            104,
            1,
            0.920863309352518
        ],
        [
            24,
            1,
            0.5344315810853228
        ],
        [
            65,
            3,
            0.07339449541284404
        ]
    ],
    "Tables": [
        16,
        2,
        17
    ],
    "Joins": [
        "98-21",
        "98-66"
    ]
}