{
    "Query Number": "Synthetic_2723",
    "Query": "SELECT COUNT(*) FROM title t,movie_companies mc,movie_keyword mk WHERE t.id=mc.movie_id AND t.id=mk.movie_id AND t.production_year>1977 AND mc.company_id>12743;",
    "Cardinality": 9104765,
    "AND Predicate Norm": [
        [
            104,
            3,
            0.697841726618705
        ],
        [
            58,
            3,
            0.054222199526800456
        ]
    ],
    "Tables": [
        16,
        12,
        19
    ],
    "Joins": [
        "98-61",
        "98-75"
    ]
}