{
    "Query Number": "Synthetic_2038",
    "Query": "SELECT COUNT(*) FROM title t,cast_info ci,movie_info mi WHERE t.id=ci.movie_id AND t.id=mi.movie_id AND t.kind_id=7 AND t.production_year>2005 AND ci.role_id=1;",
    "Cardinality": 10091442,
    "AND Predicate Norm": [
        [
            101,
            2,
            1.0
        ],
        [
            104,
            3,
            0.8992805755395683
        ],
        [
            26,
            2,
            0.0
        ]
    ],
    "Tables": [
        16,
        2,
        17
    ],
    "Joins": [
        "98-21",
        "98-66"
    ]
}