{
    "Query Number": "Synthetic_2268",
    "Query": "SELECT COUNT(*) FROM title t,cast_info ci,movie_info_idx mi_idx WHERE t.id=ci.movie_id AND t.id=mi_idx.movie_id AND t.kind_id=4 AND ci.role_id=10;",
    "Cardinality": 142791,
    "AND Predicate Norm": [
        [
            101,
            2,
            0.5
        ],
        [
            26,
            2,
            0.9
        ]
    ],
    "Tables": [
        16,
        2,
        18
    ],
    "Joins": [
        "98-21",
        "98-71"
    ]
}