{
    "Query Number": "Synthetic_2717",
    "Query": "SELECT COUNT(*) FROM title t,movie_companies mc WHERE t.id=mc.movie_id AND t.production_year=2005 AND mc.company_id<116168 AND mc.company_type_id=1;",
    "Cardinality": 44162,
    "AND Predicate Norm": [
        [
            104,
            2,
            0.8992805755395683
        ],
        [
            58,
            1,
            0.4943360738055116
        ],
        [
            59,
            2,
            0.0
        ]
    ],
    "Tables": [
        16,
        12
    ],
    "Joins": [
        "98-61"
    ]
}