{
    "Query Number": "Synthetic_2832",
    "Query": "SELECT COUNT(*) FROM title t,cast_info ci,movie_keyword mk WHERE t.id=ci.movie_id AND t.id=mk.movie_id AND t.kind_id=1 AND t.production_year>2012 AND ci.role_id=1 AND mk.keyword_id>92804;",
    "Cardinality": 13261,
    "AND Predicate Norm": [
        [
            101,
            2,
            0.0
        ],
        [
            104,
            3,
            0.9496402877697842
        ],
        [
            26,
            2,
            0.0
        ],
        [
            74,
            3,
            0.6916873495367782
        ]
    ],
    "Tables": [
        16,
        2,
        19
    ],
    "Joins": [
        "98-21",
        "98-75"
    ]
}