{
    "Query Number": "Synthetic_2919",
    "Query": "SELECT COUNT(*) FROM title t,cast_info ci,movie_keyword mk WHERE t.id=ci.movie_id AND t.id=mk.movie_id AND ci.role_id<4 AND mk.keyword_id=2053;",
    "Cardinality": 47507,
    "AND Predicate Norm": [
        [
            26,
            1,
            0.3
        ],
        [
            74,
            2,
            0.015294143952775976
        ]
    ],
    "Tables": [
        16,
        2,
        19
    ],
    "Joins": [
        "98-21",
        "98-75"
    ]
}