{
    "Query Number": "Synthetic_2285",
    "Query": "SELECT COUNT(*) FROM title t,cast_info ci,movie_keyword mk WHERE t.id=ci.movie_id AND t.id=mk.movie_id AND t.kind_id=7 AND t.production_year>2008 AND ci.person_id>1918076 AND mk.keyword_id<12664;",
    "Cardinality": 2759896,
    "AND Predicate Norm": [
        [
            101,
            2,
            1.0
        ],
        [
            104,
            3,
            0.920863309352518
        ],
        [
            24,
            3,
            0.4722083741083353
        ],
        [
            74,
            1,
            0.09438096728752543
        ]
    ],
    "Tables": [
        16,
        2,
        19
    ],
    "Joins": [
        "98-21",
        "98-75"
    ]
}