{
    "Query Number": "Synthetic_2080",
    "Query": "SELECT COUNT(*) FROM title t,movie_info mi,movie_keyword mk WHERE t.id=mi.movie_id AND t.id=mk.movie_id AND t.production_year<2001 AND mk.keyword_id>3278;",
    "Cardinality": 75244346,
    "AND Predicate Norm": [
        [
            104,
            1,
            0.8705035971223022
        ],
        [
            74,
            3,
            0.02442441994797606
        ]
    ],
    "Tables": [
        16,
        17,
        19
    ],
    "Joins": [
        "98-66",
        "98-75"
    ]
}