{
    "Query Number": "Synthetic_2239",
    "Query": "SELECT COUNT(*) FROM title t,movie_companies mc,movie_info mi WHERE t.id=mc.movie_id AND t.id=mi.movie_id AND t.kind_id<3 AND mc.company_id>7588 AND mi.info_type_id>3;",
    "Cardinality": 27650821,
    "AND Predicate Norm": [
        [
            101,
            1,
            0.3333333333333333
        ],
        [
            58,
            3,
            0.03228565592605832
        ],
        [
            65,
            3,
            0.01834862385321101
        ]
    ],
    "Tables": [
        16,
        12,
        17
    ],
    "Joins": [
        "98-61",
        "98-66"
    ]
}