{
    "Query Number": "Synthetic_2548",
    "Query": "SELECT COUNT(*) FROM title t,movie_info_idx mi_idx,movie_keyword mk WHERE t.id=mi_idx.movie_id AND t.id=mk.movie_id AND t.production_year>2009 AND mk.keyword_id<10468;",
    "Cardinality": 563196,
    "AND Predicate Norm": [
        [
            104,
            3,
            0.9280575539568345
        ],
        [
            74,
            1,
            0.07801355007490553
        ]
    ],
    "Tables": [
        16,
        18,
        19
    ],
    "Joins": [
        "98-71",
        "98-75"
    ]
}