{
    "Query Number": "Synthetic_2402",
    "Query": "SELECT COUNT(*) FROM title t,movie_info mi,movie_keyword mk WHERE t.id=mi.movie_id AND t.id=mk.movie_id AND mi.info_type_id<11 AND mk.keyword_id>4095;",
    "Cardinality": 37223562,
    "AND Predicate Norm": [
        [
            65,
            1,
            0.09174311926605505
        ],
        [
            74,
            3,
            0.030513755040285015
        ]
    ],
    "Tables": [
        16,
        17,
        19
    ],
    "Joins": [
        "98-66",
        "98-75"
    ]
}