{
    "Query Number": "Synthetic_2196",
    "Query": "SELECT COUNT(*) FROM title t,cast_info ci,movie_info mi WHERE t.id=ci.movie_id AND t.id=mi.movie_id AND ci.person_id>3420485 AND ci.role_id>2;",
    "Cardinality": 72912618,
    "AND Predicate Norm": [
        [
            24,
            3,
            0.8420844796494273
        ],
        [
            26,
            3,
            0.1
        ]
    ],
    "Tables": [
        16,
        2,
        17
    ],
    "Joins": [
        "98-21",
        "98-66"
    ]
}