{
    "Query Number": "Synthetic_2846",
    "Query": "SELECT COUNT(*) FROM title t,movie_info_idx mi_idx,movie_keyword mk WHERE t.id=mi_idx.movie_id AND t.id=mk.movie_id AND t.kind_id<2 AND mk.keyword_id<5549;",
    "Cardinality": 3972373,
    "AND Predicate Norm": [
        [
            101,
            1,
            0.16666666666666666
        ],
        [
            74,
            1,
            0.041350833650098014
        ]
    ],
    "Tables": [
        16,
        18,
        19
    ],
    "Joins": [
        "98-71",
        "98-75"
    ]
}