{
    "Query Number": "Synthetic_2698",
    "Query": "SELECT COUNT(*) FROM title t,movie_companies mc,movie_keyword mk WHERE t.id=mc.movie_id AND t.id=mk.movie_id AND mc.company_id>10114 AND mk.keyword_id>8670;",
    "Cardinality": 6560138,
    "AND Predicate Norm": [
        [
            58,
            3,
            0.04303477506000102
        ],
        [
            74,
            3,
            0.06461254089990981
        ]
    ],
    "Tables": [
        16,
        12,
        19
    ],
    "Joins": [
        "98-61",
        "98-75"
    ]
}