{
    "Query Number": "Synthetic_2920",
    "Query": "SELECT COUNT(*) FROM title t,cast_info ci,movie_keyword mk WHERE t.id=ci.movie_id AND t.id=mk.movie_id AND t.kind_id<7 AND t.production_year=1948 AND ci.person_id<1709149 AND ci.role_id=3 AND mk.keyword_id>10018;",
    "Cardinality": 4565,
    "AND Predicate Norm": [
        [
            101,
            1,
            1.0
        ],
        [
            104,
            2,
            0.4892086330935252
        ],
        [
            24,
            1,
            0.4207729093964069
        ],
        [
            26,
            2,
            0.2
        ],
        [
            74,
            3,
            0.07465957113789326
        ]
    ],
    "Tables": [
        16,
        2,
        19
    ],
    "Joins": [
        "98-21",
        "98-75"
    ]
}