{
    "Query Number": "Synthetic_2602",
    "Query": "SELECT COUNT(*) FROM title t,movie_keyword mk WHERE t.id=mk.movie_id AND t.kind_id=7 AND t.production_year=1986 AND mk.keyword_id<782;",
    "Cardinality": 790,
    "AND Predicate Norm": [
        [
            101,
            2,
            1.0
        ],
        [
            104,
            2,
            0.762589928057554
        ],
        [
            74,
            1,
            0.005821016777347972
        ]
    ],
    "Tables": [
        16,
        19
    ],
    "Joins": [
        "98-75"
    ]
}