{
    "Query Number": "Synthetic_2706",
    "Query": "SELECT COUNT(*) FROM title t,movie_companies mc,movie_keyword mk WHERE t.id=mc.movie_id AND t.id=mk.movie_id AND mc.company_id>4626 AND mc.company_type_id>1;",
    "Cardinality": 6836148,
    "AND Predicate Norm": [
        [
            58,
            3,
            0.019681186062741492
        ],
        [
            59,
            3,
            0.0
        ]
    ],
    "Tables": [
        16,
        12,
        19
    ],
    "Joins": [
        "98-61",
        "98-75"
    ]
}