{
    "Query Number": "Synthetic_2102",
    "Query": "SELECT COUNT(*) FROM title t,cast_info ci,movie_info mi WHERE t.id=ci.movie_id AND t.id=mi.movie_id AND t.production_year<2007 AND ci.role_id=1 AND mi.info_type_id=6;",
    "Cardinality": 3231295,
    "AND Predicate Norm": [
        [
            104,
            1,
            0.9136690647482014
        ],
        [
            26,
            2,
            0.0
        ],
        [
            65,
            2,
            0.045871559633027525
        ]
    ],
    "Tables": [
        16,
        2,
        17
    ],
    "Joins": [
        "98-21",
        "98-66"
    ]
}