{
    "Query Number": "Synthetic_2771",
    "Query": "SELECT COUNT(*) FROM title t,movie_companies mc,cast_info ci WHERE t.id=mc.movie_id AND t.id=ci.movie_id AND t.production_year=1966 AND ci.person_id>3377109 AND ci.role_id>2;",
    "Cardinality": 23272,
    "AND Predicate Norm": [
        [
            104,
            2,
            0.6187050359712231
        ],
        [
            24,
            3,
            0.8314057989746241
        ],
        [
            26,
            3,
            0.1
        ]
    ],
    "Tables": [
        16,
        12,
        2
    ],
    "Joins": [
        "98-61",
        "98-21"
    ]
}