{
    "Query Number": "Synthetic_2554",
    "Query": "SELECT COUNT(*) FROM title t,movie_companies mc,cast_info ci WHERE t.id=mc.movie_id AND t.id=ci.movie_id AND t.kind_id=7 AND ci.role_id=5;",
    "Cardinality": 389305,
    "AND Predicate Norm": [
        [
            101,
            2,
            1.0
        ],
        [
            26,
            2,
            0.4
        ]
    ],
    "Tables": [
        16,
        12,
        2
    ],
    "Joins": [
        "98-61",
        "98-21"
    ]
}