{
    "Query Number": "Synthetic_2033",
    "Query": "SELECT COUNT(*) FROM title t,movie_info mi,movie_keyword mk WHERE t.id=mi.movie_id AND t.id=mk.movie_id AND t.kind_id>1 AND t.production_year<2005 AND mi.info_type_id=7 AND mk.keyword_id<47826;",
    "Cardinality": 850068,
    "AND Predicate Norm": [
        [
            101,
            3,
            0.0
        ],
        [
            104,
            1,
            0.8992805755395683
        ],
        [
            65,
            2,
            0.05504587155963303
        ],
        [
            74,
            1,
            0.35645342813913794
        ]
    ],
    "Tables": [
        16,
        17,
        19
    ],
    "Joins": [
        "98-66",
        "98-75"
    ]
}