{
    "Query Number": "Synthetic_2925",
    "Query": "SELECT COUNT(*) FROM title t,cast_info ci,movie_info mi WHERE t.id=ci.movie_id AND t.id=mi.movie_id AND t.production_year>1990 AND mi.info_type_id<3;",
    "Cardinality": 25738007,
    "AND Predicate Norm": [
        [
            104,
            3,
            0.7913669064748201
        ],
        [
            65,
            1,
            0.01834862385321101
        ]
    ],
    "Tables": [
        16,
        2,
        17
    ],
    "Joins": [
        "98-21",
        "98-66"
    ]
}