{
    "Query Number": "Synthetic_2883",
    "Query": "SELECT COUNT(*) FROM title t,cast_info ci,movie_keyword mk WHERE t.id=ci.movie_id AND t.id=mk.movie_id AND t.production_year=1997 AND ci.role_id>6 AND mk.keyword_id=12080;",
    "Cardinality": 1286,
    "AND Predicate Norm": [
        [
            104,
            2,
            0.841726618705036
        ],
        [
            26,
            3,
            0.5
        ],
        [
            74,
            2,
            0.09002824795593617
        ]
    ],
    "Tables": [
        16,
        2,
        19
    ],
    "Joins": [
        "98-21",
        "98-75"
    ]
}