{
    "Query Number": "Synthetic_2852",
    "Query": "SELECT COUNT(*) FROM title t,movie_companies mc,movie_info mi WHERE t.id=mc.movie_id AND t.id=mi.movie_id AND mc.company_id=313 AND mc.company_type_id<2 AND mi.info_type_id<18;",
    "Cardinality": 157,
    "AND Predicate Norm": [
        [
            58,
            2,
            0.0013276821733135883
        ],
        [
            59,
            1,
            1.0
        ],
        [
            65,
            1,
            0.1559633027522936
        ]
    ],
    "Tables": [
        16,
        12,
        17
    ],
    "Joins": [
        "98-61",
        "98-66"
    ]
}