{
    "Query Number": "Synthetic_2509",
    "Query": "SELECT COUNT(*) FROM title t,movie_info mi,movie_info_idx mi_idx WHERE t.id=mi.movie_id AND t.id=mi_idx.movie_id AND t.production_year<1921 AND mi.info_type_id<108;",
    "Cardinality": 203343,
    "AND Predicate Norm": [
        [
            104,
            1,
            0.2949640287769784
        ],
        [
            65,
            1,
            0.981651376146789
        ]
    ],
    "Tables": [
        16,
        17,
        18
    ],
    "Joins": [
        "98-66",
        "98-71"
    ]
}