{
    "Query Number": "Synthetic_2890",
    "Query": "SELECT COUNT(*) FROM title t,cast_info ci,movie_keyword mk WHERE t.id=ci.movie_id AND t.id=mk.movie_id AND t.kind_id<7 AND t.production_year=2008 AND ci.role_id<4;",
    "Cardinality": 5482738,
    "AND Predicate Norm": [
        [
            101,
            1,
            1.0
        ],
        [
            104,
            2,
            0.920863309352518
        ],
        [
            26,
            1,
            0.3
        ]
    ],
    "Tables": [
        16,
        2,
        19
    ],
    "Joins": [
        "98-21",
        "98-75"
    ]
}