{
    "Query Number": "Synthetic_2197",
    "Query": "SELECT COUNT(*) FROM title t,cast_info ci WHERE t.id=ci.movie_id AND t.production_year>1980 AND ci.person_id<1674553 AND ci.role_id>2;",
    "Cardinality": 3835855,
    "AND Predicate Norm": [
        [
            104,
            3,
            0.7194244604316546
        ],
        [
            24,
            1,
            0.4122557654314149
        ],
        [
            26,
            3,
            0.1
        ]
    ],
    "Tables": [
        16,
        2
    ],
    "Joins": [
        "98-21"
    ]
}