{
    "Query Number": "Synthetic_2224",
    "Query": "SELECT COUNT(*) FROM title t,movie_keyword mk WHERE t.id=mk.movie_id AND t.kind_id<7 AND t.production_year>2012 AND mk.keyword_id>9127;",
    "Cardinality": 12779,
    "AND Predicate Norm": [
        [
            101,
            1,
            1.0
        ],
        [
            104,
            3,
            0.9496402877697842
        ],
        [
            74,
            3,
            0.06801869284260895
        ]
    ],
    "Tables": [
        16,
        19
    ],
    "Joins": [
        "98-75"
    ]
}