{
    "Query Number": "Synthetic_2313",
    "Query": "SELECT COUNT(*) FROM title t,movie_companies mc,movie_info_idx mi_idx WHERE t.id=mc.movie_id AND t.id=mi_idx.movie_id AND t.production_year>2004 AND mc.company_id>34 AND mi_idx.info_type_id>101;",
    "Cardinality": 1538,
    "AND Predicate Norm": [
        [
            104,
            3,
            0.8920863309352518
        ],
        [
            58,
            3,
            0.00014042792217739878
        ],
        [
            70,
            3,
            0.14285714285714285
        ]
    ],
    "Tables": [
        16,
        12,
        18
    ],
    "Joins": [
        "98-61",
        "98-71"
    ]
}