{
    "Query Number": "Synthetic_2324",
    "Query": "SELECT COUNT(*) FROM title t,movie_info mi,movie_info_idx mi_idx WHERE t.id=mi.movie_id AND t.id=mi_idx.movie_id AND t.kind_id=2 AND t.production_year>2008 AND mi_idx.info_type_id<100;",
    "Cardinality": 65345,
    "AND Predicate Norm": [
        [
            101,
            2,
            0.16666666666666666
        ],
        [
            104,
            3,
            0.920863309352518
        ],
        [
            70,
            1,
            0.07142857142857142
        ]
    ],
    "Tables": [
        16,
        17,
        18
    ],
    "Joins": [
        "98-66",
        "98-71"
    ]
}