{
    "Query Number": "Synthetic_2758",
    "Query": "SELECT COUNT(*) FROM title t,cast_info ci,movie_info mi WHERE t.id=ci.movie_id AND t.id=mi.movie_id AND t.production_year=1990 AND mi.info_type_id>15;",
    "Cardinality": 2303172,
    "AND Predicate Norm": [
        [
            104,
            2,
            0.7913669064748201
        ],
        [
            65,
            3,
            0.12844036697247707
        ]
    ],
    "Tables": [
        16,
        2,
        17
    ],
    "Joins": [
        "98-21",
        "98-66"
    ]
}