{
    "Query Number": "Synthetic_2551",
    "Query": "SELECT COUNT(*) FROM title t,cast_info ci,movie_info mi WHERE t.id=ci.movie_id AND t.id=mi.movie_id AND ci.person_id>1735020 AND mi.info_type_id<2;",
    "Cardinality": 8062293,
    "AND Predicate Norm": [
        [
            24,
            3,
            0.42714205702961033
        ],
        [
            65,
            1,
            0.009174311926605505
        ]
    ],
    "Tables": [
        16,
        2,
        17
    ],
    "Joins": [
        "98-21",
        "98-66"
    ]
}