{
    "Query Number": "Synthetic_2672",
    "Query": "SELECT COUNT(*) FROM title t,movie_keyword mk WHERE t.id=mk.movie_id AND t.kind_id=6 AND t.production_year>2008 AND mk.keyword_id>9857;",
    "Cardinality": 2820,
    "AND Predicate Norm": [
        [
            101,
            2,
            0.8333333333333334
        ],
        [
            104,
            3,
            0.920863309352518
        ],
        [
            74,
            3,
            0.07345959200709552
        ]
    ],
    "Tables": [
        16,
        19
    ],
    "Joins": [
        "98-75"
    ]
}