{
    "Query Number": "Synthetic_2234",
    "Query": "SELECT COUNT(*) FROM title t,cast_info ci,movie_info_idx mi_idx WHERE t.id=ci.movie_id AND t.id=mi_idx.movie_id AND t.production_year=2001 AND ci.person_id<2816281 AND ci.role_id<2;",
    "Cardinality": 373311,
    "AND Predicate Norm": [
        [
            104,
            2,
            0.8705035971223022
        ],
        [
            24,
            1,
            0.6933362875976292
        ],
        [
            26,
            1,
            0.1
        ]
    ],
    "Tables": [
        16,
        2,
        18
    ],
    "Joins": [
        "98-21",
        "98-71"
    ]
}