{
    "Query Number": "Synthetic_2680",
    "Query": "SELECT COUNT(*) FROM title t,movie_info_idx mi_idx,movie_keyword mk WHERE t.id=mi_idx.movie_id AND t.id=mk.movie_id AND t.production_year>1972 AND mk.keyword_id>8918;",
    "Cardinality": 2850016,
    "AND Predicate Norm": [
        [
            104,
            3,
            0.6618705035971223
        ],
        [
            74,
            3,
            0.06646095595852991
        ]
    ],
    "Tables": [
        16,
        18,
        19
    ],
    "Joins": [
        "98-71",
        "98-75"
    ]
}