{
    "Query Number": "Synthetic_2574",
    "Query": "SELECT COUNT(*) FROM title t,cast_info ci,movie_info_idx mi_idx WHERE t.id=ci.movie_id AND t.id=mi_idx.movie_id AND t.kind_id>3 AND ci.person_id>447839 AND ci.role_id<2 AND mi_idx.info_type_id=100;",
    "Cardinality": 1252232,
    "AND Predicate Norm": [
        [
            101,
            3,
            0.3333333333333333
        ],
        [
            24,
            3,
            0.11025265114446968
        ],
        [
            26,
            1,
            0.1
        ],
        [
            70,
            2,
            0.07142857142857142
        ]
    ],
    "Tables": [
        16,
        2,
        18
    ],
    "Joins": [
        "98-21",
        "98-71"
    ]
}