{
    "Query Number": "Synthetic_2084",
    "Query": "SELECT COUNT(*) FROM title t,cast_info ci,movie_keyword mk WHERE t.id=ci.movie_id AND t.id=mk.movie_id AND t.kind_id=1 AND t.production_year<2012 AND mk.keyword_id<77;",
    "Cardinality": 2167301,
    "AND Predicate Norm": [
        [
            101,
            2,
            0.0
        ],
        [
            104,
            1,
            0.9496402877697842
        ],
        [
            74,
            1,
            0.0005664497760287399
        ]
    ],
    "Tables": [
        16,
        2,
        19
    ],
    "Joins": [
        "98-21",
        "98-75"
    ]
}