{
    "Query Number": "Synthetic_2754",
    "Query": "SELECT COUNT(*) FROM title t,cast_info ci,movie_info mi WHERE t.id=ci.movie_id AND t.id=mi.movie_id AND t.kind_id=7 AND ci.role_id=8;",
    "Cardinality": 2806973,
    "AND Predicate Norm": [
        [
            101,
            2,
            1.0
        ],
        [
            26,
            2,
            0.7
        ]
    ],
    "Tables": [
        16,
        2,
        17
    ],
    "Joins": [
        "98-21",
        "98-66"
    ]
}