{
    "Query Number": "Synthetic_2451",
    "Query": "SELECT COUNT(*) FROM title t,cast_info ci WHERE t.id=ci.movie_id AND t.production_year>2011 AND ci.person_id>2339435 AND ci.role_id=2;",
    "Cardinality": 249533,
    "AND Predicate Norm": [
        [
            104,
            3,
            0.9424460431654677
        ],
        [
            24,
            3,
            0.5759421948952775
        ],
        [
            26,
            2,
            0.1
        ]
    ],
    "Tables": [
        16,
        2
    ],
    "Joins": [
        "98-21"
    ]
}