{
    "Query Number": "Synthetic_2123",
    "Query": "SELECT COUNT(*) FROM title t,movie_companies mc WHERE t.id=mc.movie_id AND t.kind_id=7 AND t.production_year>2008 AND mc.company_id>86204 AND mc.company_type_id=2;",
    "Cardinality": 5132,
    "AND Predicate Norm": [
        [
            101,
            2,
            1.0
        ],
        [
            104,
            3,
            0.920863309352518
        ],
        [
            58,
            3,
            0.36682752046843353
        ],
        [
            59,
            2,
            1.0
        ]
    ],
    "Tables": [
        16,
        12
    ],
    "Joins": [
        "98-61"
    ]
}