{
    "Query Number": "Synthetic_2494",
    "Query": "SELECT COUNT(*) FROM title t,cast_info ci,movie_info mi WHERE t.id=ci.movie_id AND t.id=mi.movie_id AND t.kind_id=1 AND t.production_year<2004 AND ci.person_id>2198068 AND ci.role_id=2;",
    "Cardinality": 15905672,
    "AND Predicate Norm": [
        [
            101,
            2,
            0.0
        ],
        [
            104,
            1,
            0.8920863309352518
        ],
        [
            24,
            3,
            0.5411392381690947
        ],
        [
            26,
            2,
            0.1
        ]
    ],
    "Tables": [
        16,
        2,
        17
    ],
    "Joins": [
        "98-21",
        "98-66"
    ]
}