{
    "Query Number": "Synthetic_2472",
    "Query": "SELECT COUNT(*) FROM title t,cast_info ci,movie_info_idx mi_idx WHERE t.id=ci.movie_id AND t.id=mi_idx.movie_id AND t.kind_id<2 AND t.production_year>1968 AND ci.person_id<3893598 AND ci.role_id>1 AND mi_idx.info_type_id>101;",
    "Cardinality": 15385,
    "AND Predicate Norm": [
        [
            101,
            1,
            0.16666666666666666
        ],
        [
            104,
            3,
            0.6330935251798561
        ],
        [
            24,
            1,
            0.9585595499670723
        ],
        [
            26,
            3,
            0.0
        ],
        [
            70,
            3,
            0.14285714285714285
        ]
    ],
    "Tables": [
        16,
        2,
        18
    ],
    "Joins": [
        "98-21",
        "98-71"
    ]
}