{
    "Query Number": "Synthetic_2778",
    "Query": "SELECT COUNT(*) FROM title t,cast_info ci,movie_keyword mk WHERE t.id=ci.movie_id AND t.id=mk.movie_id AND t.kind_id<7 AND ci.person_id<1673546;",
    "Cardinality": 95157593,
    "AND Predicate Norm": [
        [
            101,
            1,
            1.0
        ],
        [
            24,
            1,
            0.41200785341925317
        ]
    ],
    "Tables": [
        16,
        2,
        19
    ],
    "Joins": [
        "98-21",
        "98-75"
    ]
}