{
    "Query Number": "Synthetic_2177",
    "Query": "SELECT COUNT(*) FROM title t,movie_info mi,movie_info_idx mi_idx WHERE t.id=mi.movie_id AND t.id=mi_idx.movie_id AND t.production_year<2008 AND mi.info_type_id=7 AND mi_idx.info_type_id=100;",
    "Cardinality": 511578,
    "AND Predicate Norm": [
        [
            104,
            1,
            0.920863309352518
        ],
        [
            65,
            2,
            0.05504587155963303
        ],
        [
            70,
            2,
            0.07142857142857142
        ]
    ],
    "Tables": [
        16,
        17,
        18
    ],
    "Joins": [
        "98-66",
        "98-71"
    ]
}