{
    "Query Number": "Synthetic_2732",
    "Query": "SELECT COUNT(*) FROM title t,movie_info mi WHERE t.id=mi.movie_id AND t.kind_id>3 AND t.production_year<1976 AND mi.info_type_id>7;",
    "Cardinality": 324908,
    "AND Predicate Norm": [
        [
            101,
            3,
            0.3333333333333333
        ],
        [
            104,
            1,
            0.6906474820143885
        ],
        [
            65,
            3,
            0.05504587155963303
        ]
    ],
    "Tables": [
        16,
        17
    ],
    "Joins": [
        "98-66"
    ]
}