{
    "Query Number": "Synthetic_2422",
    "Query": "SELECT COUNT(*) FROM title t,movie_info mi,movie_keyword mk WHERE t.id=mi.movie_id AND t.id=mk.movie_id AND t.kind_id<4 AND t.production_year=2001;",
    "Cardinality": 7363591,
    "AND Predicate Norm": [
        [
            101,
            1,
            0.5
        ],
        [
            104,
            2,
            0.8705035971223022
        ]
    ],
    "Tables": [
        16,
        17,
        19
    ],
    "Joins": [
        "98-66",
        "98-75"
    ]
}