{
    "Query Number": "Synthetic_2646",
    "Query": "SELECT COUNT(*) FROM title t,movie_info mi,movie_info_idx mi_idx WHERE t.id=mi.movie_id AND t.id=mi_idx.movie_id AND t.production_year<1986 AND mi.info_type_id=6;",
    "Cardinality": 294705,
    "AND Predicate Norm": [
        [
            104,
            1,
            0.762589928057554
        ],
        [
            65,
            2,
            0.045871559633027525
        ]
    ],
    "Tables": [
        16,
        17,
        18
    ],
    "Joins": [
        "98-66",
        "98-71"
    ]
}