{
    "Query Number": "Synthetic_2024",
    "Query": "SELECT COUNT(*) FROM title t,movie_companies mc,cast_info ci WHERE t.id=mc.movie_id AND t.id=ci.movie_id AND t.kind_id=1 AND t.production_year>2000 AND mc.company_type_id>1 AND ci.role_id=10;",
    "Cardinality": 1798209,
    "AND Predicate Norm": [
        [
            101,
            2,
            0.0
        ],
        [
            104,
            3,
            0.8633093525179856
        ],
        [
            59,
            3,
            0.0
        ],
        [
            26,
            2,
            0.9
        ]
    ],
    "Tables": [
        16,
        12,
        2
    ],
    "Joins": [
        "98-61",
        "98-21"
    ]
}