{
    "Query Number": "Synthetic_2057",
    "Query": "SELECT COUNT(*) FROM title t,movie_companies mc,cast_info ci WHERE t.id=mc.movie_id AND t.id=ci.movie_id AND t.kind_id=2 AND mc.company_id=9969 AND mc.company_type_id<2 AND ci.person_id>3016198 AND ci.role_id=3;",
    "Cardinality": 1,
    "AND Predicate Norm": [
        [
            101,
            2,
            0.16666666666666666
        ],
        [
            58,
            2,
            0.04241774328073669
        ],
        [
            59,
            1,
            1.0
        ],
        [
            24,
            3,
            0.7425535922007422
        ],
        [
            26,
            2,
            0.2
        ]
    ],
    "Tables": [
        16,
        12,
        2
    ],
    "Joins": [
        "98-61",
        "98-21"
    ]
}