{
    "Query Number": "Synthetic_2468",
    "Query": "SELECT COUNT(*) FROM title t,movie_info_idx mi_idx,movie_keyword mk WHERE t.id=mi_idx.movie_id AND t.id=mk.movie_id AND t.kind_id=7 AND mk.keyword_id=20001;",
    "Cardinality": 6,
    "AND Predicate Norm": [
        [
            101,
            2,
            1.0
        ],
        [
            74,
            2,
            0.14906573053387892
        ]
    ],
    "Tables": [
        16,
        18,
        19
    ],
    "Joins": [
        "98-71",
        "98-75"
    ]
}