{
    "Query Number": "Synthetic_2065",
    "Query": "SELECT COUNT(*) FROM title t,cast_info ci,movie_keyword mk WHERE t.id=ci.movie_id AND t.id=mk.movie_id AND t.kind_id<7 AND mk.keyword_id>1226;",
    "Cardinality": 149522368,
    "AND Predicate Norm": [
        [
            101,
            1,
            1.0
        ],
        [
            74,
            3,
            0.009130275995200084
        ]
    ],
    "Tables": [
        16,
        2,
        19
    ],
    "Joins": [
        "98-21",
        "98-75"
    ]
}