{
    "Query Number": "Synthetic_2643",
    "Query": "SELECT COUNT(*) FROM title t,cast_info ci,movie_info mi WHERE t.id=ci.movie_id AND t.id=mi.movie_id AND t.production_year>1954 AND ci.role_id=10;",
    "Cardinality": 109997954,
    "AND Predicate Norm": [
        [
            104,
            3,
            0.5323741007194245
        ],
        [
            26,
            2,
            0.9
        ]
    ],
    "Tables": [
        16,
        2,
        17
    ],
    "Joins": [
        "98-21",
        "98-66"
    ]
}