{
    "Query Number": "Synthetic_2477",
    "Query": "SELECT COUNT(*) FROM title t,movie_companies mc,movie_info mi WHERE t.id=mc.movie_id AND t.id=mi.movie_id AND t.production_year=1996 AND mc.company_id=114 AND mc.company_type_id=2;",
    "Cardinality": 151,
    "AND Predicate Norm": [
        [
            104,
            2,
            0.8345323741007195
        ],
        [
            58,
            2,
            0.0004808592486680624
        ],
        [
            59,
            2,
            1.0
        ]
    ],
    "Tables": [
        16,
        12,
        17
    ],
    "Joins": [
        "98-61",
        "98-66"
    ]
}