{
    "Query Number": "Synthetic_2974",
    "Query": "SELECT COUNT(*) FROM title t,cast_info ci,movie_info_idx mi_idx WHERE t.id=ci.movie_id AND t.id=mi_idx.movie_id AND ci.person_id<1512033 AND ci.role_id>4 AND mi_idx.info_type_id>99;",
    "Cardinality": 1832689,
    "AND Predicate Norm": [
        [
            24,
            1,
            0.372245179317688
        ],
        [
            26,
            3,
            0.3
        ],
        [
            70,
            3,
            0.0
        ]
    ],
    "Tables": [
        16,
        2,
        18
    ],
    "Joins": [
        "98-21",
        "98-71"
    ]
}