{
    "Query Number": "Synthetic_2182",
    "Query": "SELECT COUNT(*) FROM title t,movie_companies mc WHERE t.id=mc.movie_id AND t.kind_id=1 AND t.production_year<1960 AND mc.company_id=4625 AND mc.company_type_id=2;",
    "Cardinality": 1258,
    "AND Predicate Norm": [
        [
            101,
            2,
            0.0
        ],
        [
            104,
            1,
            0.5755395683453237
        ],
        [
            58,
            2,
            0.01967693067116036
        ],
        [
            59,
            2,
            1.0
        ]
    ],
    "Tables": [
        16,
        12
    ],
    "Joins": [
        "98-61"
    ]
}