{
    "Query Number": "Synthetic_2078",
    "Query": "SELECT COUNT(*) FROM title t,movie_keyword mk WHERE t.id=mk.movie_id AND t.kind_id=7 AND t.production_year=1959 AND mk.keyword_id<6196;",
    "Cardinality": 2826,
    "AND Predicate Norm": [
        [
            101,
            2,
            1.0
        ],
        [
            104,
            2,
            0.5683453237410072
        ],
        [
            74,
            1,
            0.046173110032868996
        ]
    ],
    "Tables": [
        16,
        19
    ],
    "Joins": [
        "98-75"
    ]
}