{
    "Query Number": "Synthetic_2868",
    "Query": "SELECT COUNT(*) FROM title t,movie_info mi,movie_keyword mk WHERE t.id=mi.movie_id AND t.id=mk.movie_id AND t.production_year<1958 AND mi.info_type_id=98;",
    "Cardinality": 692200,
    "AND Predicate Norm": [
        [
            104,
            1,
            0.5611510791366906
        ],
        [
            65,
            2,
            0.8899082568807339
        ]
    ],
    "Tables": [
        16,
        17,
        19
    ],
    "Joins": [
        "98-66",
        "98-75"
    ]
}