{
    "Query Number": "Synthetic_2728",
    "Query": "SELECT COUNT(*) FROM title t,movie_info_idx mi_idx,movie_keyword mk WHERE t.id=mi_idx.movie_id AND t.id=mk.movie_id AND t.kind_id=7 AND mi_idx.info_type_id<101 AND mk.keyword_id<2359;",
    "Cardinality": 213876,
    "AND Predicate Norm": [
        [
            101,
            2,
            1.0
        ],
        [
            70,
            1,
            0.14285714285714285
        ],
        [
            74,
            1,
            0.017574849629944322
        ]
    ],
    "Tables": [
        16,
        18,
        19
    ],
    "Joins": [
        "98-71",
        "98-75"
    ]
}