{
    "Query Number": "Synthetic_2003",
    "Query": "SELECT COUNT(*) FROM title t,cast_info ci,movie_keyword mk WHERE t.id=ci.movie_id AND t.id=mk.movie_id AND t.production_year>1964 AND ci.person_id<2324401;",
    "Cardinality": 114611775,
    "AND Predicate Norm": [
        [
            104,
            3,
            0.60431654676259
        ],
        [
            24,
            1,
            0.5722409941099356
        ]
    ],
    "Tables": [
        16,
        2,
        19
    ],
    "Joins": [
        "98-21",
        "98-75"
    ]
}