{
    "Query Number": "Synthetic_2954",
    "Query": "SELECT COUNT(*) FROM title t,movie_info mi,movie_keyword mk WHERE t.id=mi.movie_id AND t.id=mk.movie_id AND t.production_year=1980 AND mi.info_type_id>105;",
    "Cardinality": 57605,
    "AND Predicate Norm": [
        [
            104,
            2,
            0.7194244604316546
        ],
        [
            65,
            3,
            0.9541284403669725
        ]
    ],
    "Tables": [
        16,
        17,
        19
    ],
    "Joins": [
        "98-66",
        "98-75"
    ]
}