{
    "Query Number": "Synthetic_2389",
    "Query": "SELECT COUNT(*) FROM title t,movie_info mi WHERE t.id=mi.movie_id AND t.kind_id<2 AND t.production_year<2004 AND mi.info_type_id<105;",
    "Cardinality": 5058835,
    "AND Predicate Norm": [
        [
            101,
            1,
            0.16666666666666666
        ],
        [
            104,
            1,
            0.8920863309352518
        ],
        [
            65,
            1,
            0.9541284403669725
        ]
    ],
    "Tables": [
        16,
        17
    ],
    "Joins": [
        "98-66"
    ]
}