{
    "Query Number": "Synthetic_2929",
    "Query": "SELECT COUNT(*) FROM title t,movie_info mi,movie_keyword mk WHERE t.id=mi.movie_id AND t.id=mk.movie_id AND t.kind_id<7 AND t.production_year=2010 AND mi.info_type_id=2 AND mk.keyword_id>270;",
    "Cardinality": 126500,
    "AND Predicate Norm": [
        [
            101,
            1,
            1.0
        ],
        [
            104,
            2,
            0.935251798561151
        ],
        [
            65,
            2,
            0.009174311926605505
        ],
        [
            74,
            3,
            0.0020049340756806712
        ]
    ],
    "Tables": [
        16,
        17,
        19
    ],
    "Joins": [
        "98-66",
        "98-75"
    ]
}