{
    "Query Number": "Synthetic_2637",
    "Query": "SELECT COUNT(*) FROM title t,movie_keyword mk WHERE t.id=mk.movie_id AND t.kind_id=7 AND t.production_year<1965 AND mk.keyword_id=7464;",
    "Cardinality": 2,
    "AND Predicate Norm": [
        [
            101,
            2,
            1.0
        ],
        [
            104,
            1,
            0.6115107913669064
        ],
        [
            74,
            2,
            0.05562387734871692
        ]
    ],
    "Tables": [
        16,
        19
    ],
    "Joins": [
        "98-75"
    ]
}