{
    "Query Number": "Synthetic_2260",
    "Query": "SELECT COUNT(*) FROM title t,movie_info_idx mi_idx,movie_keyword mk WHERE t.id=mi_idx.movie_id AND t.id=mk.movie_id AND t.production_year<1955 AND mi_idx.info_type_id>101;",
    "Cardinality": 5772,
    "AND Predicate Norm": [
        [
            104,
            1,
            0.539568345323741
        ],
        [
            70,
            3,
            0.14285714285714285
        ]
    ],
    "Tables": [
        16,
        18,
        19
    ],
    "Joins": [
        "98-71",
        "98-75"
    ]
}