{
    "Query Number": "Synthetic_2144",
    "Query": "SELECT COUNT(*) FROM title t,movie_companies mc,movie_info_idx mi_idx WHERE t.id=mc.movie_id AND t.id=mi_idx.movie_id AND t.production_year>2008 AND mc.company_id>253 AND mc.company_type_id=1;",
    "Cardinality": 306800,
    "AND Predicate Norm": [
        [
            104,
            3,
            0.920863309352518
        ],
        [
            58,
            3,
            0.0010723586784455905
        ],
        [
            59,
            2,
            0.0
        ]
    ],
    "Tables": [
        16,
        12,
        18
    ],
    "Joins": [
        "98-61",
        "98-71"
    ]
}