{
    "Query Number": "Synthetic_2119",
    "Query": "SELECT COUNT(*) FROM title t,cast_info ci,movie_keyword mk WHERE t.id=ci.movie_id AND t.id=mk.movie_id AND t.production_year<1976 AND mk.keyword_id<3654;",
    "Cardinality": 16112483,
    "AND Predicate Norm": [
        [
            104,
            1,
            0.6906474820143885
        ],
        [
            74,
            1,
            0.027226855682012982
        ]
    ],
    "Tables": [
        16,
        2,
        19
    ],
    "Joins": [
        "98-21",
        "98-75"
    ]
}