{
    "Query Number": "Synthetic_2257",
    "Query": "SELECT COUNT(*) FROM title t,movie_companies mc,movie_info_idx mi_idx WHERE t.id=mc.movie_id AND t.id=mi_idx.movie_id AND t.production_year=2009 AND mc.company_id>1675 AND mi_idx.info_type_id<101;",
    "Cardinality": 88338,
    "AND Predicate Norm": [
        [
            104,
            2,
            0.9280575539568345
        ],
        [
            58,
            3,
            0.007123525506817137
        ],
        [
            70,
            1,
            0.14285714285714285
        ]
    ],
    "Tables": [
        16,
        12,
        18
    ],
    "Joins": [
        "98-61",
        "98-71"
    ]
}