{
    "Query Number": "Synthetic_2474",
    "Query": "SELECT COUNT(*) FROM title t,movie_companies mc,cast_info ci WHERE t.id=mc.movie_id AND t.id=ci.movie_id AND mc.company_id>29599 AND ci.role_id>1;",
    "Cardinality": 13778220,
    "AND Predicate Norm": [
        [
            58,
            3,
            0.1259510800183833
        ],
        [
            26,
            3,
            0.0
        ]
    ],
    "Tables": [
        16,
        12,
        2
    ],
    "Joins": [
        "98-61",
        "98-21"
    ]
}