{
    "Query Number": "Synthetic_2202",
    "Query": "SELECT COUNT(*) FROM title t,movie_companies mc,movie_info_idx mi_idx WHERE t.id=mc.movie_id AND t.id=mi_idx.movie_id AND t.kind_id=7 AND mc.company_id=6 AND mc.company_type_id<2;",
    "Cardinality": 44013,
    "AND Predicate Norm": [
        [
            101,
            2,
            1.0
        ],
        [
            58,
            2,
            2.127695790566648e-05
        ],
        [
            59,
            1,
            1.0
        ]
    ],
    "Tables": [
        16,
        12,
        18
    ],
    "Joins": [
        "98-61",
        "98-71"
    ]
}