{
    "Query Number": "Synthetic_2502",
    "Query": "SELECT COUNT(*) FROM title t,movie_companies mc,movie_info mi WHERE t.id=mc.movie_id AND t.id=mi.movie_id AND t.kind_id<6 AND mc.company_id<43866 AND mc.company_type_id<2 AND mi.info_type_id<7;",
    "Cardinality": 9068632,
    "AND Predicate Norm": [
        [
            101,
            1,
            0.8333333333333334
        ],
        [
            58,
            1,
            0.18666275170641203
        ],
        [
            59,
            1,
            1.0
        ],
        [
            65,
            1,
            0.05504587155963303
        ]
    ],
    "Tables": [
        16,
        12,
        17
    ],
    "Joins": [
        "98-61",
        "98-66"
    ]
}