{
    "Query Number": "Synthetic_2291",
    "Query": "SELECT COUNT(*) FROM title t,movie_info mi,movie_info_idx mi_idx WHERE t.id=mi.movie_id AND t.id=mi_idx.movie_id AND t.kind_id<4 AND t.production_year=2013 AND mi.info_type_id>16 AND mi_idx.info_type_id=99;",
    "Cardinality": 6547,
    "AND Predicate Norm": [
        [
            101,
            1,
            0.5
        ],
        [
            104,
            2,
            0.9568345323741008
        ],
        [
            65,
            3,
            0.13761467889908258
        ],
        [
            70,
            2,
            0.0
        ]
    ],
    "Tables": [
        16,
        17,
        18
    ],
    "Joins": [
        "98-66",
        "98-71"
    ]
}