{
    "Query Number": "Synthetic_2807",
    "Query": "SELECT COUNT(*) FROM title t,cast_info ci,movie_info_idx mi_idx WHERE t.id=ci.movie_id AND t.id=mi_idx.movie_id AND t.kind_id>2 AND t.production_year>2010 AND ci.role_id>1 AND mi_idx.info_type_id=99;",
    "Cardinality": 660467,
    "AND Predicate Norm": [
        [
            101,
            3,
            0.16666666666666666
        ],
        [
            104,
            3,
            0.935251798561151
        ],
        [
            26,
            3,
            0.0
        ],
        [
            70,
            2,
            0.0
        ]
    ],
    "Tables": [
        16,
        2,
        18
    ],
    "Joins": [
        "98-21",
        "98-71"
    ]
}