{
    "Query Number": "Synthetic_2462",
    "Query": "SELECT COUNT(*) FROM title t,movie_info mi WHERE t.id=mi.movie_id AND t.kind_id=4 AND t.production_year=1999 AND mi.info_type_id=7;",
    "Cardinality": 769,
    "AND Predicate Norm": [
        [
            101,
            2,
            0.5
        ],
        [
            104,
            2,
            0.8561151079136691
        ],
        [
            65,
            2,
            0.05504587155963303
        ]
    ],
    "Tables": [
        16,
        17
    ],
    "Joins": [
        "98-66"
    ]
}