{
    "Query Number": "Synthetic_2090",
    "Query": "SELECT COUNT(*) FROM title t,movie_companies mc WHERE t.id=mc.movie_id AND t.kind_id<7 AND mc.company_id=15607 AND mc.company_type_id>1;",
    "Cardinality": 33,
    "AND Predicate Norm": [
        [
            101,
            1,
            1.0
        ],
        [
            58,
            2,
            0.06640964101516622
        ],
        [
            59,
            3,
            0.0
        ]
    ],
    "Tables": [
        16,
        12
    ],
    "Joins": [
        "98-61"
    ]
}