{
    "Query Number": "Synthetic_2488",
    "Query": "SELECT COUNT(*) FROM title t,movie_info mi,movie_keyword mk WHERE t.id=mi.movie_id AND t.id=mk.movie_id AND t.production_year=1918 AND mk.keyword_id>12334;",
    "Cardinality": 13379,
    "AND Predicate Norm": [
        [
            104,
            2,
            0.2733812949640288
        ],
        [
            74,
            3,
            0.09192138273371643
        ]
    ],
    "Tables": [
        16,
        17,
        19
    ],
    "Joins": [
        "98-66",
        "98-75"
    ]
}