{
    "Query Number": "Synthetic_2625",
    "Query": "SELECT COUNT(*) FROM title t,movie_companies mc,movie_keyword mk WHERE t.id=mc.movie_id AND t.id=mk.movie_id AND mc.company_id=14569 AND mc.company_type_id<2;",
    "Cardinality": 869,
    "AND Predicate Norm": [
        [
            58,
            2,
            0.061992544553949855
        ],
        [
            59,
            1,
            1.0
        ]
    ],
    "Tables": [
        16,
        12,
        19
    ],
    "Joins": [
        "98-61",
        "98-75"
    ]
}