{
    "Query Number": "Synthetic_2932",
    "Query": "SELECT COUNT(*) FROM title t,movie_info mi WHERE t.id=mi.movie_id AND t.kind_id=1 AND t.production_year<2010 AND mi.info_type_id=1;",
    "Cardinality": 337372,
    "AND Predicate Norm": [
        [
            101,
            2,
            0.0
        ],
        [
            104,
            1,
            0.935251798561151
        ],
        [
            65,
            2,
            0.0
        ]
    ],
    "Tables": [
        16,
        17
    ],
    "Joins": [
        "98-66"
    ]
}