{
    "Query Number": "Synthetic_2830",
    "Query": "SELECT COUNT(*) FROM title t,movie_companies mc WHERE t.id=mc.movie_id AND t.production_year=1947 AND mc.company_id>67911 AND mc.company_type_id=2;",
    "Cardinality": 772,
    "AND Predicate Norm": [
        [
            104,
            2,
            0.48201438848920863
        ],
        [
            58,
            3,
            0.28898364227476214
        ],
        [
            59,
            2,
            1.0
        ]
    ],
    "Tables": [
        16,
        12
    ],
    "Joins": [
        "98-61"
    ]
}