{
    "Query Number": "Synthetic_2785",
    "Query": "SELECT COUNT(*) FROM title t,cast_info ci,movie_keyword mk WHERE t.id=ci.movie_id AND t.id=mk.movie_id AND t.kind_id=1 AND t.production_year=2011 AND ci.role_id<2;",
    "Cardinality": 1723656,
    "AND Predicate Norm": [
        [
            101,
            2,
            0.0
        ],
        [
            104,
            2,
            0.9424460431654677
        ],
        [
            26,
            1,
            0.1
        ]
    ],
    "Tables": [
        16,
        2,
        19
    ],
    "Joins": [
        "98-21",
        "98-75"
    ]
}