{
    "Query Number": "Synthetic_2764",
    "Query": "SELECT COUNT(*) FROM title t,cast_info ci,movie_info mi WHERE t.id=ci.movie_id AND t.id=mi.movie_id AND t.kind_id=1 AND ci.role_id>2 AND mi.info_type_id=2;",
    "Cardinality": 4725976,
    "AND Predicate Norm": [
        [
            101,
            2,
            0.0
        ],
        [
            26,
            3,
            0.1
        ],
        [
            65,
            2,
            0.009174311926605505
        ]
    ],
    "Tables": [
        16,
        2,
        17
    ],
    "Joins": [
        "98-21",
        "98-66"
    ]
}