{
    "Query Number": "Synthetic_2169",
    "Query": "SELECT COUNT(*) FROM title t,movie_companies mc,movie_info mi WHERE t.id=mc.movie_id AND t.id=mi.movie_id AND t.production_year<2005 AND mc.company_id=49;",
    "Cardinality": 110908,
    "AND Predicate Norm": [
        [
            104,
            1,
            0.8992805755395683
        ],
        [
            58,
            2,
            0.0002042587958943982
        ]
    ],
    "Tables": [
        16,
        12,
        17
    ],
    "Joins": [
        "98-61",
        "98-66"
    ]
}