{
    "Query Number": "Synthetic_2321",
    "Query": "SELECT COUNT(*) FROM title t,movie_companies mc,cast_info ci WHERE t.id=mc.movie_id AND t.id=ci.movie_id AND mc.company_type_id<2 AND ci.person_id<77948 AND ci.role_id<4;",
    "Cardinality": 723527,
    "AND Predicate Norm": [
        [
            59,
            1,
            1.0
        ],
        [
            24,
            1,
            0.019189669922512108
        ],
        [
            26,
            1,
            0.3
        ]
    ],
    "Tables": [
        16,
        12,
        2
    ],
    "Joins": [
        "98-61",
        "98-21"
    ]
}