{
    "Query Number": "Synthetic_2530",
    "Query": "SELECT COUNT(*) FROM title t,movie_companies mc,cast_info ci WHERE t.id=mc.movie_id AND t.id=ci.movie_id AND t.kind_id>4 AND t.production_year<1989;",
    "Cardinality": 4742249,
    "AND Predicate Norm": [
        [
            101,
            3,
            0.5
        ],
        [
            104,
            1,
            0.7841726618705036
        ]
    ],
    "Tables": [
        16,
        12,
        2
    ],
    "Joins": [
        "98-61",
        "98-21"
    ]
}