{
    "Query Number": "Synthetic_2842",
    "Query": "SELECT COUNT(*) FROM title t,movie_companies mc,movie_keyword mk WHERE t.id=mc.movie_id AND t.id=mk.movie_id AND mc.company_id<846 AND mc.company_type_id=2 AND mk.keyword_id=4333;",
    "Cardinality": 1207,
    "AND Predicate Norm": [
        [
            58,
            1,
            0.003595805886057635
        ],
        [
            59,
            2,
            1.0
        ],
        [
            74,
            2,
            0.03228763723363817
        ]
    ],
    "Tables": [
        16,
        12,
        19
    ],
    "Joins": [
        "98-61",
        "98-75"
    ]
}