{
    "Query Number": "Synthetic_2125",
    "Query": "SELECT COUNT(*) FROM title t,movie_companies mc,movie_info_idx mi_idx WHERE t.id=mc.movie_id AND t.id=mi_idx.movie_id AND t.kind_id=1 AND t.production_year>2004 AND mc.company_id>1010 AND mi_idx.info_type_id=99;",
    "Cardinality": 218062,
    "AND Predicate Norm": [
        [
            101,
            2,
            0.0
        ],
        [
            104,
            3,
            0.8920863309352518
        ],
        [
            58,
            3,
            0.004293690105363496
        ],
        [
            70,
            2,
            0.0
        ]
    ],
    "Tables": [
        16,
        12,
        18
    ],
    "Joins": [
        "98-61",
        "98-71"
    ]
}