{
    "Query Number": "Synthetic_2180",
    "Query": "SELECT COUNT(*) FROM title t,movie_companies mc WHERE t.id=mc.movie_id AND t.kind_id<7 AND mc.company_id<11 AND mc.company_type_id=2;",
    "Cardinality": 1264,
    "AND Predicate Norm": [
        [
            101,
            1,
            1.0
        ],
        [
            58,
            1,
            4.255391581133296e-05
        ],
        [
            59,
            2,
            1.0
        ]
    ],
    "Tables": [
        16,
        12
    ],
    "Joins": [
        "98-61"
    ]
}