{
    "Query Number": "Synthetic_2405",
    "Query": "SELECT COUNT(*) FROM title t,movie_companies mc,movie_info_idx mi_idx WHERE t.id=mc.movie_id AND t.id=mi_idx.movie_id AND t.kind_id=3 AND t.production_year>1997;",
    "Cardinality": 179184,
    "AND Predicate Norm": [
        [
            101,
            2,
            0.3333333333333333
        ],
        [
            104,
            3,
            0.841726618705036
        ]
    ],
    "Tables": [
        16,
        12,
        18
    ],
    "Joins": [
        "98-61",
        "98-71"
    ]
}