{
    "Query Number": "Synthetic_2969",
    "Query": "SELECT COUNT(*) FROM title t,cast_info ci,movie_keyword mk WHERE t.id=ci.movie_id AND t.id=mk.movie_id AND t.production_year<2006 AND ci.role_id>1;",
    "Cardinality": 85531548,
    "AND Predicate Norm": [
        [
            104,
            1,
            0.9064748201438849
        ],
        [
            26,
            3,
            0.0
        ]
    ],
    "Tables": [
        16,
        2,
        19
    ],
    "Joins": [
        "98-21",
        "98-75"
    ]
}