{
    "Query Number": "Synthetic_2596",
    "Query": "SELECT COUNT(*) FROM title t,cast_info ci,movie_keyword mk WHERE t.id=ci.movie_id AND t.id=mk.movie_id AND t.kind_id<7 AND mk.keyword_id<7979;",
    "Cardinality": 118627983,
    "AND Predicate Norm": [
        [
            101,
            1,
            1.0
        ],
        [
            74,
            1,
            0.0594623199099643
        ]
    ],
    "Tables": [
        16,
        2,
        19
    ],
    "Joins": [
        "98-21",
        "98-75"
    ]
}