{
    "Query Number": "Synthetic_2956",
    "Query": "SELECT COUNT(*) FROM title t,cast_info ci WHERE t.id=ci.movie_id AND t.kind_id=7 AND t.production_year>1997 AND ci.person_id<2935346 AND ci.role_id<3;",
    "Cardinality": 8078409,
    "AND Predicate Norm": [
        [
            101,
            2,
            1.0
        ],
        [
            104,
            3,
            0.841726618705036
        ],
        [
            24,
            1,
            0.7226487441299384
        ],
        [
            26,
            1,
            0.2
        ]
    ],
    "Tables": [
        16,
        2
    ],
    "Joins": [
        "98-21"
    ]
}