{
    "Query Number": "Synthetic_2644",
    "Query": "SELECT COUNT(*) FROM title t,cast_info ci WHERE t.id=ci.movie_id AND t.production_year>2012 AND ci.person_id<3080508 AND ci.role_id>2;",
    "Cardinality": 317184,
    "AND Predicate Norm": [
        [
            104,
            3,
            0.9496402877697842
        ],
        [
            24,
            1,
            0.75838598693969
        ],
        [
            26,
            3,
            0.1
        ]
    ],
    "Tables": [
        16,
        2
    ],
    "Joins": [
        "98-21"
    ]
}