{
    "Query Number": "Synthetic_2600",
    "Query": "SELECT COUNT(*) FROM title t,movie_companies mc,movie_keyword mk WHERE t.id=mc.movie_id AND t.id=mk.movie_id AND t.production_year=2011 AND mk.keyword_id<674;",
    "Cardinality": 134317,
    "AND Predicate Norm": [
        [
            104,
            2,
            0.9424460431654677
        ],
        [
            74,
            1,
            0.005016061832465025
        ]
    ],
    "Tables": [
        16,
        12,
        19
    ],
    "Joins": [
        "98-61",
        "98-75"
    ]
}