{
    "Query Number": "Synthetic_2799",
    "Query": "SELECT COUNT(*) FROM title t,cast_info ci,movie_info mi WHERE t.id=ci.movie_id AND t.id=mi.movie_id AND ci.person_id<646110 AND ci.role_id=1;",
    "Cardinality": 61597149,
    "AND Predicate Norm": [
        [
            24,
            1,
            0.15906472916166595
        ],
        [
            26,
            2,
            0.0
        ]
    ],
    "Tables": [
        16,
        2,
        17
    ],
    "Joins": [
        "98-21",
        "98-66"
    ]
}