{
    "Query Number": "Synthetic_2118",
    "Query": "SELECT COUNT(*) FROM title t,cast_info ci,movie_info_idx mi_idx WHERE t.id=ci.movie_id AND t.id=mi_idx.movie_id AND t.production_year<1984 AND ci.person_id<1356788;",
    "Cardinality": 4366492,
    "AND Predicate Norm": [
        [
            104,
            1,
            0.7482014388489209
        ],
        [
            24,
            1,
            0.3340256159333321
        ]
    ],
    "Tables": [
        16,
        2,
        18
    ],
    "Joins": [
        "98-21",
        "98-71"
    ]
}