{
    "Query Number": "Synthetic_2471",
    "Query": "SELECT COUNT(*) FROM title t,movie_info mi,movie_keyword mk WHERE t.id=mi.movie_id AND t.id=mk.movie_id AND t.kind_id=3 AND t.production_year<1965 AND mi.info_type_id<16 AND mk.keyword_id<10030;",
    "Cardinality": 36127,
    "AND Predicate Norm": [
        [
            101,
            2,
            0.3333333333333333
        ],
        [
            104,
            1,
            0.6115107913669064
        ],
        [
            65,
            1,
            0.13761467889908258
        ],
        [
            74,
            1,
            0.07474901057621358
        ]
    ],
    "Tables": [
        16,
        17,
        19
    ],
    "Joins": [
        "98-66",
        "98-75"
    ]
}