{
    "Query Number": "Synthetic_2567",
    "Query": "SELECT COUNT(*) FROM title t,movie_companies mc,cast_info ci WHERE t.id=mc.movie_id AND t.id=ci.movie_id AND mc.company_id<76379 AND mc.company_type_id<2;",
    "Cardinality": 47470011,
    "AND Predicate Norm": [
        [
            58,
            1,
            0.32501829818379885
        ],
        [
            59,
            1,
            1.0
        ]
    ],
    "Tables": [
        16,
        12,
        2
    ],
    "Joins": [
        "98-61",
        "98-21"
    ]
}