{
    "Query Number": "Synthetic_2965",
    "Query": "SELECT COUNT(*) FROM title t,movie_info_idx mi_idx WHERE t.id=mi_idx.movie_id AND t.production_year>1961 AND mi_idx.info_type_id=101;",
    "Cardinality": 410873,
    "AND Predicate Norm": [
        [
            104,
            3,
            0.5827338129496403
        ],
        [
            70,
            2,
            0.14285714285714285
        ]
    ],
    "Tables": [
        16,
        18
    ],
    "Joins": [
        "98-71"
    ]
}