{
    "Query Number": "Synthetic_2943",
    "Query": "SELECT COUNT(*) FROM title t,movie_keyword mk WHERE t.id=mk.movie_id AND t.kind_id=1 AND t.production_year<2002 AND mk.keyword_id>14873;",
    "Cardinality": 487301,
    "AND Predicate Norm": [
        [
            101,
            2,
            0.0
        ],
        [
            104,
            1,
            0.8776978417266187
        ],
        [
            74,
            3,
            0.11084527722499236
        ]
    ],
    "Tables": [
        16,
        19
    ],
    "Joins": [
        "98-75"
    ]
}