{
    "Query Number": "Synthetic_2318",
    "Query": "SELECT COUNT(*) FROM title t,movie_companies mc,movie_info_idx mi_idx WHERE t.id=mc.movie_id AND t.id=mi_idx.movie_id AND t.production_year>1960 AND mc.company_id<77508 AND mc.company_type_id=1;",
    "Cardinality": 1967169,
    "AND Predicate Norm": [
        [
            104,
            3,
            0.5755395683453237
        ],
        [
            58,
            1,
            0.3298226352788984
        ],
        [
            59,
            2,
            0.0
        ]
    ],
    "Tables": [
        16,
        12,
        18
    ],
    "Joins": [
        "98-61",
        "98-71"
    ]
}