{
    "Query Number": "Synthetic_2227",
    "Query": "SELECT COUNT(*) FROM title t,movie_companies mc,cast_info ci WHERE t.id=mc.movie_id AND t.id=ci.movie_id AND t.kind_id<7 AND mc.company_id=18644 AND ci.person_id>1788016;",
    "Cardinality": 158,
    "AND Predicate Norm": [
        [
            101,
            1,
            1.0
        ],
        [
            58,
            2,
            0.07933326524706803
        ],
        [
            24,
            3,
            0.44018907291493564
        ]
    ],
    "Tables": [
        16,
        12,
        2
    ],
    "Joins": [
        "98-61",
        "98-21"
    ]
}