{
    "Query Number": "Synthetic_2288",
    "Query": "SELECT COUNT(*) FROM title t,movie_info mi,movie_keyword mk WHERE t.id=mi.movie_id AND t.id=mk.movie_id AND t.kind_id<7 AND mk.keyword_id<52544;",
    "Cardinality": 211166869,
    "AND Predicate Norm": [
        [
            101,
            1,
            1.0
        ],
        [
            74,
            1,
            0.39161803397208
        ]
    ],
    "Tables": [
        16,
        17,
        19
    ],
    "Joins": [
        "98-66",
        "98-75"
    ]
}