{
    "Query Number": "Synthetic_2914",
    "Query": "SELECT COUNT(*) FROM title t,movie_info_idx mi_idx,movie_keyword mk WHERE t.id=mi_idx.movie_id AND t.id=mk.movie_id AND t.production_year<1999 AND mk.keyword_id=918;",
    "Cardinality": 582,
    "AND Predicate Norm": [
        [
            104,
            1,
            0.8561151079136691
        ],
        [
            74,
            2,
            0.0068346637449783485
        ]
    ],
    "Tables": [
        16,
        18,
        19
    ],
    "Joins": [
        "98-71",
        "98-75"
    ]
}