{
    "Query Number": "Synthetic_2999",
    "Query": "SELECT COUNT(*) FROM title t,movie_companies mc WHERE t.id=mc.movie_id AND t.kind_id>1 AND t.production_year<1999 AND mc.company_type_id>1;",
    "Cardinality": 299430,
    "AND Predicate Norm": [
        [
            101,
            3,
            0.0
        ],
        [
            104,
            1,
            0.8561151079136691
        ],
        [
            59,
            3,
            0.0
        ]
    ],
    "Tables": [
        16,
        12
    ],
    "Joins": [
        "98-61"
    ]
}