{
    "Query Number": "Synthetic_2303",
    "Query": "SELECT COUNT(*) FROM title t,movie_info mi WHERE t.id=mi.movie_id AND t.kind_id=7 AND t.production_year=1997 AND mi.info_type_id>15;",
    "Cardinality": 33197,
    "AND Predicate Norm": [
        [
            101,
            2,
            1.0
        ],
        [
            104,
            2,
            0.841726618705036
        ],
        [
            65,
            3,
            0.12844036697247707
        ]
    ],
    "Tables": [
        16,
        17
    ],
    "Joins": [
        "98-66"
    ]
}