{
    "Query Number": "Synthetic_2270",
    "Query": "SELECT COUNT(*) FROM title t,cast_info ci,movie_keyword mk WHERE t.id=ci.movie_id AND t.id=mk.movie_id AND t.kind_id=7 AND t.production_year>1969;",
    "Cardinality": 20500437,
    "AND Predicate Norm": [
        [
            101,
            2,
            1.0
        ],
        [
            104,
            3,
            0.6402877697841727
        ]
    ],
    "Tables": [
        16,
        2,
        19
    ],
    "Joins": [
        "98-21",
        "98-75"
    ]
}