{
    "Query Number": "Synthetic_2535",
    "Query": "SELECT COUNT(*) FROM title t,cast_info ci,movie_keyword mk WHERE t.id=ci.movie_id AND t.id=mk.movie_id AND t.kind_id=7 AND t.production_year<2013 AND ci.person_id<2331224 AND ci.role_id>3 AND mk.keyword_id<61198;",
    "Cardinality": 2752156,
    "AND Predicate Norm": [
        [
            101,
            2,
            1.0
        ],
        [
            104,
            1,
            0.9568345323741008
        ],
        [
            24,
            1,
            0.5739207395508288
        ],
        [
            26,
            3,
            0.2
        ],
        [
            74,
            1,
            0.4561187755740894
        ]
    ],
    "Tables": [
        16,
        2,
        19
    ],
    "Joins": [
        "98-21",
        "98-75"
    ]
}