{
    "Query Number": "Synthetic_2844",
    "Query": "SELECT COUNT(*) FROM title t,cast_info ci,movie_info mi WHERE t.id=ci.movie_id AND t.id=mi.movie_id AND t.production_year<2010 AND ci.person_id>999029 AND ci.role_id=3 AND mi.info_type_id>16;",
    "Cardinality": 5157653,
    "AND Predicate Norm": [
        [
            104,
            1,
            0.935251798561151
        ],
        [
            24,
            3,
            0.24594939591449866
        ],
        [
            26,
            2,
            0.2
        ],
        [
            65,
            3,
            0.13761467889908258
        ]
    ],
    "Tables": [
        16,
        2,
        17
    ],
    "Joins": [
        "98-21",
        "98-66"
    ]
}