{
    "Query Number": "Synthetic_2794",
    "Query": "SELECT COUNT(*) FROM title t,movie_companies mc,cast_info ci WHERE t.id=mc.movie_id AND t.id=ci.movie_id AND t.kind_id<7 AND t.production_year=1977 AND mc.company_type_id>1 AND ci.person_id<3407843 AND ci.role_id>10;",
    "Cardinality": 462,
    "AND Predicate Norm": [
        [
            101,
            1,
            1.0
        ],
        [
            104,
            2,
            0.697841726618705
        ],
        [
            59,
            3,
            0.0
        ],
        [
            24,
            1,
            0.8389721622137287
        ],
        [
            26,
            3,
            0.9
        ]
    ],
    "Tables": [
        16,
        12,
        2
    ],
    "Joins": [
        "98-61",
        "98-21"
    ]
}