{
    "Query Number": "Synthetic_2899",
    "Query": "SELECT COUNT(*) FROM title t,movie_info mi,movie_keyword mk WHERE t.id=mi.movie_id AND t.id=mk.movie_id AND t.kind_id<7 AND t.production_year>1938 AND mi.info_type_id>3 AND mk.keyword_id>9316;",
    "Cardinality": 76521120,
    "AND Predicate Norm": [
        [
            101,
            1,
            1.0
        ],
        [
            104,
            3,
            0.4172661870503597
        ],
        [
            65,
            3,
            0.01834862385321101
        ],
        [
            74,
            3,
            0.06942736399615411
        ]
    ],
    "Tables": [
        16,
        17,
        19
    ],
    "Joins": [
        "98-66",
        "98-75"
    ]
}