{
    "Query Number": "Synthetic_2620",
    "Query": "SELECT COUNT(*) FROM title t,movie_companies mc,movie_info mi WHERE t.id=mc.movie_id AND t.id=mi.movie_id AND t.kind_id>4 AND t.production_year=2012 AND mc.company_id>6;",
    "Cardinality": 246671,
    "AND Predicate Norm": [
        [
            101,
            3,
            0.5
        ],
        [
            104,
            2,
            0.9496402877697842
        ],
        [
            58,
            3,
            2.127695790566648e-05
        ]
    ],
    "Tables": [
        16,
        12,
        17
    ],
    "Joins": [
        "98-61",
        "98-66"
    ]
}