{
    "Query Number": "Synthetic_2361",
    "Query": "SELECT COUNT(*) FROM title t,cast_info ci,movie_info_idx mi_idx WHERE t.id=ci.movie_id AND t.id=mi_idx.movie_id AND t.kind_id=1 AND ci.person_id>2378251 AND ci.role_id>10;",
    "Cardinality": 144952,
    "AND Predicate Norm": [
        [
            101,
            2,
            0.0
        ],
        [
            24,
            3,
            0.5854982551376503
        ],
        [
            26,
            3,
            0.9
        ]
    ],
    "Tables": [
        16,
        2,
        18
    ],
    "Joins": [
        "98-21",
        "98-71"
    ]
}