{
    "Query Number": "Synthetic_2195",
    "Query": "SELECT COUNT(*) FROM title t,movie_info mi,movie_keyword mk WHERE t.id=mi.movie_id AND t.id=mk.movie_id AND t.production_year=2009 AND mi.info_type_id=1 AND mk.keyword_id>137;",
    "Cardinality": 186774,
    "AND Predicate Norm": [
        [
            104,
            2,
            0.9280575539568345
        ],
        [
            65,
            2,
            0.0
        ],
        [
            74,
            3,
            0.0010136469676303766
        ]
    ],
    "Tables": [
        16,
        17,
        19
    ],
    "Joins": [
        "98-66",
        "98-75"
    ]
}