{
    "Query Number": "Synthetic_2409",
    "Query": "SELECT COUNT(*) FROM title t,movie_companies mc WHERE t.id=mc.movie_id AND t.kind_id<7 AND t.production_year>2006 AND mc.company_id<29217 AND mc.company_type_id=1;",
    "Cardinality": 197442,
    "AND Predicate Norm": [
        [
            101,
            1,
            1.0
        ],
        [
            104,
            3,
            0.9064748201438849
        ],
        [
            58,
            1,
            0.12432552043439037
        ],
        [
            59,
            2,
            0.0
        ]
    ],
    "Tables": [
        16,
        12
    ],
    "Joins": [
        "98-61"
    ]
}