{
    "Query Number": "Synthetic_2542",
    "Query": "SELECT COUNT(*) FROM title t,cast_info ci,movie_info mi WHERE t.id=ci.movie_id AND t.id=mi.movie_id AND ci.person_id>2559280 AND mi.info_type_id=3;",
    "Cardinality": 8378335,
    "AND Predicate Norm": [
        [
            24,
            3,
            0.6300655477390646
        ],
        [
            65,
            2,
            0.01834862385321101
        ]
    ],
    "Tables": [
        16,
        2,
        17
    ],
    "Joins": [
        "98-21",
        "98-66"
    ]
}