{
    "Query Number": "Synthetic_2834",
    "Query": "SELECT COUNT(*) FROM title t,movie_info mi,movie_info_idx mi_idx WHERE t.id=mi.movie_id AND t.id=mi_idx.movie_id AND t.kind_id>1 AND t.production_year>1958;",
    "Cardinality": 7103427,
    "AND Predicate Norm": [
        [
            101,
            3,
            0.0
        ],
        [
            104,
            3,
            0.5611510791366906
        ]
    ],
    "Tables": [
        16,
        17,
        18
    ],
    "Joins": [
        "98-66",
        "98-71"
    ]
}