{
    "Query Number": "Synthetic_2762",
    "Query": "SELECT COUNT(*) FROM title t,movie_companies mc,cast_info ci WHERE t.id=mc.movie_id AND t.id=ci.movie_id AND t.kind_id=7 AND t.production_year=1998 AND mc.company_id<12151 AND mc.company_type_id=2;",
    "Cardinality": 75234,
    "AND Predicate Norm": [
        [
            101,
            2,
            1.0
        ],
        [
            104,
            2,
            0.8489208633093526
        ],
        [
            58,
            1,
            0.05170300771076954
        ],
        [
            59,
            2,
            1.0
        ]
    ],
    "Tables": [
        16,
        12,
        2
    ],
    "Joins": [
        "98-61",
        "98-21"
    ]
}