{
    "Query Number": "Synthetic_2267",
    "Query": "SELECT COUNT(*) FROM title t,cast_info ci,movie_info_idx mi_idx WHERE t.id=ci.movie_id AND t.id=mi_idx.movie_id AND t.kind_id=4 AND t.production_year=1991;",
    "Cardinality": 25542,
    "AND Predicate Norm": [
        [
            101,
            2,
            0.5
        ],
        [
            104,
            2,
            0.7985611510791367
        ]
    ],
    "Tables": [
        16,
        2,
        18
    ],
    "Joins": [
        "98-21",
        "98-71"
    ]
}