{
    "Query Number": "Synthetic_2045",
    "Query": "SELECT COUNT(*) FROM title t,cast_info ci WHERE t.id=ci.movie_id AND t.kind_id>1 AND ci.person_id<3619741 AND ci.role_id=3;",
    "Cardinality": 3071180,
    "AND Predicate Norm": [
        [
            101,
            3,
            0.0
        ],
        [
            24,
            1,
            0.8911390535275762
        ],
        [
            26,
            2,
            0.2
        ]
    ],
    "Tables": [
        16,
        2
    ],
    "Joins": [
        "98-21"
    ]
}