{
    "Query Number": "Synthetic_2311",
    "Query": "SELECT COUNT(*) FROM title t,movie_companies mc,movie_keyword mk WHERE t.id=mc.movie_id AND t.id=mk.movie_id AND mc.company_type_id=1 AND mk.keyword_id<12640;",
    "Cardinality": 18548425,
    "AND Predicate Norm": [
        [
            59,
            2,
            0.0
        ],
        [
            74,
            1,
            0.09420208841088477
        ]
    ],
    "Tables": [
        16,
        12,
        19
    ],
    "Joins": [
        "98-61",
        "98-75"
    ]
}