{
    "Query Number": "Synthetic_2691",
    "Query": "SELECT COUNT(*) FROM title t,movie_companies mc,cast_info ci WHERE t.id=mc.movie_id AND t.id=ci.movie_id AND mc.company_id>10922 AND mc.company_type_id=2;",
    "Cardinality": 22402270,
    "AND Predicate Norm": [
        [
            58,
            3,
            0.04647313145755672
        ],
        [
            59,
            2,
            1.0
        ]
    ],
    "Tables": [
        16,
        12,
        2
    ],
    "Joins": [
        "98-61",
        "98-21"
    ]
}