{
    "Query Number": "Synthetic_2261",
    "Query": "SELECT COUNT(*) FROM title t,movie_companies mc,movie_info mi WHERE t.id=mc.movie_id AND t.id=mi.movie_id AND t.kind_id<7 AND t.production_year<2006 AND mc.company_id>464 AND mc.company_type_id>1 AND mi.info_type_id=16;",
    "Cardinality": 1456823,
    "AND Predicate Norm": [
        [
            101,
            1,
            1.0
        ],
        [
            104,
            1,
            0.9064748201438849
        ],
        [
            58,
            3,
            0.001970246302064716
        ],
        [
            59,
            3,
            0.0
        ],
        [
            65,
            2,
            0.13761467889908258
        ]
    ],
    "Tables": [
        16,
        12,
        17
    ],
    "Joins": [
        "98-61",
        "98-66"
    ]
}