{
    "Query Number": "Synthetic_2949",
    "Query": "SELECT COUNT(*) FROM title t,movie_info mi,movie_info_idx mi_idx WHERE t.id=mi.movie_id AND t.id=mi_idx.movie_id AND t.kind_id<7 AND mi.info_type_id=2 AND mi_idx.info_type_id<101;",
    "Cardinality": 634440,
    "AND Predicate Norm": [
        [
            101,
            1,
            1.0
        ],
        [
            65,
            2,
            0.009174311926605505
        ],
        [
            70,
            1,
            0.14285714285714285
        ]
    ],
    "Tables": [
        16,
        17,
        18
    ],
    "Joins": [
        "98-66",
        "98-71"
    ]
}