{
    "Query Number": "Synthetic_2529",
    "Query": "SELECT COUNT(*) FROM title t,cast_info ci,movie_info_idx mi_idx WHERE t.id=ci.movie_id AND t.id=mi_idx.movie_id AND t.kind_id<7 AND t.production_year>1984 AND ci.person_id>2229520 AND ci.role_id<4 AND mi_idx.info_type_id<101;",
    "Cardinality": 1870044,
    "AND Predicate Norm": [
        [
            101,
            1,
            1.0
        ],
        [
            104,
            3,
            0.7482014388489209
        ],
        [
            24,
            3,
            0.5488823648885689
        ],
        [
            26,
            1,
            0.3
        ],
        [
            70,
            1,
            0.14285714285714285
        ]
    ],
    "Tables": [
        16,
        2,
        18
    ],
    "Joins": [
        "98-21",
        "98-71"
    ]
}