{
    "Query Number": "Synthetic_2703",
    "Query": "SELECT COUNT(*) FROM title t,movie_companies mc,movie_keyword mk WHERE t.id=mc.movie_id AND t.id=mk.movie_id AND mc.company_id<159 AND mk.keyword_id>335;",
    "Cardinality": 1751725,
    "AND Predicate Norm": [
        [
            58,
            1,
            0.0006723518698190607
        ],
        [
            74,
            3,
            0.002489397699915778
        ]
    ],
    "Tables": [
        16,
        12,
        19
    ],
    "Joins": [
        "98-61",
        "98-75"
    ]
}