{
    "Query Number": "Synthetic_2229",
    "Query": "SELECT COUNT(*) FROM title t,movie_companies mc,movie_keyword mk WHERE t.id=mc.movie_id AND t.id=mk.movie_id AND t.production_year=1995 AND mc.company_id<197 AND mc.company_type_id<2 AND mk.keyword_id<317;",
    "Cardinality": 2405,
    "AND Predicate Norm": [
        [
            104,
            2,
            0.8273381294964028
        ],
        [
            58,
            1,
            0.000834056749902126
        ],
        [
            59,
            1,
            1.0
        ],
        [
            74,
            1,
            0.0023552385424352867
        ]
    ],
    "Tables": [
        16,
        12,
        19
    ],
    "Joins": [
        "98-61",
        "98-75"
    ]
}