{
    "Query Number": "Synthetic_2879",
    "Query": "SELECT COUNT(*) FROM title t,movie_companies mc,movie_keyword mk WHERE t.id=mc.movie_id AND t.id=mk.movie_id AND t.kind_id=7 AND mc.company_id>5099 AND mc.company_type_id<2;",
    "Cardinality": 26207,
    "AND Predicate Norm": [
        [
            101,
            2,
            1.0
        ],
        [
            58,
            3,
            0.02169398628061754
        ],
        [
            59,
            1,
            1.0
        ]
    ],
    "Tables": [
        16,
        12,
        19
    ],
    "Joins": [
        "98-61",
        "98-75"
    ]
}