{
    "Query Number": "Synthetic_2989",
    "Query": "SELECT COUNT(*) FROM title t,cast_info ci,movie_info mi WHERE t.id=ci.movie_id AND t.id=mi.movie_id AND t.production_year=1914 AND mi.info_type_id<16;",
    "Cardinality": 427851,
    "AND Predicate Norm": [
        [
            104,
            2,
            0.2446043165467626
        ],
        [
            65,
            1,
            0.13761467889908258
        ]
    ],
    "Tables": [
        16,
        2,
        17
    ],
    "Joins": [
        "98-21",
        "98-66"
    ]
}