{
    "Query Number": "Synthetic_2531",
    "Query": "SELECT COUNT(*) FROM title t,movie_companies mc,cast_info ci WHERE t.id=mc.movie_id AND t.id=ci.movie_id AND t.production_year>2001 AND mc.company_id>4114 AND ci.person_id>843779 AND ci.role_id>1;",
    "Cardinality": 15625263,
    "AND Predicate Norm": [
        [
            104,
            3,
            0.8705035971223022
        ],
        [
            58,
            3,
            0.017502425573201245
        ],
        [
            24,
            3,
            0.20772860158668613
        ],
        [
            26,
            3,
            0.0
        ]
    ],
    "Tables": [
        16,
        12,
        2
    ],
    "Joins": [
        "98-61",
        "98-21"
    ]
}