{
    "Query Number": "Synthetic_2773",
    "Query": "SELECT COUNT(*) FROM title t,cast_info ci WHERE t.id=ci.movie_id AND t.kind_id<7 AND t.production_year>2010 AND ci.person_id<2124860 AND ci.role_id=5;",
    "Cardinality": 30040,
    "AND Predicate Norm": [
        [
            101,
            1,
            1.0
        ],
        [
            104,
            3,
            0.935251798561151
        ],
        [
            24,
            1,
            0.5231162564547598
        ],
        [
            26,
            2,
            0.4
        ]
    ],
    "Tables": [
        16,
        2
    ],
    "Joins": [
        "98-21"
    ]
}