{
    "Query Number": "Synthetic_2189",
    "Query": "SELECT COUNT(*) FROM title t,movie_info mi WHERE t.id=mi.movie_id AND t.kind_id>1 AND t.production_year<2008 AND mi.info_type_id>4;",
    "Cardinality": 3215612,
    "AND Predicate Norm": [
        [
            101,
            3,
            0.0
        ],
        [
            104,
            1,
            0.920863309352518
        ],
        [
            65,
            3,
            0.027522935779816515
        ]
    ],
    "Tables": [
        16,
        17
    ],
    "Joins": [
        "98-66"
    ]
}