{
    "Query Number": "Synthetic_2062",
    "Query": "SELECT COUNT(*) FROM title t,cast_info ci WHERE t.id=ci.movie_id AND t.kind_id<4 AND t.production_year<1994 AND ci.person_id>558569;",
    "Cardinality": 4447472,
    "AND Predicate Norm": [
        [
            101,
            1,
            0.5
        ],
        [
            104,
            1,
            0.8201438848920863
        ],
        [
            24,
            3,
            0.13751312493460613
        ]
    ],
    "Tables": [
        16,
        2
    ],
    "Joins": [
        "98-21"
    ]
}