{
    "Query Number": "Synthetic_2296",
    "Query": "SELECT COUNT(*) FROM title t,movie_companies mc,cast_info ci WHERE t.id=mc.movie_id AND t.id=ci.movie_id AND t.production_year<1968 AND ci.person_id>2142114 AND ci.role_id>3;",
    "Cardinality": 1664669,
    "AND Predicate Norm": [
        [
            104,
            1,
            0.6330935251798561
        ],
        [
            24,
            3,
            0.5273639961348375
        ],
        [
            26,
            3,
            0.2
        ]
    ],
    "Tables": [
        16,
        12,
        2
    ],
    "Joins": [
        "98-61",
        "98-21"
    ]
}