{
    "Query Number": "Synthetic_2793",
    "Query": "SELECT COUNT(*) FROM title t,movie_info mi,movie_keyword mk WHERE t.id=mi.movie_id AND t.id=mk.movie_id AND t.kind_id>1 AND t.production_year<2003 AND mi.info_type_id=3 AND mk.keyword_id=783;",
    "Cardinality": 1062,
    "AND Predicate Norm": [
        [
            101,
            3,
            0.0
        ],
        [
            104,
            1,
            0.8848920863309353
        ],
        [
            65,
            2,
            0.01834862385321101
        ],
        [
            74,
            2,
            0.005828470063874666
        ]
    ],
    "Tables": [
        16,
        17,
        19
    ],
    "Joins": [
        "98-66",
        "98-75"
    ]
}