{
    "Query Number": "Synthetic_2812",
    "Query": "SELECT COUNT(*) FROM title t,movie_info mi,movie_info_idx mi_idx WHERE t.id=mi.movie_id AND t.id=mi_idx.movie_id AND t.production_year<2003 AND mi.info_type_id=8 AND mi_idx.info_type_id>100;",
    "Cardinality": 251219,
    "AND Predicate Norm": [
        [
            104,
            1,
            0.8848920863309353
        ],
        [
            65,
            2,
            0.06422018348623854
        ],
        [
            70,
            3,
            0.07142857142857142
        ]
    ],
    "Tables": [
        16,
        17,
        18
    ],
    "Joins": [
        "98-66",
        "98-71"
    ]
}