{
    "Query Number": "Synthetic_2589",
    "Query": "SELECT COUNT(*) FROM title t,movie_info_idx mi_idx WHERE t.id=mi_idx.movie_id AND t.production_year<2007 AND mi_idx.info_type_id=100;",
    "Cardinality": 336821,
    "AND Predicate Norm": [
        [
            104,
            1,
            0.9136690647482014
        ],
        [
            70,
            2,
            0.07142857142857142
        ]
    ],
    "Tables": [
        16,
        18
    ],
    "Joins": [
        "98-71"
    ]
}