{
    "Query Number": "Synthetic_2938",
    "Query": "SELECT COUNT(*) FROM title t,movie_companies mc,cast_info ci WHERE t.id=mc.movie_id AND t.id=ci.movie_id AND t.production_year<2012 AND mc.company_id>223212 AND ci.person_id<659932 AND ci.role_id<2;",
    "Cardinality": 36089,
    "AND Predicate Norm": [
        [
            104,
            1,
            0.9496402877697842
        ],
        [
            58,
            3,
            0.9498502102163441
        ],
        [
            24,
            1,
            0.16246754925312507
        ],
        [
            26,
            1,
            0.1
        ]
    ],
    "Tables": [
        16,
        12,
        2
    ],
    "Joins": [
        "98-61",
        "98-21"
    ]
}