{
    "Query Number": "Synthetic_2414",
    "Query": "SELECT COUNT(*) FROM title t,movie_info mi WHERE t.id=mi.movie_id AND t.kind_id=1 AND t.production_year>1902 AND mi.info_type_id>16;",
    "Cardinality": 1533350,
    "AND Predicate Norm": [
        [
            101,
            2,
            0.0
        ],
        [
            104,
            3,
            0.15827338129496402
        ],
        [
            65,
            3,
            0.13761467889908258
        ]
    ],
    "Tables": [
        16,
        17
    ],
    "Joins": [
        "98-66"
    ]
}