{
    "Query Number": "Synthetic_2511",
    "Query": "SELECT COUNT(*) FROM title t,cast_info ci,movie_keyword mk WHERE t.id=ci.movie_id AND t.id=mk.movie_id AND t.production_year>2011 AND ci.person_id<842227 AND ci.role_id=10;",
    "Cardinality": 244917,
    "AND Predicate Norm": [
        [
            104,
            3,
            0.9424460431654677
        ],
        [
            24,
            1,
            0.20734651673775364
        ],
        [
            26,
            2,
            0.9
        ]
    ],
    "Tables": [
        16,
        2,
        19
    ],
    "Joins": [
        "98-21",
        "98-75"
    ]
}