{
    "Query Number": "Synthetic_2679",
    "Query": "SELECT COUNT(*) FROM title t,cast_info ci WHERE t.id=ci.movie_id AND t.production_year>2006 AND ci.person_id>360986 AND ci.role_id>3;",
    "Cardinality": 4883399,
    "AND Predicate Norm": [
        [
            104,
            3,
            0.9064748201438849
        ],
        [
            24,
            3,
            0.08887042473703971
        ],
        [
            26,
            3,
            0.2
        ]
    ],
    "Tables": [
        16,
        2
    ],
    "Joins": [
        "98-21"
    ]
}