{
    "Query Number": "Synthetic_2153",
    "Query": "SELECT COUNT(*) FROM title t,movie_companies mc,movie_keyword mk WHERE t.id=mc.movie_id AND t.id=mk.movie_id AND t.production_year<2012 AND mc.company_id<686 AND mk.keyword_id=11272;",
    "Cardinality": 142,
    "AND Predicate Norm": [
        [
            104,
            1,
            0.9496402877697842
        ],
        [
            58,
            1,
            0.0029149432330763075
        ],
        [
            74,
            2,
            0.08400599244236746
        ]
    ],
    "Tables": [
        16,
        12,
        19
    ],
    "Joins": [
        "98-61",
        "98-75"
    ]
}