{
    "Query Number": "Synthetic_2803",
    "Query": "SELECT COUNT(*) FROM title t,movie_companies mc,movie_info_idx mi_idx WHERE t.id=mc.movie_id AND t.id=mi_idx.movie_id AND t.kind_id>1 AND t.production_year=1992 AND mc.company_id>11203 AND mc.company_type_id=2 AND mi_idx.info_type_id=99;",
    "Cardinality": 2184,
    "AND Predicate Norm": [
        [
            101,
            3,
            0.0
        ],
        [
            104,
            2,
            0.8057553956834532
        ],
        [
            58,
            3,
            0.047668896491855184
        ],
        [
            59,
            2,
            1.0
        ],
        [
            70,
            2,
            0.0
        ]
    ],
    "Tables": [
        16,
        12,
        18
    ],
    "Joins": [
        "98-61",
        "98-71"
    ]
}