{
    "Query Number": "Synthetic_2049",
    "Query": "SELECT COUNT(*) FROM title t,movie_info mi WHERE t.id=mi.movie_id AND t.kind_id=7 AND t.production_year>1981 AND mi.info_type_id>8;",
    "Cardinality": 1900694,
    "AND Predicate Norm": [
        [
            101,
            2,
            1.0
        ],
        [
            104,
            3,
            0.7266187050359713
        ],
        [
            65,
            3,
            0.06422018348623854
        ]
    ],
    "Tables": [
        16,
        17
    ],
    "Joins": [
        "98-66"
    ]
}