{
    "Query Number": "Synthetic_2988",
    "Query": "SELECT COUNT(*) FROM title t,movie_info mi,movie_keyword mk WHERE t.id=mi.movie_id AND t.id=mk.movie_id AND t.production_year<1950 AND mk.keyword_id>536;",
    "Cardinality": 14606001,
    "AND Predicate Norm": [
        [
            104,
            1,
            0.5035971223021583
        ],
        [
            74,
            3,
            0.003987508291781261
        ]
    ],
    "Tables": [
        16,
        17,
        19
    ],
    "Joins": [
        "98-66",
        "98-75"
    ]
}