{
    "Query Number": "Synthetic_2139",
    "Query": "SELECT COUNT(*) FROM title t,movie_companies mc,movie_keyword mk WHERE t.id=mc.movie_id AND t.id=mk.movie_id AND t.kind_id>3 AND t.production_year>1996;",
    "Cardinality": 2067797,
    "AND Predicate Norm": [
        [
            101,
            3,
            0.3333333333333333
        ],
        [
            104,
            3,
            0.8345323741007195
        ]
    ],
    "Tables": [
        16,
        12,
        19
    ],
    "Joins": [
        "98-61",
        "98-75"
    ]
}