{
    "Query Number": "Synthetic_2708",
    "Query": "SELECT COUNT(*) FROM title t,movie_companies mc,cast_info ci WHERE t.id=mc.movie_id AND t.id=ci.movie_id AND ci.person_id=3046961 AND ci.role_id>1;",
    "Cardinality": 79,
    "AND Predicate Norm": [
        [
            24,
            2,
            0.7501270949118952
        ],
        [
            26,
            3,
            0.0
        ]
    ],
    "Tables": [
        16,
        12,
        2
    ],
    "Joins": [
        "98-61",
        "98-21"
    ]
}