{
    "Query Number": "Synthetic_2248",
    "Query": "SELECT COUNT(*) FROM title t,movie_companies mc,movie_keyword mk WHERE t.id=mc.movie_id AND t.id=mk.movie_id AND t.kind_id=7 AND t.production_year>2004 AND mc.company_type_id=1 AND mk.keyword_id=21162;",
    "Cardinality": 9,
    "AND Predicate Norm": [
        [
            101,
            2,
            1.0
        ],
        [
            104,
            3,
            0.8920863309352518
        ],
        [
            59,
            2,
            0.0
        ],
        [
            74,
            2,
            0.1577189961913706
        ]
    ],
    "Tables": [
        16,
        12,
        19
    ],
    "Joins": [
        "98-61",
        "98-75"
    ]
}