{
    "Query Number": "Synthetic_2372",
    "Query": "SELECT COUNT(*) FROM title t,movie_companies mc,cast_info ci WHERE t.id=mc.movie_id AND t.id=ci.movie_id AND t.production_year<2001 AND ci.person_id=1489933 AND ci.role_id<6;",
    "Cardinality": 128,
    "AND Predicate Norm": [
        [
            104,
            1,
            0.8705035971223022
        ],
        [
            24,
            2,
            0.36680440923946156
        ],
        [
            26,
            1,
            0.5
        ]
    ],
    "Tables": [
        16,
        12,
        2
    ],
    "Joins": [
        "98-61",
        "98-21"
    ]
}