{
    "Query Number": "Synthetic_2978",
    "Query": "SELECT COUNT(*) FROM title t,movie_companies mc,movie_keyword mk WHERE t.id=mc.movie_id AND t.id=mk.movie_id AND t.kind_id=7 AND t.production_year<2006 AND mc.company_id>2609;",
    "Cardinality": 255850,
    "AND Predicate Norm": [
        [
            101,
            2,
            1.0
        ],
        [
            104,
            1,
            0.9064748201438849
        ],
        [
            58,
            3,
            0.011098061243595636
        ]
    ],
    "Tables": [
        16,
        12,
        19
    ],
    "Joins": [
        "98-61",
        "98-75"
    ]
}