{
    "Query Number": "Synthetic_2320",
    "Query": "SELECT COUNT(*) FROM title t,movie_info_idx mi_idx WHERE t.id=mi_idx.movie_id AND t.kind_id<4 AND t.production_year>1998 AND mi_idx.info_type_id>99;",
    "Cardinality": 274998,
    "AND Predicate Norm": [
        [
            101,
            1,
            0.5
        ],
        [
            104,
            3,
            0.8489208633093526
        ],
        [
            70,
            3,
            0.0
        ]
    ],
    "Tables": [
        16,
        18
    ],
    "Joins": [
        "98-71"
    ]
}