{
    "Query Number": "Synthetic_2044",
    "Query": "SELECT COUNT(*) FROM title t,movie_companies mc,movie_info_idx mi_idx WHERE t.id=mc.movie_id AND t.id=mi_idx.movie_id AND t.production_year>1967 AND mc.company_id>252 AND mi_idx.info_type_id<100;",
    "Cardinality": 962490,
    "AND Predicate Norm": [
        [
            104,
            3,
            0.6258992805755396
        ],
        [
            58,
            3,
            0.0010681032868644573
        ],
        [
            70,
            1,
            0.07142857142857142
        ]
    ],
    "Tables": [
        16,
        12,
        18
    ],
    "Joins": [
        "98-61",
        "98-71"
    ]
}