{
    "Query Number": "Synthetic_2508",
    "Query": "SELECT COUNT(*) FROM title t,movie_companies mc,movie_info_idx mi_idx WHERE t.id=mc.movie_id AND t.id=mi_idx.movie_id AND t.production_year>1982 AND mi_idx.info_type_id=99;",
    "Cardinality": 973853,
    "AND Predicate Norm": [
        [
            104,
            3,
            0.7338129496402878
        ],
        [
            70,
            2,
            0.0
        ]
    ],
    "Tables": [
        16,
        12,
        18
    ],
    "Joins": [
        "98-61",
        "98-71"
    ]
}