{
    "Query Number": "Synthetic_2959",
    "Query": "SELECT COUNT(*) FROM title t,movie_companies mc,cast_info ci WHERE t.id=mc.movie_id AND t.id=ci.movie_id AND mc.company_id>8559 AND ci.person_id>2378369;",
    "Cardinality": 14989341,
    "AND Predicate Norm": [
        [
            58,
            3,
            0.03641764115133875
        ],
        [
            24,
            3,
            0.5855273054032263
        ]
    ],
    "Tables": [
        16,
        12,
        2
    ],
    "Joins": [
        "98-61",
        "98-21"
    ]
}