{
    "Query Number": "Synthetic_2463",
    "Query": "SELECT COUNT(*) FROM title t,cast_info ci,movie_info mi WHERE t.id=ci.movie_id AND t.id=mi.movie_id AND ci.person_id<3062882 AND mi.info_type_id>3;",
    "Cardinality": 313203338,
    "AND Predicate Norm": [
        [
            24,
            1,
            0.7540466650664401
        ],
        [
            65,
            3,
            0.01834862385321101
        ]
    ],
    "Tables": [
        16,
        2,
        17
    ],
    "Joins": [
        "98-21",
        "98-66"
    ]
}