{
    "Query Number": "Synthetic_2467",
    "Query": "SELECT COUNT(*) FROM title t,movie_info mi,movie_info_idx mi_idx WHERE t.id=mi.movie_id AND t.id=mi_idx.movie_id AND t.production_year>2008 AND mi.info_type_id<16;",
    "Cardinality": 1809081,
    "AND Predicate Norm": [
        [
            104,
            3,
            0.920863309352518
        ],
        [
            65,
            1,
            0.13761467889908258
        ]
    ],
    "Tables": [
        16,
        17,
        18
    ],
    "Joins": [
        "98-66",
        "98-71"
    ]
}