{
    "Query Number": "Synthetic_2300",
    "Query": "SELECT COUNT(*) FROM title t,cast_info ci,movie_info_idx mi_idx WHERE t.id=ci.movie_id AND t.id=mi_idx.movie_id AND t.kind_id>2 AND mi_idx.info_type_id<100;",
    "Cardinality": 6925120,
    "AND Predicate Norm": [
        [
            101,
            3,
            0.16666666666666666
        ],
        [
            70,
            1,
            0.07142857142857142
        ]
    ],
    "Tables": [
        16,
        2,
        18
    ],
    "Joins": [
        "98-21",
        "98-71"
    ]
}