{
    "Query Number": "Synthetic_2460",
    "Query": "SELECT COUNT(*) FROM title t,movie_companies mc,movie_info_idx mi_idx WHERE t.id=mc.movie_id AND t.id=mi_idx.movie_id AND t.kind_id<4 AND t.production_year=2005 AND mc.company_id<34 AND mc.company_type_id=1;",
    "Cardinality": 2323,
    "AND Predicate Norm": [
        [
            101,
            1,
            0.5
        ],
        [
            104,
            2,
            0.8992805755395683
        ],
        [
            58,
            1,
            0.00014042792217739878
        ],
        [
            59,
            2,
            0.0
        ]
    ],
    "Tables": [
        16,
        12,
        18
    ],
    "Joins": [
        "98-61",
        "98-71"
    ]
}