{
    "Query Number": "Synthetic_2470",
    "Query": "SELECT COUNT(*) FROM title t,movie_info_idx mi_idx,movie_keyword mk WHERE t.id=mi_idx.movie_id AND t.id=mk.movie_id AND t.production_year=2007 AND mk.keyword_id>14544;",
    "Cardinality": 103260,
    "AND Predicate Norm": [
        [
            104,
            2,
            0.9136690647482014
        ],
        [
            74,
            3,
            0.10839314595771005
        ]
    ],
    "Tables": [
        16,
        18,
        19
    ],
    "Joins": [
        "98-71",
        "98-75"
    ]
}