{
    "Query Number": "Synthetic_2570",
    "Query": "SELECT COUNT(*) FROM title t,movie_info mi WHERE t.id=mi.movie_id AND t.kind_id=1 AND t.production_year<1977 AND mi.info_type_id=8;",
    "Cardinality": 265273,
    "AND Predicate Norm": [
        [
            101,
            2,
            0.0
        ],
        [
            104,
            1,
            0.697841726618705
        ],
        [
            65,
            2,
            0.06422018348623854
        ]
    ],
    "Tables": [
        16,
        17
    ],
    "Joins": [
        "98-66"
    ]
}