{
    "Query Number": "Synthetic_2700",
    "Query": "SELECT COUNT(*) FROM title t,movie_companies mc,cast_info ci WHERE t.id=mc.movie_id AND t.id=ci.movie_id AND t.kind_id=7 AND t.production_year>2007 AND ci.person_id>1645406;",
    "Cardinality": 5489474,
    "AND Predicate Norm": [
        [
            101,
            2,
            1.0
        ],
        [
            104,
            3,
            0.9136690647482014
        ],
        [
            24,
            3,
            0.40508010364543906
        ]
    ],
    "Tables": [
        16,
        12,
        2
    ],
    "Joins": [
        "98-61",
        "98-21"
    ]
}