{
    "Query Number": "Synthetic_4511",
    "Query": "SELECT COUNT(*) FROM title t,cast_info ci,movie_keyword mk WHERE t.id=ci.movie_id AND t.id=mk.movie_id AND t.production_year<1990 AND ci.person_id<1289678 AND ci.role_id<2 AND mk.keyword_id=3521;",
    "Cardinality": 7057,
    "AND Predicate Norm": [
        [
            104,
            1,
            0.7913669064748201
        ],
        [
            24,
            1,
            0.3175038928586815
        ],
        [
            26,
            1,
            0.1
        ],
        [
            74,
            2,
            0.026235568573962687
        ]
    ],
    "Tables": [
        16,
        2,
        19
    ],
    "Joins": [
        "98-21",
        "98-75"
    ]
}