{
    "Query Number": "Synthetic_4113",
    "Query": "SELECT COUNT(*) FROM title t,movie_companies mc,cast_info ci WHERE t.id=mc.movie_id AND t.id=ci.movie_id AND mc.company_id>207 AND ci.person_id=3675751;",
    "Cardinality": 500,
    "AND Predicate Norm": [
        [
            58,
            3,
            0.000876610665713459
        ],
        [
            24,
            2,
            0.9049280821285475
        ]
    ],
    "Tables": [
        16,
        12,
        2
    ],
    "Joins": [
        "98-61",
        "98-21"
    ]
}