{
    "Query Number": "Synthetic_4288",
    "Query": "SELECT COUNT(*) FROM title t,cast_info ci WHERE t.id=ci.movie_id AND t.kind_id>4 AND ci.person_id<561510 AND ci.role_id>2;",
    "Cardinality": 930468,
    "AND Predicate Norm": [
        [
            101,
            3,
            0.5
        ],
        [
            24,
            1,
            0.1382371658757855
        ],
        [
            26,
            3,
            0.1
        ]
    ],
    "Tables": [
        16,
        2
    ],
    "Joins": [
        "98-21"
    ]
}