{
    "Query Number": "Synthetic_4403",
    "Query": "SELECT COUNT(*) FROM title t,movie_companies mc,movie_info mi WHERE t.id=mc.movie_id AND t.id=mi.movie_id AND t.production_year>2003 AND mc.company_id<32611 AND mi.info_type_id<106;",
    "Cardinality": 16533757,
    "AND Predicate Norm": [
        [
            104,
            3,
            0.8848920863309353
        ],
        [
            58,
            1,
            0.13876831946075677
        ],
        [
            65,
            1,
            0.963302752293578
        ]
    ],
    "Tables": [
        16,
        12,
        17
    ],
    "Joins": [
        "98-61",
        "98-66"
    ]
}