{
    "Query Number": "Synthetic_4555",
    "Query": "SELECT COUNT(*) FROM title t,movie_companies mc,movie_keyword mk WHERE t.id=mc.movie_id AND t.id=mk.movie_id AND mc.company_type_id>1 AND mk.keyword_id<5673;",
    "Cardinality": 4488624,
    "AND Predicate Norm": [
        [
            59,
            3,
            0.0
        ],
        [
            74,
            1,
            0.04227504117940806
        ]
    ],
    "Tables": [
        16,
        12,
        19
    ],
    "Joins": [
        "98-61",
        "98-75"
    ]
}