{
    "Query Number": "Synthetic_4574",
    "Query": "SELECT COUNT(*) FROM title t,movie_companies mc,movie_info_idx mi_idx WHERE t.id=mc.movie_id AND t.id=mi_idx.movie_id AND t.kind_id=1 AND mc.company_id<264 AND mc.company_type_id=1 AND mi_idx.info_type_id>101;",
    "Cardinality": 643,
    "AND Predicate Norm": [
        [
            101,
            2,
            0.0
        ],
        [
            58,
            1,
            0.0011191679858380567
        ],
        [
            59,
            2,
            0.0
        ],
        [
            70,
            3,
            0.14285714285714285
        ]
    ],
    "Tables": [
        16,
        12,
        18
    ],
    "Joins": [
        "98-61",
        "98-71"
    ]
}