{
    "Query Number": "Synthetic_4209",
    "Query": "SELECT COUNT(*) FROM title t,movie_companies mc,cast_info ci WHERE t.id=mc.movie_id AND t.id=ci.movie_id AND t.kind_id=1 AND t.production_year<2010 AND mc.company_id<80806 AND mc.company_type_id>1;",
    "Cardinality": 7056637,
    "AND Predicate Norm": [
        [
            101,
            2,
            0.0
        ],
        [
            104,
            1,
            0.935251798561151
        ],
        [
            58,
            1,
            0.34385691671347596
        ],
        [
            59,
            3,
            0.0
        ]
    ],
    "Tables": [
        16,
        12,
        2
    ],
    "Joins": [
        "98-61",
        "98-21"
    ]
}