{
    "Query Number": "Synthetic_4628",
    "Query": "SELECT COUNT(*) FROM title t,movie_info mi,movie_info_idx mi_idx WHERE t.id=mi.movie_id AND t.id=mi_idx.movie_id AND t.kind_id=1 AND t.production_year=2005 AND mi.info_type_id=16;",
    "Cardinality": 97144,
    "AND Predicate Norm": [
        [
            101,
            2,
            0.0
        ],
        [
            104,
            2,
            0.8992805755395683
        ],
        [
            65,
            2,
            0.13761467889908258
        ]
    ],
    "Tables": [
        16,
        17,
        18
    ],
    "Joins": [
        "98-66",
        "98-71"
    ]
}