{
    "Query Number": "Synthetic_4116",
    "Query": "SELECT COUNT(*) FROM title t,cast_info ci,movie_keyword mk WHERE t.id=ci.movie_id AND t.id=mk.movie_id AND ci.person_id>4002860 AND ci.role_id>4 AND mk.keyword_id>2560;",
    "Cardinality": 1894483,
    "AND Predicate Norm": [
        [
            24,
            3,
            0.9854586187583473
        ],
        [
            26,
            3,
            0.3
        ],
        [
            74,
            3,
            0.019072960221809807
        ]
    ],
    "Tables": [
        16,
        2,
        19
    ],
    "Joins": [
        "98-21",
        "98-75"
    ]
}