{
    "Query Number": "Synthetic_4235",
    "Query": "SELECT COUNT(*) FROM title t,movie_companies mc,movie_info mi WHERE t.id=mc.movie_id AND t.id=mi.movie_id AND t.production_year>2007 AND mc.company_id<11238 AND mi.info_type_id>7;",
    "Cardinality": 4716594,
    "AND Predicate Norm": [
        [
            104,
            3,
            0.9136690647482014
        ],
        [
            58,
            1,
            0.04781783519719485
        ],
        [
            65,
            3,
            0.05504587155963303
        ]
    ],
    "Tables": [
        16,
        12,
        17
    ],
    "Joins": [
        "98-61",
        "98-66"
    ]
}