{
    "Query Number": "Synthetic_4315",
    "Query": "SELECT COUNT(*) FROM title t,movie_info mi,movie_keyword mk WHERE t.id=mi.movie_id AND t.id=mk.movie_id AND t.kind_id<2 AND t.production_year>1940 AND mi.info_type_id>16 AND mk.keyword_id>1714;",
    "Cardinality": 58654767,
    "AND Predicate Norm": [
        [
            101,
            1,
            0.16666666666666666
        ],
        [
            104,
            3,
            0.4316546762589928
        ],
        [
            65,
            3,
            0.13761467889908258
        ],
        [
            74,
            3,
            0.012767479820226729
        ]
    ],
    "Tables": [
        16,
        17,
        19
    ],
    "Joins": [
        "98-66",
        "98-75"
    ]
}