{
    "Query Number": "Synthetic_4201",
    "Query": "SELECT COUNT(*) FROM title t,cast_info ci WHERE t.id=ci.movie_id AND t.kind_id>1 AND t.production_year>2010 AND ci.person_id<1720440;",
    "Cardinality": 1758272,
    "AND Predicate Norm": [
        [
            101,
            3,
            0.0
        ],
        [
            104,
            3,
            0.935251798561151
        ],
        [
            24,
            1,
            0.4235526259101288
        ]
    ],
    "Tables": [
        16,
        2
    ],
    "Joins": [
        "98-21"
    ]
}