{
    "Query Number": "Synthetic_4615",
    "Query": "SELECT COUNT(*) FROM title t,cast_info ci,movie_keyword mk WHERE t.id=ci.movie_id AND t.id=mk.movie_id AND ci.person_id<768549 AND mk.keyword_id=5704;",
    "Cardinality": 2748,
    "AND Predicate Norm": [
        [
            24,
            1,
            0.18920782633849714
        ],
        [
            74,
            2,
            0.04250609306173557
        ]
    ],
    "Tables": [
        16,
        2,
        19
    ],
    "Joins": [
        "98-21",
        "98-75"
    ]
}