{
    "Query Number": "Synthetic_4766",
    "Query": "SELECT COUNT(*) FROM title t,cast_info ci,movie_keyword mk WHERE t.id=ci.movie_id AND t.id=mk.movie_id AND t.kind_id>1 AND ci.person_id>1113205 AND ci.role_id<2;",
    "Cardinality": 5581242,
    "AND Predicate Norm": [
        [
            101,
            3,
            0.0
        ],
        [
            24,
            3,
            0.27405823593493234
        ],
        [
            26,
            1,
            0.1
        ]
    ],
    "Tables": [
        16,
        2,
        19
    ],
    "Joins": [
        "98-21",
        "98-75"
    ]
}