{
    "Query Number": "Synthetic_4750",
    "Query": "SELECT COUNT(*) FROM title t,movie_companies mc WHERE t.id=mc.movie_id AND t.kind_id=1 AND mc.company_id>9557 AND mc.company_type_id=1;",
    "Cardinality": 398825,
    "AND Predicate Norm": [
        [
            101,
            2,
            0.0
        ],
        [
            58,
            3,
            0.04066452194930978
        ],
        [
            59,
            2,
            0.0
        ]
    ],
    "Tables": [
        16,
        12
    ],
    "Joins": [
        "98-61"
    ]
}