{
    "Query Number": "Synthetic_4499",
    "Query": "SELECT COUNT(*) FROM title t,cast_info ci,movie_info_idx mi_idx WHERE t.id=ci.movie_id AND t.id=mi_idx.movie_id AND ci.person_id<1798117 AND ci.role_id>1 AND mi_idx.info_type_id=101;",
    "Cardinality": 2268028,
    "AND Predicate Norm": [
        [
            24,
            1,
            0.44267582488598384
        ],
        [
            26,
            3,
            0.0
        ],
        [
            70,
            2,
            0.14285714285714285
        ]
    ],
    "Tables": [
        16,
        2,
        18
    ],
    "Joins": [
        "98-21",
        "98-71"
    ]
}