{
    "Query Number": "Synthetic_4646",
    "Query": "SELECT COUNT(*) FROM title t,movie_companies mc,movie_keyword mk WHERE t.id=mc.movie_id AND t.id=mk.movie_id AND t.kind_id=1 AND mc.company_id<1312 AND mc.company_type_id>1 AND mk.keyword_id>62;",
    "Cardinality": 528099,
    "AND Predicate Norm": [
        [
            101,
            2,
            0.0
        ],
        [
            58,
            1,
            0.005578818362865751
        ],
        [
            59,
            3,
            0.0
        ],
        [
            74,
            3,
            0.0004546504781283307
        ]
    ],
    "Tables": [
        16,
        12,
        19
    ],
    "Joins": [
        "98-61",
        "98-75"
    ]
}