{
    "Query Number": "Synthetic_4881",
    "Query": "SELECT COUNT(*) FROM title t,cast_info ci,movie_info mi WHERE t.id=ci.movie_id AND t.id=mi.movie_id AND t.kind_id<7 AND t.production_year>1976 AND ci.person_id=54577 AND ci.role_id>1;",
    "Cardinality": 283,
    "AND Predicate Norm": [
        [
            101,
            1,
            1.0
        ],
        [
            104,
            3,
            0.6906474820143885
        ],
        [
            24,
            2,
            0.013435994017614802
        ],
        [
            26,
            3,
            0.0
        ]
    ],
    "Tables": [
        16,
        2,
        17
    ],
    "Joins": [
        "98-21",
        "98-66"
    ]
}