{
    "Query Number": "Synthetic_4427",
    "Query": "SELECT COUNT(*) FROM title t,cast_info ci,movie_info_idx mi_idx WHERE t.id=ci.movie_id AND t.id=mi_idx.movie_id AND ci.person_id>2400433 AND ci.role_id<3 AND mi_idx.info_type_id=99;",
    "Cardinality": 734695,
    "AND Predicate Norm": [
        [
            24,
            3,
            0.5909592126885651
        ],
        [
            26,
            1,
            0.2
        ],
        [
            70,
            2,
            0.0
        ]
    ],
    "Tables": [
        16,
        2,
        18
    ],
    "Joins": [
        "98-21",
        "98-71"
    ]
}