{
    "Query Number": "Synthetic_4101",
    "Query": "SELECT COUNT(*) FROM title t,cast_info ci,movie_keyword mk WHERE t.id=ci.movie_id AND t.id=mk.movie_id AND t.production_year<1938 AND ci.person_id<2290872 AND ci.role_id>1;",
    "Cardinality": 1552279,
    "AND Predicate Norm": [
        [
            104,
            1,
            0.4172661870503597
        ],
        [
            24,
            1,
            0.5639865334785846
        ],
        [
            26,
            3,
            0.0
        ]
    ],
    "Tables": [
        16,
        2,
        19
    ],
    "Joins": [
        "98-21",
        "98-75"
    ]
}