{
    "Query Number": "Synthetic_4376",
    "Query": "SELECT COUNT(*) FROM title t,movie_info_idx mi_idx,movie_keyword mk WHERE t.id=mi_idx.movie_id AND t.id=mk.movie_id AND t.production_year<2011 AND mi_idx.info_type_id>101 AND mk.keyword_id=7081;",
    "Cardinality": 1,
    "AND Predicate Norm": [
        [
            104,
            1,
            0.9424460431654677
        ],
        [
            70,
            3,
            0.14285714285714285
        ],
        [
            74,
            2,
            0.052769268608993135
        ]
    ],
    "Tables": [
        16,
        18,
        19
    ],
    "Joins": [
        "98-71",
        "98-75"
    ]
}