{
    "Query Number": "Synthetic_4200",
    "Query": "SELECT COUNT(*) FROM title t,movie_info_idx mi_idx,movie_keyword mk WHERE t.id=mi_idx.movie_id AND t.id=mk.movie_id AND t.kind_id>1 AND t.production_year>2004 AND mi_idx.info_type_id=99 AND mk.keyword_id>33463;",
    "Cardinality": 42690,
    "AND Predicate Norm": [
        [
            101,
            3,
            0.0
        ],
        [
            104,
            3,
            0.8920863309352518
        ],
        [
            70,
            2,
            0.0
        ],
        [
            74,
            3,
            0.24940187375623282
        ]
    ],
    "Tables": [
        16,
        18,
        19
    ],
    "Joins": [
        "98-71",
        "98-75"
    ]
}