{
    "Query Number": "Synthetic_4197",
    "Query": "SELECT COUNT(*) FROM title t,movie_companies mc,movie_info mi WHERE t.id=mc.movie_id AND t.id=mi.movie_id AND mc.company_id=81010 AND mi.info_type_id<13;",
    "Cardinality": 1847,
    "AND Predicate Norm": [
        [
            58,
            2,
            0.34472501659602717
        ],
        [
            65,
            1,
            0.11009174311926606
        ]
    ],
    "Tables": [
        16,
        12,
        17
    ],
    "Joins": [
        "98-61",
        "98-66"
    ]
}