{
    "Query Number": "Synthetic_4537",
    "Query": "SELECT COUNT(*) FROM title t,movie_companies mc,movie_info_idx mi_idx WHERE t.id=mc.movie_id AND t.id=mi_idx.movie_id AND t.kind_id=3 AND t.production_year=2006 AND mc.company_type_id>1;",
    "Cardinality": 8286,
    "AND Predicate Norm": [
        [
            101,
            2,
            0.3333333333333333
        ],
        [
            104,
            2,
            0.9064748201438849
        ],
        [
            59,
            3,
            0.0
        ]
    ],
    "Tables": [
        16,
        12,
        18
    ],
    "Joins": [
        "98-61",
        "98-71"
    ]
}