{
    "Query Number": "Synthetic_4975",
    "Query": "SELECT COUNT(*) FROM title t,movie_companies mc,movie_keyword mk WHERE t.id=mc.movie_id AND t.id=mk.movie_id AND mc.company_id>5876 AND mk.keyword_id<3833;",
    "Cardinality": 8776954,
    "AND Predicate Norm": [
        [
            58,
            3,
            0.025000425539158114
        ],
        [
            74,
            1,
            0.0285609939702912
        ]
    ],
    "Tables": [
        16,
        12,
        19
    ],
    "Joins": [
        "98-61",
        "98-75"
    ]
}