{
    "Query Number": "Synthetic_4072",
    "Query": "SELECT COUNT(*) FROM title t,movie_companies mc WHERE t.id=mc.movie_id AND t.kind_id=1 AND t.production_year>2004 AND mc.company_id>59402 AND mc.company_type_id<2;",
    "Cardinality": 5526,
    "AND Predicate Norm": [
        [
            101,
            2,
            0.0
        ],
        [
            104,
            3,
            0.8920863309352518
        ],
        [
            58,
            3,
            0.2527745153108989
        ],
        [
            59,
            1,
            1.0
        ]
    ],
    "Tables": [
        16,
        12
    ],
    "Joins": [
        "98-61"
    ]
}