{
    "Query Number": "Synthetic_4921",
    "Query": "SELECT COUNT(*) FROM title t,movie_info mi,movie_keyword mk WHERE t.id=mi.movie_id AND t.id=mk.movie_id AND t.kind_id<4 AND t.production_year=2004 AND mi.info_type_id=2 AND mk.keyword_id<6043;",
    "Cardinality": 61172,
    "AND Predicate Norm": [
        [
            101,
            1,
            0.5
        ],
        [
            104,
            2,
            0.8920863309352518
        ],
        [
            65,
            2,
            0.009174311926605505
        ],
        [
            74,
            1,
            0.04503275719428482
        ]
    ],
    "Tables": [
        16,
        17,
        19
    ],
    "Joins": [
        "98-66",
        "98-75"
    ]
}