{
    "Query Number": "Synthetic_4501",
    "Query": "SELECT COUNT(*) FROM title t,cast_info ci,movie_info mi WHERE t.id=ci.movie_id AND t.id=mi.movie_id AND t.production_year<2009 AND ci.role_id=6;",
    "Cardinality": 6573800,
    "AND Predicate Norm": [
        [
            104,
            1,
            0.9280575539568345
        ],
        [
            26,
            2,
            0.5
        ]
    ],
    "Tables": [
        16,
        2,
        17
    ],
    "Joins": [
        "98-21",
        "98-66"
    ]
}