{
    "Query Number": "Synthetic_4178",
    "Query": "SELECT COUNT(*) FROM title t,cast_info ci,movie_info_idx mi_idx WHERE t.id=ci.movie_id AND t.id=mi_idx.movie_id AND t.kind_id>4 AND ci.role_id>4 AND mi_idx.info_type_id=100;",
    "Cardinality": 1750129,
    "AND Predicate Norm": [
        [
            101,
            3,
            0.5
        ],
        [
            26,
            3,
            0.3
        ],
        [
            70,
            2,
            0.07142857142857142
        ]
    ],
    "Tables": [
        16,
        2,
        18
    ],
    "Joins": [
        "98-21",
        "98-71"
    ]
}