{
    "Query Number": "Synthetic_4844",
    "Query": "SELECT COUNT(*) FROM title t,cast_info ci WHERE t.id=ci.movie_id AND t.kind_id>2 AND ci.person_id=2690184 AND ci.role_id>1;",
    "Cardinality": 22,
    "AND Predicate Norm": [
        [
            101,
            3,
            0.16666666666666666
        ],
        [
            24,
            2,
            0.6622926321879404
        ],
        [
            26,
            3,
            0.0
        ]
    ],
    "Tables": [
        16,
        2
    ],
    "Joins": [
        "98-21"
    ]
}