{
    "Query Number": "Synthetic_4552",
    "Query": "SELECT COUNT(*) FROM title t,cast_info ci,movie_info_idx mi_idx WHERE t.id=ci.movie_id AND t.id=mi_idx.movie_id AND t.kind_id<7 AND t.production_year=1993 AND ci.person_id>56020 AND ci.role_id>1 AND mi_idx.info_type_id=100;",
    "Cardinality": 73440,
    "AND Predicate Norm": [
        [
            101,
            1,
            1.0
        ],
        [
            104,
            2,
            0.8129496402877698
        ],
        [
            24,
            3,
            0.013791244299193116
        ],
        [
            26,
            3,
            0.0
        ],
        [
            70,
            2,
            0.07142857142857142
        ]
    ],
    "Tables": [
        16,
        2,
        18
    ],
    "Joins": [
        "98-21",
        "98-71"
    ]
}