{
    "Query Number": "Synthetic_4324",
    "Query": "SELECT COUNT(*) FROM title t,movie_companies mc,movie_keyword mk WHERE t.id=mc.movie_id AND t.id=mk.movie_id AND t.production_year<1999 AND mk.keyword_id=8227;",
    "Cardinality": 1509,
    "AND Predicate Norm": [
        [
            104,
            1,
            0.8561151079136691
        ],
        [
            74,
            2,
            0.0613107349685844
        ]
    ],
    "Tables": [
        16,
        12,
        19
    ],
    "Joins": [
        "98-61",
        "98-75"
    ]
}