{
    "Query Number": "Synthetic_4371",
    "Query": "SELECT COUNT(*) FROM title t,movie_keyword mk WHERE t.id=mk.movie_id AND t.kind_id<7 AND t.production_year<2010 AND mk.keyword_id>1515;",
    "Cardinality": 2553609,
    "AND Predicate Norm": [
        [
            101,
            1,
            1.0
        ],
        [
            104,
            1,
            0.935251798561151
        ],
        [
            74,
            3,
            0.011284275801414634
        ]
    ],
    "Tables": [
        16,
        19
    ],
    "Joins": [
        "98-75"
    ]
}