{
    "Query Number": "Synthetic_4819",
    "Query": "SELECT COUNT(*) FROM title t,cast_info ci WHERE t.id=ci.movie_id AND t.kind_id=1 AND t.production_year=2006 AND ci.person_id>135569 AND ci.role_id<10;",
    "Cardinality": 259579,
    "AND Predicate Norm": [
        [
            101,
            2,
            0.0
        ],
        [
            104,
            2,
            0.9064748201438849
        ],
        [
            24,
            3,
            0.033375308505203816
        ],
        [
            26,
            1,
            0.9
        ]
    ],
    "Tables": [
        16,
        2
    ],
    "Joins": [
        "98-21"
    ]
}