{
    "Query Number": "Synthetic_4409",
    "Query": "SELECT COUNT(*) FROM title t,cast_info ci,movie_info mi WHERE t.id=ci.movie_id AND t.id=mi.movie_id AND t.production_year>2011 AND mi.info_type_id<2;",
    "Cardinality": 1029487,
    "AND Predicate Norm": [
        [
            104,
            3,
            0.9424460431654677
        ],
        [
            65,
            1,
            0.009174311926605505
        ]
    ],
    "Tables": [
        16,
        2,
        17
    ],
    "Joins": [
        "98-21",
        "98-66"
    ]
}