{
    "Query Number": "Synthetic_4188",
    "Query": "SELECT COUNT(*) FROM title t,movie_companies mc,movie_info_idx mi_idx WHERE t.id=mc.movie_id AND t.id=mi_idx.movie_id AND t.kind_id<7 AND mc.company_id<49249 AND mc.company_type_id=2 AND mi_idx.info_type_id<101;",
    "Cardinality": 420058,
    "AND Predicate Norm": [
        [
            101,
            1,
            1.0
        ],
        [
            58,
            1,
            0.20956952458765254
        ],
        [
            59,
            2,
            1.0
        ],
        [
            70,
            1,
            0.14285714285714285
        ]
    ],
    "Tables": [
        16,
        12,
        18
    ],
    "Joins": [
        "98-61",
        "98-71"
    ]
}