{
    "Query Number": "Synthetic_4771",
    "Query": "SELECT COUNT(*) FROM title t,movie_companies mc WHERE t.id=mc.movie_id AND t.kind_id<7 AND t.production_year<2011 AND mc.company_id=995 AND mc.company_type_id=2;",
    "Cardinality": 305,
    "AND Predicate Norm": [
        [
            101,
            1,
            1.0
        ],
        [
            104,
            1,
            0.9424460431654677
        ],
        [
            58,
            2,
            0.004229859231646496
        ],
        [
            59,
            2,
            1.0
        ]
    ],
    "Tables": [
        16,
        12
    ],
    "Joins": [
        "98-61"
    ]
}