{
    "Query Number": "Synthetic_4064",
    "Query": "SELECT COUNT(*) FROM title t,movie_companies mc,movie_info mi WHERE t.id=mc.movie_id AND t.id=mi.movie_id AND t.production_year=2007 AND mi.info_type_id>3;",
    "Cardinality": 2438779,
    "AND Predicate Norm": [
        [
            104,
            2,
            0.9136690647482014
        ],
        [
            65,
            3,
            0.01834862385321101
        ]
    ],
    "Tables": [
        16,
        12,
        17
    ],
    "Joins": [
        "98-61",
        "98-66"
    ]
}