{
    "Query Number": "Synthetic_4855",
    "Query": "SELECT COUNT(*) FROM title t,cast_info ci,movie_info mi WHERE t.id=ci.movie_id AND t.id=mi.movie_id AND t.kind_id<7 AND ci.person_id=2482947 AND ci.role_id>1;",
    "Cardinality": 28,
    "AND Predicate Norm": [
        [
            101,
            1,
            1.0
        ],
        [
            24,
            2,
            0.611273226364347
        ],
        [
            26,
            3,
            0.0
        ]
    ],
    "Tables": [
        16,
        2,
        17
    ],
    "Joins": [
        "98-21",
        "98-66"
    ]
}