{
    "Query Number": "Synthetic_4332",
    "Query": "SELECT COUNT(*) FROM title t,cast_info ci,movie_info mi WHERE t.id=ci.movie_id AND t.id=mi.movie_id AND ci.person_id<2996965 AND mi.info_type_id<4;",
    "Cardinality": 52389960,
    "AND Predicate Norm": [
        [
            24,
            1,
            0.7378186451005373
        ],
        [
            65,
            1,
            0.027522935779816515
        ]
    ],
    "Tables": [
        16,
        2,
        17
    ],
    "Joins": [
        "98-21",
        "98-66"
    ]
}