{
    "Query Number": "Synthetic_4520",
    "Query": "SELECT COUNT(*) FROM title t,movie_companies mc,cast_info ci WHERE t.id=mc.movie_id AND t.id=ci.movie_id AND mc.company_id=11264 AND mc.company_type_id=2 AND ci.role_id=1;",
    "Cardinality": 4519,
    "AND Predicate Norm": [
        [
            58,
            2,
            0.04792847537830431
        ],
        [
            59,
            2,
            1.0
        ],
        [
            26,
            2,
            0.0
        ]
    ],
    "Tables": [
        16,
        12,
        2
    ],
    "Joins": [
        "98-61",
        "98-21"
    ]
}