{
    "Query Number": "Synthetic_4709",
    "Query": "SELECT COUNT(*) FROM title t,movie_info mi,movie_keyword mk WHERE t.id=mi.movie_id AND t.id=mk.movie_id AND t.kind_id=1 AND t.production_year<2013 AND mi.info_type_id<2;",
    "Cardinality": 3453099,
    "AND Predicate Norm": [
        [
            101,
            2,
            0.0
        ],
        [
            104,
            1,
            0.9568345323741008
        ],
        [
            65,
            1,
            0.009174311926605505
        ]
    ],
    "Tables": [
        16,
        17,
        19
    ],
    "Joins": [
        "98-66",
        "98-75"
    ]
}