{
    "Query Number": "Synthetic_4249",
    "Query": "SELECT COUNT(*) FROM title t,movie_info mi,movie_info_idx mi_idx WHERE t.id=mi.movie_id AND t.id=mi_idx.movie_id AND t.kind_id>1 AND t.production_year>2009 AND mi.info_type_id=16 AND mi_idx.info_type_id<100;",
    "Cardinality": 73209,
    "AND Predicate Norm": [
        [
            101,
            3,
            0.0
        ],
        [
            104,
            3,
            0.9280575539568345
        ],
        [
            65,
            2,
            0.13761467889908258
        ],
        [
            70,
            1,
            0.07142857142857142
        ]
    ],
    "Tables": [
        16,
        17,
        18
    ],
    "Joins": [
        "98-66",
        "98-71"
    ]
}