{
    "Query Number": "Synthetic_4028",
    "Query": "SELECT COUNT(*) FROM title t,movie_companies mc,movie_info mi WHERE t.id=mc.movie_id AND t.id=mi.movie_id AND t.production_year>1992 AND mi.info_type_id<11;",
    "Cardinality": 13900534,
    "AND Predicate Norm": [
        [
            104,
            3,
            0.8057553956834532
        ],
        [
            65,
            1,
            0.09174311926605505
        ]
    ],
    "Tables": [
        16,
        12,
        17
    ],
    "Joins": [
        "98-61",
        "98-66"
    ]
}