{
    "Query Number": "Synthetic_4712",
    "Query": "SELECT COUNT(*) FROM title t,cast_info ci,movie_keyword mk WHERE t.id=ci.movie_id AND t.id=mk.movie_id AND t.production_year<2000 AND mk.keyword_id>62;",
    "Cardinality": 94634840,
    "AND Predicate Norm": [
        [
            104,
            1,
            0.8633093525179856
        ],
        [
            74,
            3,
            0.0004546504781283307
        ]
    ],
    "Tables": [
        16,
        2,
        19
    ],
    "Joins": [
        "98-21",
        "98-75"
    ]
}