{
    "Query Number": "Synthetic_4378",
    "Query": "SELECT COUNT(*) FROM title t,movie_companies mc WHERE t.id=mc.movie_id AND t.kind_id=7 AND t.production_year=2004 AND mc.company_id>34 AND mc.company_type_id<2;",
    "Cardinality": 6038,
    "AND Predicate Norm": [
        [
            101,
            2,
            1.0
        ],
        [
            104,
            2,
            0.8920863309352518
        ],
        [
            58,
            3,
            0.00014042792217739878
        ],
        [
            59,
            1,
            1.0
        ]
    ],
    "Tables": [
        16,
        12
    ],
    "Joins": [
        "98-61"
    ]
}