{
    "Query Number": "Synthetic_4916",
    "Query": "SELECT COUNT(*) FROM title t,cast_info ci,movie_info_idx mi_idx WHERE t.id=ci.movie_id AND t.id=mi_idx.movie_id AND t.production_year=1995 AND ci.role_id<5;",
    "Cardinality": 496307,
    "AND Predicate Norm": [
        [
            104,
            2,
            0.8273381294964028
        ],
        [
            26,
            1,
            0.4
        ]
    ],
    "Tables": [
        16,
        2,
        18
    ],
    "Joins": [
        "98-21",
        "98-71"
    ]
}