{
    "Query Number": "Synthetic_4466",
    "Query": "SELECT COUNT(*) FROM title t,movie_info mi,movie_info_idx mi_idx WHERE t.id=mi.movie_id AND t.id=mi_idx.movie_id AND mi.info_type_id>1 AND mi_idx.info_type_id>99;",
    "Cardinality": 13292008,
    "AND Predicate Norm": [
        [
            65,
            3,
            0.0
        ],
        [
            70,
            3,
            0.0
        ]
    ],
    "Tables": [
        16,
        17,
        18
    ],
    "Joins": [
        "98-66",
        "98-71"
    ]
}