{
    "Query Number": "Synthetic_4720",
    "Query": "SELECT COUNT(*) FROM title t,movie_info_idx mi_idx,movie_keyword mk WHERE t.id=mi_idx.movie_id AND t.id=mk.movie_id AND t.kind_id=1 AND t.production_year=1962 AND mk.keyword_id>683;",
    "Cardinality": 35056,
    "AND Predicate Norm": [
        [
            101,
            2,
            0.0
        ],
        [
            104,
            2,
            0.5899280575539568
        ],
        [
            74,
            3,
            0.005083141411205271
        ]
    ],
    "Tables": [
        16,
        18,
        19
    ],
    "Joins": [
        "98-71",
        "98-75"
    ]
}