{
    "Query Number": "Synthetic_4350",
    "Query": "SELECT COUNT(*) FROM title t,movie_info mi,movie_info_idx mi_idx WHERE t.id=mi.movie_id AND t.id=mi_idx.movie_id AND t.production_year=2012 AND mi.info_type_id>3 AND mi_idx.info_type_id=100;",
    "Cardinality": 162551,
    "AND Predicate Norm": [
        [
            104,
            2,
            0.9496402877697842
        ],
        [
            65,
            3,
            0.01834862385321101
        ],
        [
            70,
            2,
            0.07142857142857142
        ]
    ],
    "Tables": [
        16,
        17,
        18
    ],
    "Joins": [
        "98-66",
        "98-71"
    ]
}