{
    "Query Number": "Synthetic_4001",
    "Query": "SELECT COUNT(*) FROM title t,cast_info ci,movie_info mi WHERE t.id=ci.movie_id AND t.id=mi.movie_id AND t.kind_id=7 AND t.production_year>0 AND mi.info_type_id>6;",
    "Cardinality": 65692339,
    "AND Predicate Norm": [
        [
            101,
            2,
            1.0
        ],
        [
            104,
            3,
            -13.525179856115107
        ],
        [
            65,
            3,
            0.045871559633027525
        ]
    ],
    "Tables": [
        16,
        2,
        17
    ],
    "Joins": [
        "98-21",
        "98-66"
    ]
}