{
    "Query Number": "Synthetic_4189",
    "Query": "SELECT COUNT(*) FROM title t,cast_info ci,movie_info_idx mi_idx WHERE t.id=ci.movie_id AND t.id=mi_idx.movie_id AND ci.person_id<676631 AND ci.role_id<10 AND mi_idx.info_type_id>99;",
    "Cardinality": 5131636,
    "AND Predicate Norm": [
        [
            24,
            1,
            0.1665786542095189
        ],
        [
            26,
            1,
            0.9
        ],
        [
            70,
            3,
            0.0
        ]
    ],
    "Tables": [
        16,
        2,
        18
    ],
    "Joins": [
        "98-21",
        "98-71"
    ]
}