{
    "Query Number": "Synthetic_4185",
    "Query": "SELECT COUNT(*) FROM title t,cast_info ci,movie_info_idx mi_idx WHERE t.id=ci.movie_id AND t.id=mi_idx.movie_id AND t.production_year=2010 AND mi_idx.info_type_id<101;",
    "Cardinality": 1350178,
    "AND Predicate Norm": [
        [
            104,
            2,
            0.935251798561151
        ],
        [
            70,
            1,
            0.14285714285714285
        ]
    ],
    "Tables": [
        16,
        2,
        18
    ],
    "Joins": [
        "98-21",
        "98-71"
    ]
}