{
    "Query Number": "Synthetic_4264",
    "Query": "SELECT COUNT(*) FROM title t,cast_info ci WHERE t.id=ci.movie_id AND t.kind_id<4 AND t.production_year>2008 AND ci.role_id>10;",
    "Cardinality": 36156,
    "AND Predicate Norm": [
        [
            101,
            1,
            0.5
        ],
        [
            104,
            3,
            0.920863309352518
        ],
        [
            26,
            3,
            0.9
        ]
    ],
    "Tables": [
        16,
        2
    ],
    "Joins": [
        "98-21"
    ]
}