{
    "Query Number": "Synthetic_4391",
    "Query": "SELECT COUNT(*) FROM title t,movie_info_idx mi_idx,movie_keyword mk WHERE t.id=mi_idx.movie_id AND t.id=mk.movie_id AND mi_idx.info_type_id<101 AND mk.keyword_id<10866;",
    "Cardinality": 4676700,
    "AND Predicate Norm": [
        [
            70,
            1,
            0.14285714285714285
        ],
        [
            74,
            1,
            0.08097995811252973
        ]
    ],
    "Tables": [
        16,
        18,
        19
    ],
    "Joins": [
        "98-71",
        "98-75"
    ]
}