{
    "Query Number": "Synthetic_4145",
    "Query": "SELECT COUNT(*) FROM title t,movie_info_idx mi_idx,movie_keyword mk WHERE t.id=mi_idx.movie_id AND t.id=mk.movie_id AND t.kind_id>4 AND t.production_year<2010 AND mk.keyword_id=2888;",
    "Cardinality": 867,
    "AND Predicate Norm": [
        [
            101,
            3,
            0.5
        ],
        [
            104,
            1,
            0.935251798561151
        ],
        [
            74,
            2,
            0.02151763820256542
        ]
    ],
    "Tables": [
        16,
        18,
        19
    ],
    "Joins": [
        "98-71",
        "98-75"
    ]
}