{
    "Query Number": "Synthetic_4562",
    "Query": "SELECT COUNT(*) FROM title t,movie_info mi,movie_keyword mk WHERE t.id=mi.movie_id AND t.id=mk.movie_id AND mi.info_type_id=71 AND mk.keyword_id=4886;",
    "Cardinality": 63,
    "AND Predicate Norm": [
        [
            65,
            2,
            0.6422018348623854
        ],
        [
            74,
            2,
            0.03640930468289993
        ]
    ],
    "Tables": [
        16,
        17,
        19
    ],
    "Joins": [
        "98-66",
        "98-75"
    ]
}