{
    "Query Number": "Synthetic_4475",
    "Query": "SELECT COUNT(*) FROM title t,cast_info ci,movie_info_idx mi_idx WHERE t.id=ci.movie_id AND t.id=mi_idx.movie_id AND t.production_year>1989 AND ci.role_id=2 AND mi_idx.info_type_id<101;",
    "Cardinality": 3295126,
    "AND Predicate Norm": [
        [
            104,
            3,
            0.7841726618705036
        ],
        [
            26,
            2,
            0.1
        ],
        [
            70,
            1,
            0.14285714285714285
        ]
    ],
    "Tables": [
        16,
        2,
        18
    ],
    "Joins": [
        "98-21",
        "98-71"
    ]
}