{
    "Query Number": "Synthetic_4707",
    "Query": "SELECT COUNT(*) FROM title t,movie_companies mc,movie_info mi WHERE t.id=mc.movie_id AND t.id=mi.movie_id AND t.kind_id=7 AND mc.company_id=521;",
    "Cardinality": 1352,
    "AND Predicate Norm": [
        [
            101,
            2,
            1.0
        ],
        [
            58,
            2,
            0.0022128036221893137
        ]
    ],
    "Tables": [
        16,
        12,
        17
    ],
    "Joins": [
        "98-61",
        "98-66"
    ]
}