{
    "Query Number": "Synthetic_4135",
    "Query": "SELECT COUNT(*) FROM title t,cast_info ci,movie_keyword mk WHERE t.id=ci.movie_id AND t.id=mk.movie_id AND t.kind_id<7 AND t.production_year<1994 AND ci.role_id<7 AND mk.keyword_id=24922;",
    "Cardinality": 1192,
    "AND Predicate Norm": [
        [
            101,
            1,
            1.0
        ],
        [
            104,
            1,
            0.8201438848920863
        ],
        [
            26,
            1,
            0.6
        ],
        [
            74,
            2,
            0.18574335353173982
        ]
    ],
    "Tables": [
        16,
        2,
        19
    ],
    "Joins": [
        "98-21",
        "98-75"
    ]
}