{
    "Query Number": "Synthetic_4114",
    "Query": "SELECT COUNT(*) FROM title t,cast_info ci,movie_info mi WHERE t.id=ci.movie_id AND t.id=mi.movie_id AND t.production_year<2001 AND ci.person_id>2536455 AND ci.role_id=11;",
    "Cardinality": 1136443,
    "AND Predicate Norm": [
        [
            104,
            1,
            0.8705035971223022
        ],
        [
            24,
            3,
            0.6244462908596293
        ],
        [
            26,
            2,
            1.0
        ]
    ],
    "Tables": [
        16,
        2,
        17
    ],
    "Joins": [
        "98-21",
        "98-66"
    ]
}