{
    "Query Number": "Synthetic_4781",
    "Query": "SELECT COUNT(*) FROM title t,movie_companies mc WHERE t.id=mc.movie_id AND t.kind_id=1 AND t.production_year=1987 AND mc.company_id<265;",
    "Cardinality": 364,
    "AND Predicate Norm": [
        [
            101,
            2,
            0.0
        ],
        [
            104,
            2,
            0.7697841726618705
        ],
        [
            58,
            1,
            0.0011234233774191902
        ]
    ],
    "Tables": [
        16,
        12
    ],
    "Joins": [
        "98-61"
    ]
}