{
    "Query Number": "Synthetic_4989",
    "Query": "SELECT COUNT(*) FROM title t,movie_companies mc,movie_keyword mk WHERE t.id=mc.movie_id AND t.id=mk.movie_id AND mc.company_id<11713 AND mk.keyword_id>11399;",
    "Cardinality": 6606420,
    "AND Predicate Norm": [
        [
            58,
            1,
            0.04983914619823316
        ],
        [
            74,
            3,
            0.08495255983125759
        ]
    ],
    "Tables": [
        16,
        12,
        19
    ],
    "Joins": [
        "98-61",
        "98-75"
    ]
}