{
    "Query Number": "Synthetic_4267",
    "Query": "SELECT COUNT(*) FROM title t,movie_companies mc,movie_info mi WHERE t.id=mc.movie_id AND t.id=mi.movie_id AND mc.company_id<42432 AND mc.company_type_id=2 AND mi.info_type_id<16;",
    "Cardinality": 5635566,
    "AND Predicate Norm": [
        [
            58,
            1,
            0.18056052017906687
        ],
        [
            59,
            2,
            1.0
        ],
        [
            65,
            1,
            0.13761467889908258
        ]
    ],
    "Tables": [
        16,
        12,
        17
    ],
    "Joins": [
        "98-61",
        "98-66"
    ]
}