{
    "Query Number": "Synthetic_4287",
    "Query": "SELECT COUNT(*) FROM title t,movie_keyword mk WHERE t.id=mk.movie_id AND t.kind_id<7 AND t.production_year<2004 AND mk.keyword_id>12097;",
    "Cardinality": 763832,
    "AND Predicate Norm": [
        [
            101,
            1,
            1.0
        ],
        [
            104,
            1,
            0.8920863309352518
        ],
        [
            74,
            3,
            0.09015495382688997
        ]
    ],
    "Tables": [
        16,
        19
    ],
    "Joins": [
        "98-75"
    ]
}