{
    "Query Number": "Synthetic_4142",
    "Query": "SELECT COUNT(*) FROM title t,cast_info ci,movie_keyword mk WHERE t.id=ci.movie_id AND t.id=mk.movie_id AND ci.role_id=1 AND mk.keyword_id>56678;",
    "Cardinality": 5107743,
    "AND Predicate Norm": [
        [
            26,
            2,
            0.0
        ],
        [
            74,
            3,
            0.42242992047343275
        ]
    ],
    "Tables": [
        16,
        2,
        19
    ],
    "Joins": [
        "98-21",
        "98-75"
    ]
}