{
    "Query Number": "Synthetic_4346",
    "Query": "SELECT COUNT(*) FROM title t,movie_info_idx mi_idx,movie_keyword mk WHERE t.id=mi_idx.movie_id AND t.id=mk.movie_id AND t.production_year>2007 AND mi_idx.info_type_id=101 AND mk.keyword_id=48524;",
    "Cardinality": 1,
    "AND Predicate Norm": [
        [
            104,
            3,
            0.9136690647482014
        ],
        [
            70,
            2,
            0.14285714285714285
        ],
        [
            74,
            2,
            0.3616558221347703
        ]
    ],
    "Tables": [
        16,
        18,
        19
    ],
    "Joins": [
        "98-71",
        "98-75"
    ]
}