{
    "Query Number": "Synthetic_4016",
    "Query": "SELECT COUNT(*) FROM title t,movie_companies mc WHERE t.id=mc.movie_id AND t.production_year<1958 AND mc.company_id>12922 AND mc.company_type_id=1;",
    "Cardinality": 76303,
    "AND Predicate Norm": [
        [
            104,
            1,
            0.5611510791366906
        ],
        [
            58,
            3,
            0.05498391461982332
        ],
        [
            59,
            2,
            0.0
        ]
    ],
    "Tables": [
        16,
        12
    ],
    "Joins": [
        "98-61"
    ]
}