{
    "Query Number": "Synthetic_4196",
    "Query": "SELECT COUNT(*) FROM title t,movie_companies mc,movie_info mi WHERE t.id=mc.movie_id AND t.id=mi.movie_id AND mc.company_type_id=1 AND mi.info_type_id=4;",
    "Cardinality": 1330601,
    "AND Predicate Norm": [
        [
            59,
            2,
            0.0
        ],
        [
            65,
            2,
            0.027522935779816515
        ]
    ],
    "Tables": [
        16,
        12,
        17
    ],
    "Joins": [
        "98-61",
        "98-66"
    ]
}