{
    "Query Number": "Synthetic_4405",
    "Query": "SELECT COUNT(*) FROM title t,movie_companies mc,movie_keyword mk WHERE t.id=mc.movie_id AND t.id=mk.movie_id AND mc.company_id<69534 AND mc.company_type_id=1 AND mk.keyword_id<5312;",
    "Cardinality": 13242600,
    "AND Predicate Norm": [
        [
            58,
            1,
            0.29589014281094145
        ],
        [
            59,
            2,
            0.0
        ],
        [
            74,
            1,
            0.039584404743271545
        ]
    ],
    "Tables": [
        16,
        12,
        19
    ],
    "Joins": [
        "98-61",
        "98-75"
    ]
}