{
    "Query Number": "Synthetic_4622",
    "Query": "SELECT COUNT(*) FROM title t,movie_companies mc,movie_keyword mk WHERE t.id=mc.movie_id AND t.id=mk.movie_id AND t.kind_id<7 AND mk.keyword_id<14017;",
    "Cardinality": 24034840,
    "AND Predicate Norm": [
        [
            101,
            1,
            1.0
        ],
        [
            74,
            1,
            0.10446526395814235
        ]
    ],
    "Tables": [
        16,
        12,
        19
    ],
    "Joins": [
        "98-61",
        "98-75"
    ]
}