{
    "Query Number": "Synthetic_4796",
    "Query": "SELECT COUNT(*) FROM title t,cast_info ci WHERE t.id=ci.movie_id AND t.production_year<1972 AND ci.person_id<1803427 AND ci.role_id=1;",
    "Cardinality": 2027527,
    "AND Predicate Norm": [
        [
            104,
            1,
            0.6618705035971223
        ],
        [
            24,
            1,
            0.4439830868369061
        ],
        [
            26,
            2,
            0.0
        ]
    ],
    "Tables": [
        16,
        2
    ],
    "Joins": [
        "98-21"
    ]
}