{
    "Query Number": "Synthetic_4897",
    "Query": "SELECT COUNT(*) FROM title t,cast_info ci,movie_keyword mk WHERE t.id=ci.movie_id AND t.id=mk.movie_id AND ci.person_id<392746 AND ci.role_id>2 AND mk.keyword_id=1420;",
    "Cardinality": 2144,
    "AND Predicate Norm": [
        [
            24,
            1,
            0.09668937757344116
        ],
        [
            26,
            3,
            0.1
        ],
        [
            74,
            2,
            0.010576213581378708
        ]
    ],
    "Tables": [
        16,
        2,
        19
    ],
    "Joins": [
        "98-21",
        "98-75"
    ]
}