{
    "Query Number": "Synthetic_4295",
    "Query": "SELECT COUNT(*) FROM title t,cast_info ci,movie_keyword mk WHERE t.id=ci.movie_id AND t.id=mk.movie_id AND t.kind_id=7 AND ci.person_id<2333441 AND ci.role_id=10 AND mk.keyword_id>20762;",
    "Cardinality": 244102,
    "AND Predicate Norm": [
        [
            101,
            2,
            1.0
        ],
        [
            24,
            1,
            0.5744665398794906
        ],
        [
            26,
            2,
            0.9
        ],
        [
            74,
            3,
            0.154737681580693
        ]
    ],
    "Tables": [
        16,
        2,
        19
    ],
    "Joins": [
        "98-21",
        "98-75"
    ]
}