{
    "Query Number": "Synthetic_4487",
    "Query": "SELECT COUNT(*) FROM title t,movie_info_idx mi_idx,movie_keyword mk WHERE t.id=mi_idx.movie_id AND t.id=mk.movie_id AND t.production_year=1999 AND mi_idx.info_type_id<101;",
    "Cardinality": 163530,
    "AND Predicate Norm": [
        [
            104,
            2,
            0.8561151079136691
        ],
        [
            70,
            1,
            0.14285714285714285
        ]
    ],
    "Tables": [
        16,
        18,
        19
    ],
    "Joins": [
        "98-71",
        "98-75"
    ]
}