{
    "Query Number": "Synthetic_4685",
    "Query": "SELECT COUNT(*) FROM title t,movie_info mi,movie_keyword mk WHERE t.id=mi.movie_id AND t.id=mk.movie_id AND t.kind_id=1 AND t.production_year<2002 AND mk.keyword_id<4514;",
    "Cardinality": 54898064,
    "AND Predicate Norm": [
        [
            101,
            2,
            0.0
        ],
        [
            104,
            1,
            0.8776978417266187
        ],
        [
            74,
            1,
            0.033636682094969776
        ]
    ],
    "Tables": [
        16,
        17,
        19
    ],
    "Joins": [
        "98-66",
        "98-75"
    ]
}