{
    "Query Number": "Synthetic_4901",
    "Query": "SELECT COUNT(*) FROM title t,cast_info ci,movie_info mi WHERE t.id=ci.movie_id AND t.id=mi.movie_id AND t.kind_id=4 AND mi.info_type_id>4;",
    "Cardinality": 7513868,
    "AND Predicate Norm": [
        [
            101,
            2,
            0.5
        ],
        [
            65,
            3,
            0.027522935779816515
        ]
    ],
    "Tables": [
        16,
        2,
        17
    ],
    "Joins": [
        "98-21",
        "98-66"
    ]
}