{
    "Query Number": "Synthetic_4515",
    "Query": "SELECT COUNT(*) FROM title t,movie_keyword mk WHERE t.id=mk.movie_id AND t.kind_id>1 AND t.production_year=2008 AND mk.keyword_id>1;",
    "Cardinality": 91252,
    "AND Predicate Norm": [
        [
            101,
            3,
            0.0
        ],
        [
            104,
            2,
            0.920863309352518
        ],
        [
            74,
            3,
            0.0
        ]
    ],
    "Tables": [
        16,
        19
    ],
    "Joins": [
        "98-75"
    ]
}