{
    "Query Number": "Synthetic_4518",
    "Query": "SELECT COUNT(*) FROM title t,movie_companies mc,movie_keyword mk WHERE t.id=mc.movie_id AND t.id=mk.movie_id AND t.kind_id=1 AND mc.company_id<20235;",
    "Cardinality": 23842427,
    "AND Predicate Norm": [
        [
            101,
            2,
            0.0
        ],
        [
            58,
            1,
            0.08610359325265111
        ]
    ],
    "Tables": [
        16,
        12,
        19
    ],
    "Joins": [
        "98-61",
        "98-75"
    ]
}