{
    "Query Number": "Synthetic_4071",
    "Query": "SELECT COUNT(*) FROM title t,cast_info ci,movie_keyword mk WHERE t.id=ci.movie_id AND t.id=mk.movie_id AND t.kind_id=3 AND ci.person_id>1248559;",
    "Cardinality": 6347403,
    "AND Predicate Norm": [
        [
            101,
            2,
            0.3333333333333333
        ],
        [
            24,
            3,
            0.30738086006019316
        ]
    ],
    "Tables": [
        16,
        2,
        19
    ],
    "Joins": [
        "98-21",
        "98-75"
    ]
}