{
    "Query Number": "Synthetic_4965",
    "Query": "SELECT COUNT(*) FROM title t,movie_info_idx mi_idx,movie_keyword mk WHERE t.id=mi_idx.movie_id AND t.id=mk.movie_id AND t.kind_id<7 AND t.production_year<2001 AND mi_idx.info_type_id>100 AND mk.keyword_id<1753;",
    "Cardinality": 568618,
    "AND Predicate Norm": [
        [
            101,
            1,
            1.0
        ],
        [
            104,
            1,
            0.8705035971223022
        ],
        [
            70,
            3,
            0.07142857142857142
        ],
        [
            74,
            1,
            0.013058157994767793
        ]
    ],
    "Tables": [
        16,
        18,
        19
    ],
    "Joins": [
        "98-71",
        "98-75"
    ]
}