{
    "Query Number": "Synthetic_4828",
    "Query": "SELECT COUNT(*) FROM title t,movie_info mi,movie_keyword mk WHERE t.id=mi.movie_id AND t.id=mk.movie_id AND t.kind_id<2 AND t.production_year<1992;",
    "Cardinality": 75212132,
    "AND Predicate Norm": [
        [
            101,
            1,
            0.16666666666666666
        ],
        [
            104,
            1,
            0.8057553956834532
        ]
    ],
    "Tables": [
        16,
        17,
        19
    ],
    "Joins": [
        "98-66",
        "98-75"
    ]
}