{
    "Query Number": "Synthetic_4579",
    "Query": "SELECT COUNT(*) FROM title t,cast_info ci,movie_info_idx mi_idx WHERE t.id=ci.movie_id AND t.id=mi_idx.movie_id AND t.kind_id=1 AND ci.role_id=8 AND mi_idx.info_type_id=101;",
    "Cardinality": 227780,
    "AND Predicate Norm": [
        [
            101,
            2,
            0.0
        ],
        [
            26,
            2,
            0.7
        ],
        [
            70,
            2,
            0.14285714285714285
        ]
    ],
    "Tables": [
        16,
        2,
        18
    ],
    "Joins": [
        "98-21",
        "98-71"
    ]
}