{
    "Query Number": "Synthetic_4932",
    "Query": "SELECT COUNT(*) FROM title t,movie_companies mc,cast_info ci WHERE t.id=mc.movie_id AND t.id=ci.movie_id AND t.kind_id<7 AND t.production_year>1997 AND ci.person_id=2802626 AND ci.role_id>4;",
    "Cardinality": 32,
    "AND Predicate Norm": [
        [
            101,
            1,
            1.0
        ],
        [
            104,
            3,
            0.841726618705036
        ],
        [
            24,
            2,
            0.689974581017621
        ],
        [
            26,
            3,
            0.3
        ]
    ],
    "Tables": [
        16,
        12,
        2
    ],
    "Joins": [
        "98-61",
        "98-21"
    ]
}