{
    "Query Number": "Synthetic_4581",
    "Query": "SELECT COUNT(*) FROM title t,cast_info ci WHERE t.id=ci.movie_id AND t.kind_id<7 AND t.production_year>1909 AND ci.person_id<3033660;",
    "Cardinality": 12191414,
    "AND Predicate Norm": [
        [
            101,
            1,
            1.0
        ],
        [
            104,
            3,
            0.20863309352517986
        ],
        [
            24,
            1,
            0.7468525391286152
        ]
    ],
    "Tables": [
        16,
        2
    ],
    "Joins": [
        "98-21"
    ]
}