{
    "Query Number": "Synthetic_4693",
    "Query": "SELECT COUNT(*) FROM title t,movie_keyword mk WHERE t.id=mk.movie_id AND t.kind_id=1 AND t.production_year=2012 AND mk.keyword_id>6014;",
    "Cardinality": 27888,
    "AND Predicate Norm": [
        [
            101,
            2,
            0.0
        ],
        [
            104,
            2,
            0.9496402877697842
        ],
        [
            74,
            3,
            0.044816611885010696
        ]
    ],
    "Tables": [
        16,
        19
    ],
    "Joins": [
        "98-75"
    ]
}