{
    "Query Number": "Synthetic_4102",
    "Query": "SELECT COUNT(*) FROM title t,movie_info mi,movie_info_idx mi_idx WHERE t.id=mi.movie_id AND t.id=mi_idx.movie_id AND t.kind_id>1 AND mi.info_type_id<4 AND mi_idx.info_type_id=101;",
    "Cardinality": 497524,
    "AND Predicate Norm": [
        [
            101,
            3,
            0.0
        ],
        [
            65,
            1,
            0.027522935779816515
        ],
        [
            70,
            2,
            0.14285714285714285
        ]
    ],
    "Tables": [
        16,
        17,
        18
    ],
    "Joins": [
        "98-66",
        "98-71"
    ]
}