{
    "Query Number": "Synthetic_4444",
    "Query": "SELECT COUNT(*) FROM title t,cast_info ci,movie_info_idx mi_idx WHERE t.id=ci.movie_id AND t.id=mi_idx.movie_id AND t.kind_id=1 AND t.production_year<2005 AND ci.person_id>2341864;",
    "Cardinality": 3774304,
    "AND Predicate Norm": [
        [
            101,
            2,
            0.0
        ],
        [
            104,
            1,
            0.8992805755395683
        ],
        [
            24,
            3,
            0.5765401872264998
        ]
    ],
    "Tables": [
        16,
        2,
        18
    ],
    "Joins": [
        "98-21",
        "98-71"
    ]
}