{
    "Query Number": "Synthetic_4908",
    "Query": "SELECT COUNT(*) FROM title t,movie_companies mc,movie_info mi WHERE t.id=mc.movie_id AND t.id=mi.movie_id AND t.kind_id<7 AND t.production_year>1965 AND mc.company_id=160 AND mc.company_type_id>1 AND mi.info_type_id>108;",
    "Cardinality": 5,
    "AND Predicate Norm": [
        [
            101,
            1,
            1.0
        ],
        [
            104,
            3,
            0.6115107913669064
        ],
        [
            58,
            2,
            0.000676607261400194
        ],
        [
            59,
            3,
            0.0
        ],
        [
            65,
            3,
            0.981651376146789
        ]
    ],
    "Tables": [
        16,
        12,
        17
    ],
    "Joins": [
        "98-61",
        "98-66"
    ]
}