{
    "Query Number": "Synthetic_4334",
    "Query": "SELECT COUNT(*) FROM title t,movie_companies mc,movie_keyword mk WHERE t.id=mc.movie_id AND t.id=mk.movie_id AND t.kind_id<7 AND t.production_year=2009 AND mc.company_type_id>1 AND mk.keyword_id>679;",
    "Cardinality": 372643,
    "AND Predicate Norm": [
        [
            101,
            1,
            1.0
        ],
        [
            104,
            2,
            0.9280575539568345
        ],
        [
            59,
            3,
            0.0
        ],
        [
            74,
            3,
            0.005053328265098495
        ]
    ],
    "Tables": [
        16,
        12,
        19
    ],
    "Joins": [
        "98-61",
        "98-75"
    ]
}