{
    "Query Number": "Synthetic_4752",
    "Query": "SELECT COUNT(*) FROM title t,movie_companies mc,movie_info_idx mi_idx WHERE t.id=mc.movie_id AND t.id=mi_idx.movie_id AND mc.company_id>61757 AND mc.company_type_id<2 AND mi_idx.info_type_id<101;",
    "Cardinality": 9232,
    "AND Predicate Norm": [
        [
            58,
            3,
            0.2627959624844678
        ],
        [
            59,
            1,
            1.0
        ],
        [
            70,
            1,
            0.14285714285714285
        ]
    ],
    "Tables": [
        16,
        12,
        18
    ],
    "Joins": [
        "98-61",
        "98-71"
    ]
}