{
    "Query Number": "Synthetic_4490",
    "Query": "SELECT COUNT(*) FROM title t,movie_companies mc,movie_info mi WHERE t.id=mc.movie_id AND t.id=mi.movie_id AND t.kind_id=7 AND t.production_year<2010 AND mc.company_id<42541 AND mi.info_type_id<15;",
    "Cardinality": 2083778,
    "AND Predicate Norm": [
        [
            101,
            2,
            1.0
        ],
        [
            104,
            1,
            0.935251798561151
        ],
        [
            58,
            1,
            0.1810243578614104
        ],
        [
            65,
            1,
            0.12844036697247707
        ]
    ],
    "Tables": [
        16,
        12,
        17
    ],
    "Joins": [
        "98-61",
        "98-66"
    ]
}