{
    "Query Number": "Synthetic_4523",
    "Query": "SELECT COUNT(*) FROM title t,cast_info ci,movie_info mi WHERE t.id=ci.movie_id AND t.id=mi.movie_id AND ci.person_id>2071795 AND ci.role_id<8;",
    "Cardinality": 95271374,
    "AND Predicate Norm": [
        [
            24,
            3,
            0.5100522535497332
        ],
        [
            26,
            1,
            0.7
        ]
    ],
    "Tables": [
        16,
        2,
        17
    ],
    "Joins": [
        "98-21",
        "98-66"
    ]
}