{
    "Query Number": "Synthetic_4467",
    "Query": "SELECT COUNT(*) FROM title t,movie_companies mc,cast_info ci WHERE t.id=mc.movie_id AND t.id=ci.movie_id AND t.production_year>1978 AND ci.role_id=1;",
    "Cardinality": 19960933,
    "AND Predicate Norm": [
        [
            104,
            3,
            0.7050359712230215
        ],
        [
            26,
            2,
            0.0
        ]
    ],
    "Tables": [
        16,
        12,
        2
    ],
    "Joins": [
        "98-61",
        "98-21"
    ]
}