{
    "Query Number": "Synthetic_4599",
    "Query": "SELECT COUNT(*) FROM title t,cast_info ci,movie_info mi WHERE t.id=ci.movie_id AND t.id=mi.movie_id AND t.kind_id=4 AND t.production_year>1990 AND ci.person_id>2501889 AND ci.role_id>2 AND mi.info_type_id<16;",
    "Cardinality": 2037748,
    "AND Predicate Norm": [
        [
            101,
            2,
            0.5
        ],
        [
            104,
            3,
            0.7913669064748201
        ],
        [
            24,
            3,
            0.6159365325553771
        ],
        [
            26,
            3,
            0.1
        ],
        [
            65,
            1,
            0.13761467889908258
        ]
    ],
    "Tables": [
        16,
        2,
        17
    ],
    "Joins": [
        "98-21",
        "98-66"
    ]
}