{
    "Query Number": "Synthetic_4014",
    "Query": "SELECT COUNT(*) FROM title t,cast_info ci,movie_info mi WHERE t.id=ci.movie_id AND t.id=mi.movie_id AND t.production_year<1967 AND ci.person_id>519292;",
    "Cardinality": 44634620,
    "AND Predicate Norm": [
        [
            104,
            1,
            0.6258992805755396
        ],
        [
            24,
            3,
            0.1278435717055337
        ]
    ],
    "Tables": [
        16,
        2,
        17
    ],
    "Joins": [
        "98-21",
        "98-66"
    ]
}