{
    "Query Number": "Synthetic_4705",
    "Query": "SELECT COUNT(*) FROM title t,movie_info mi,movie_info_idx mi_idx WHERE t.id=mi.movie_id AND t.id=mi_idx.movie_id AND t.kind_id<7 AND mi.info_type_id=61;",
    "Cardinality": 20199,
    "AND Predicate Norm": [
        [
            101,
            1,
            1.0
        ],
        [
            65,
            2,
            0.5504587155963303
        ]
    ],
    "Tables": [
        16,
        17,
        18
    ],
    "Joins": [
        "98-66",
        "98-71"
    ]
}