{
    "Query Number": "Synthetic_4018",
    "Query": "SELECT COUNT(*) FROM title t,movie_keyword mk WHERE t.id=mk.movie_id AND t.kind_id=4 AND t.production_year<1991 AND mk.keyword_id>1515;",
    "Cardinality": 18716,
    "AND Predicate Norm": [
        [
            101,
            2,
            0.5
        ],
        [
            104,
            1,
            0.7985611510791367
        ],
        [
            74,
            3,
            0.011284275801414634
        ]
    ],
    "Tables": [
        16,
        19
    ],
    "Joins": [
        "98-75"
    ]
}