{
    "Query Number": "Synthetic_4913",
    "Query": "SELECT COUNT(*) FROM title t,movie_companies mc,cast_info ci WHERE t.id=mc.movie_id AND t.id=ci.movie_id AND t.kind_id=1 AND t.production_year>2013 AND mc.company_id<133039 AND mc.company_type_id=1 AND ci.person_id>1040128 AND ci.role_id=5;",
    "Cardinality": 442,
    "AND Predicate Norm": [
        [
            101,
            2,
            0.0
        ],
        [
            104,
            3,
            0.9568345323741008
        ],
        [
            58,
            1,
            0.5661287851708114
        ],
        [
            59,
            2,
            0.0
        ],
        [
            24,
            3,
            0.25606750493916064
        ],
        [
            26,
            2,
            0.4
        ]
    ],
    "Tables": [
        16,
        12,
        2
    ],
    "Joins": [
        "98-61",
        "98-21"
    ]
}