{
    "Query Number": "Synthetic_4212",
    "Query": "SELECT COUNT(*) FROM title t,movie_keyword mk WHERE t.id=mk.movie_id AND t.kind_id=7 AND t.production_year>1956 AND mk.keyword_id>5204;",
    "Cardinality": 316568,
    "AND Predicate Norm": [
        [
            101,
            2,
            1.0
        ],
        [
            104,
            3,
            0.5467625899280576
        ],
        [
            74,
            3,
            0.0387794497983886
        ]
    ],
    "Tables": [
        16,
        19
    ],
    "Joins": [
        "98-75"
    ]
}