{
    "Query Number": "Synthetic_4840",
    "Query": "SELECT COUNT(*) FROM title t,movie_info mi,movie_keyword mk WHERE t.id=mi.movie_id AND t.id=mk.movie_id AND t.production_year>2004 AND mi.info_type_id<3;",
    "Cardinality": 2577641,
    "AND Predicate Norm": [
        [
            104,
            3,
            0.8920863309352518
        ],
        [
            65,
            1,
            0.01834862385321101
        ]
    ],
    "Tables": [
        16,
        17,
        19
    ],
    "Joins": [
        "98-66",
        "98-75"
    ]
}