{
    "Query Number": "Synthetic_4824",
    "Query": "SELECT COUNT(*) FROM title t,movie_info_idx mi_idx,movie_keyword mk WHERE t.id=mi_idx.movie_id AND t.id=mk.movie_id AND t.production_year=1930 AND mi_idx.info_type_id<101 AND mk.keyword_id<498;",
    "Cardinality": 2274,
    "AND Predicate Norm": [
        [
            104,
            2,
            0.3597122302158273
        ],
        [
            70,
            1,
            0.14285714285714285
        ],
        [
            74,
            1,
            0.003704283403766891
        ]
    ],
    "Tables": [
        16,
        18,
        19
    ],
    "Joins": [
        "98-71",
        "98-75"
    ]
}