{
    "Query Number": "Synthetic_4986",
    "Query": "SELECT COUNT(*) FROM title t,movie_keyword mk WHERE t.id=mk.movie_id AND t.kind_id<7 AND t.production_year>1997 AND mk.keyword_id=13056;",
    "Cardinality": 143,
    "AND Predicate Norm": [
        [
            101,
            1,
            1.0
        ],
        [
            104,
            3,
            0.841726618705036
        ],
        [
            74,
            2,
            0.09730265560598945
        ]
    ],
    "Tables": [
        16,
        19
    ],
    "Joins": [
        "98-75"
    ]
}