{
    "Query Number": "Synthetic_4624",
    "Query": "SELECT COUNT(*) FROM title t,cast_info ci,movie_keyword mk WHERE t.id=ci.movie_id AND t.id=mk.movie_id AND t.kind_id<3 AND ci.person_id>2376438 AND mk.keyword_id<12512;",
    "Cardinality": 43629486,
    "AND Predicate Norm": [
        [
            101,
            1,
            0.3333333333333333
        ],
        [
            24,
            3,
            0.5850519150402826
        ],
        [
            74,
            1,
            0.09324806773546795
        ]
    ],
    "Tables": [
        16,
        2,
        19
    ],
    "Joins": [
        "98-21",
        "98-75"
    ]
}