{
    "Query Number": "Synthetic_4402",
    "Query": "SELECT COUNT(*) FROM title t,cast_info ci,movie_keyword mk WHERE t.id=ci.movie_id AND t.id=mk.movie_id AND t.kind_id>1 AND t.production_year>1976 AND ci.person_id>3716829 AND ci.role_id>4 AND mk.keyword_id=335;",
    "Cardinality": 10680,
    "AND Predicate Norm": [
        [
            101,
            3,
            0.0
        ],
        [
            104,
            3,
            0.6906474820143885
        ],
        [
            24,
            3,
            0.9150410211906916
        ],
        [
            26,
            3,
            0.3
        ],
        [
            74,
            2,
            0.002489397699915778
        ]
    ],
    "Tables": [
        16,
        2,
        19
    ],
    "Joins": [
        "98-21",
        "98-75"
    ]
}