{
    "Query Number": "Synthetic_4314",
    "Query": "SELECT COUNT(*) FROM title t,cast_info ci WHERE t.id=ci.movie_id AND t.kind_id=7 AND t.production_year>2012 AND ci.person_id>397474 AND ci.role_id=2;",
    "Cardinality": 119727,
    "AND Predicate Norm": [
        [
            101,
            2,
            1.0
        ],
        [
            104,
            3,
            0.9496402877697842
        ],
        [
            24,
            3,
            0.09785335770601378
        ],
        [
            26,
            2,
            0.1
        ]
    ],
    "Tables": [
        16,
        2
    ],
    "Joins": [
        "98-21"
    ]
}