{
    "Query Number": "Synthetic_4112",
    "Query": "SELECT COUNT(*) FROM title t,cast_info ci,movie_info_idx mi_idx WHERE t.id=ci.movie_id AND t.id=mi_idx.movie_id AND t.kind_id<7 AND t.production_year>2010 AND ci.person_id<3054241 AND ci.role_id=2 AND mi_idx.info_type_id=101;",
    "Cardinality": 128793,
    "AND Predicate Norm": [
        [
            101,
            1,
            1.0
        ],
        [
            104,
            3,
            0.935251798561151
        ],
        [
            24,
            1,
            0.7519193485847228
        ],
        [
            26,
            2,
            0.1
        ],
        [
            70,
            2,
            0.14285714285714285
        ]
    ],
    "Tables": [
        16,
        2,
        18
    ],
    "Joins": [
        "98-21",
        "98-71"
    ]
}