{
    "Query Number": "Synthetic_4658",
    "Query": "SELECT COUNT(*) FROM title t,movie_companies mc,movie_info_idx mi_idx WHERE t.id=mc.movie_id AND t.id=mi_idx.movie_id AND mc.company_id<150930 AND mi_idx.info_type_id=101;",
    "Cardinality": 1300642,
    "AND Predicate Norm": [
        [
            58,
            1,
            0.6422619959488672
        ],
        [
            70,
            2,
            0.14285714285714285
        ]
    ],
    "Tables": [
        16,
        12,
        18
    ],
    "Joins": [
        "98-61",
        "98-71"
    ]
}