{
    "Query Number": "Synthetic_4993",
    "Query": "SELECT COUNT(*) FROM title t,cast_info ci WHERE t.id=ci.movie_id AND t.kind_id=7 AND t.production_year<2012 AND ci.role_id>7;",
    "Cardinality": 3765028,
    "AND Predicate Norm": [
        [
            101,
            2,
            1.0
        ],
        [
            104,
            1,
            0.9496402877697842
        ],
        [
            26,
            3,
            0.6
        ]
    ],
    "Tables": [
        16,
        2
    ],
    "Joins": [
        "98-21"
    ]
}