{
    "Query Number": "Synthetic_4144",
    "Query": "SELECT COUNT(*) FROM title t,cast_info ci,movie_info mi WHERE t.id=ci.movie_id AND t.id=mi.movie_id AND ci.person_id>2485853 AND mi.info_type_id=7;",
    "Cardinality": 10039501,
    "AND Predicate Norm": [
        [
            24,
            3,
            0.61198865070133
        ],
        [
            65,
            2,
            0.05504587155963303
        ]
    ],
    "Tables": [
        16,
        2,
        17
    ],
    "Joins": [
        "98-21",
        "98-66"
    ]
}