{
    "Query Number": "Synthetic_4569",
    "Query": "SELECT COUNT(*) FROM title t,movie_companies mc,movie_keyword mk WHERE t.id=mc.movie_id AND t.id=mk.movie_id AND mc.company_id<100309 AND mc.company_type_id=1;",
    "Cardinality": 26443187,
    "AND Predicate Norm": [
        [
            58,
            1,
            0.42684981872031863
        ],
        [
            59,
            2,
            0.0
        ]
    ],
    "Tables": [
        16,
        12,
        19
    ],
    "Joins": [
        "98-61",
        "98-75"
    ]
}