{
    "Query Number": "Synthetic_4151",
    "Query": "SELECT COUNT(*) FROM title t,movie_info_idx mi_idx,movie_keyword mk WHERE t.id=mi_idx.movie_id AND t.id=mk.movie_id AND t.kind_id>1 AND mi_idx.info_type_id<101 AND mk.keyword_id=398;",
    "Cardinality": 5512,
    "AND Predicate Norm": [
        [
            101,
            3,
            0.0
        ],
        [
            70,
            1,
            0.14285714285714285
        ],
        [
            74,
            2,
            0.0029589547510974964
        ]
    ],
    "Tables": [
        16,
        18,
        19
    ],
    "Joins": [
        "98-71",
        "98-75"
    ]
}