{
    "Query Number": "Synthetic_4158",
    "Query": "SELECT COUNT(*) FROM title t,cast_info ci,movie_info_idx mi_idx WHERE t.id=ci.movie_id AND t.id=mi_idx.movie_id AND t.kind_id<4 AND t.production_year<1992 AND ci.person_id>1087495;",
    "Cardinality": 5665372,
    "AND Predicate Norm": [
        [
            101,
            1,
            0.5
        ],
        [
            104,
            1,
            0.8057553956834532
        ],
        [
            24,
            3,
            0.26772872468103176
        ]
    ],
    "Tables": [
        16,
        2,
        18
    ],
    "Joins": [
        "98-21",
        "98-71"
    ]
}