{
    "Query Number": "Synthetic_4498",
    "Query": "SELECT COUNT(*) FROM title t,movie_companies mc,movie_info mi WHERE t.id=mc.movie_id AND t.id=mi.movie_id AND mc.company_id<45851 AND mi.info_type_id=16;",
    "Cardinality": 9090766,
    "AND Predicate Norm": [
        [
            58,
            1,
            0.1951097039949616
        ],
        [
            65,
            2,
            0.13761467889908258
        ]
    ],
    "Tables": [
        16,
        12,
        17
    ],
    "Joins": [
        "98-61",
        "98-66"
    ]
}