{
    "Query Number": "Synthetic_4716",
    "Query": "SELECT COUNT(*) FROM title t,movie_info mi,movie_info_idx mi_idx WHERE t.id=mi.movie_id AND t.id=mi_idx.movie_id AND t.production_year=1993 AND mi.info_type_id<16;",
    "Cardinality": 186983,
    "AND Predicate Norm": [
        [
            104,
            2,
            0.8129496402877698
        ],
        [
            65,
            1,
            0.13761467889908258
        ]
    ],
    "Tables": [
        16,
        17,
        18
    ],
    "Joins": [
        "98-66",
        "98-71"
    ]
}