{
    "Query Number": "Synthetic_4198",
    "Query": "SELECT COUNT(*) FROM title t,movie_companies mc,movie_info mi WHERE t.id=mc.movie_id AND t.id=mi.movie_id AND t.production_year<2007 AND mc.company_id<428;",
    "Cardinality": 6498655,
    "AND Predicate Norm": [
        [
            104,
            1,
            0.9136690647482014
        ],
        [
            58,
            1,
            0.0018170522051439173
        ]
    ],
    "Tables": [
        16,
        12,
        17
    ],
    "Joins": [
        "98-61",
        "98-66"
    ]
}