{
    "Query Number": "Synthetic_4540",
    "Query": "SELECT COUNT(*) FROM title t,movie_companies mc,movie_keyword mk WHERE t.id=mc.movie_id AND t.id=mk.movie_id AND mc.company_id<82 AND mc.company_type_id<2 AND mk.keyword_id=793;",
    "Cardinality": 865,
    "AND Predicate Norm": [
        [
            58,
            1,
            0.000344686718071797
        ],
        [
            59,
            1,
            1.0
        ],
        [
            74,
            2,
            0.005903002929141605
        ]
    ],
    "Tables": [
        16,
        12,
        19
    ],
    "Joins": [
        "98-61",
        "98-75"
    ]
}