{
    "Query Number": "Synthetic_4432",
    "Query": "SELECT COUNT(*) FROM title t,movie_companies mc WHERE t.id=mc.movie_id AND t.production_year>2012 AND mc.company_id<1451 AND mc.company_type_id>1;",
    "Cardinality": 3382,
    "AND Predicate Norm": [
        [
            104,
            3,
            0.9496402877697842
        ],
        [
            58,
            1,
            0.006170317792643279
        ],
        [
            59,
            3,
            0.0
        ]
    ],
    "Tables": [
        16,
        12
    ],
    "Joins": [
        "98-61"
    ]
}