{
    "Query Number": "Synthetic_4846",
    "Query": "SELECT COUNT(*) FROM title t,movie_companies mc,movie_info_idx mi_idx WHERE t.id=mc.movie_id AND t.id=mi_idx.movie_id AND mc.company_id<2686 AND mi_idx.info_type_id=100;",
    "Cardinality": 496412,
    "AND Predicate Norm": [
        [
            58,
            1,
            0.0114257263953429
        ],
        [
            70,
            2,
            0.07142857142857142
        ]
    ],
    "Tables": [
        16,
        12,
        18
    ],
    "Joins": [
        "98-61",
        "98-71"
    ]
}