{
    "Query Number": "Synthetic_4917",
    "Query": "SELECT COUNT(*) FROM title t,cast_info ci,movie_info_idx mi_idx WHERE t.id=ci.movie_id AND t.id=mi_idx.movie_id AND ci.person_id<1857593 AND mi_idx.info_type_id>101;",
    "Cardinality": 17682,
    "AND Predicate Norm": [
        [
            24,
            1,
            0.45731814349107874
        ],
        [
            70,
            3,
            0.14285714285714285
        ]
    ],
    "Tables": [
        16,
        2,
        18
    ],
    "Joins": [
        "98-21",
        "98-71"
    ]
}