{
    "Query Number": "Synthetic_4879",
    "Query": "SELECT COUNT(*) FROM title t,movie_companies mc,movie_keyword mk WHERE t.id=mc.movie_id AND t.id=mk.movie_id AND mc.company_id=76048 AND mc.company_type_id>1;",
    "Cardinality": 414,
    "AND Predicate Norm": [
        [
            58,
            2,
            0.32360976357044374
        ],
        [
            59,
            3,
            0.0
        ]
    ],
    "Tables": [
        16,
        12,
        19
    ],
    "Joins": [
        "98-61",
        "98-75"
    ]
}