{
    "Query Number": "Synthetic_4595",
    "Query": "SELECT COUNT(*) FROM title t,movie_info mi,movie_keyword mk WHERE t.id=mi.movie_id AND t.id=mk.movie_id AND t.production_year<2013 AND mi.info_type_id>3 AND mk.keyword_id<2879;",
    "Cardinality": 77758873,
    "AND Predicate Norm": [
        [
            104,
            1,
            0.9568345323741008
        ],
        [
            65,
            3,
            0.01834862385321101
        ],
        [
            74,
            1,
            0.021450558623825177
        ]
    ],
    "Tables": [
        16,
        17,
        19
    ],
    "Joins": [
        "98-66",
        "98-75"
    ]
}