{
    "Query Number": "Synthetic_4623",
    "Query": "SELECT COUNT(*) FROM title t,movie_companies mc,movie_info mi WHERE t.id=mc.movie_id AND t.id=mi.movie_id AND t.production_year<1978 AND mc.company_id=6655;",
    "Cardinality": 13,
    "AND Predicate Norm": [
        [
            104,
            1,
            0.7050359712230215
        ],
        [
            58,
            2,
            0.02831537558086095
        ]
    ],
    "Tables": [
        16,
        12,
        17
    ],
    "Joins": [
        "98-61",
        "98-66"
    ]
}