{
    "Query Number": "Synthetic_4582",
    "Query": "SELECT COUNT(*) FROM title t,movie_companies mc,movie_info_idx mi_idx WHERE t.id=mc.movie_id AND t.id=mi_idx.movie_id AND t.kind_id<7 AND mc.company_id>15344 AND mc.company_type_id>1;",
    "Cardinality": 913140,
    "AND Predicate Norm": [
        [
            101,
            1,
            1.0
        ],
        [
            58,
            3,
            0.06529047302932815
        ],
        [
            59,
            3,
            0.0
        ]
    ],
    "Tables": [
        16,
        12,
        18
    ],
    "Joins": [
        "98-61",
        "98-71"
    ]
}