{
    "Query Number": "Synthetic_4684",
    "Query": "SELECT COUNT(*) FROM title t,movie_companies mc WHERE t.id=mc.movie_id AND t.kind_id<7 AND t.production_year=1997 AND mc.company_id>1427 AND mc.company_type_id>1;",
    "Cardinality": 11137,
    "AND Predicate Norm": [
        [
            101,
            1,
            1.0
        ],
        [
            104,
            2,
            0.841726618705036
        ],
        [
            58,
            3,
            0.00606818839469608
        ],
        [
            59,
            3,
            0.0
        ]
    ],
    "Tables": [
        16,
        12
    ],
    "Joins": [
        "98-61"
    ]
}