{
    "Query Number": "Synthetic_4940",
    "Query": "SELECT COUNT(*) FROM title t,cast_info ci,movie_keyword mk WHERE t.id=ci.movie_id AND t.id=mk.movie_id AND ci.person_id<2092521 AND mk.keyword_id<16348;",
    "Cardinality": 95071090,
    "AND Predicate Norm": [
        [
            24,
            1,
            0.5151547603660825
        ],
        [
            74,
            1,
            0.12183887485186592
        ]
    ],
    "Tables": [
        16,
        2,
        19
    ],
    "Joins": [
        "98-21",
        "98-75"
    ]
}