{
    "Query Number": "Synthetic_4613",
    "Query": "SELECT COUNT(*) FROM title t,movie_companies mc,cast_info ci WHERE t.id=mc.movie_id AND t.id=ci.movie_id AND t.kind_id<7 AND t.production_year>0 AND mc.company_id=76885 AND mc.company_type_id=2 AND ci.role_id=10;",
    "Cardinality": 152,
    "AND Predicate Norm": [
        [
            101,
            1,
            1.0
        ],
        [
            104,
            3,
            -13.525179856115107
        ],
        [
            58,
            2,
            0.3271715263238523
        ],
        [
            59,
            2,
            1.0
        ],
        [
            26,
            2,
            0.9
        ]
    ],
    "Tables": [
        16,
        12,
        2
    ],
    "Joins": [
        "98-61",
        "98-21"
    ]
}