{
    "Query Number": "Synthetic_4162",
    "Query": "SELECT COUNT(*) FROM title t,movie_companies mc,movie_keyword mk WHERE t.id=mc.movie_id AND t.id=mk.movie_id AND t.kind_id<7 AND t.production_year>2010 AND mc.company_id<13989 AND mk.keyword_id>335;",
    "Cardinality": 1123999,
    "AND Predicate Norm": [
        [
            101,
            1,
            1.0
        ],
        [
            104,
            3,
            0.935251798561151
        ],
        [
            58,
            1,
            0.059524417436892546
        ],
        [
            74,
            3,
            0.002489397699915778
        ]
    ],
    "Tables": [
        16,
        12,
        19
    ],
    "Joins": [
        "98-61",
        "98-75"
    ]
}