{
    "Query Number": "Synthetic_4585",
    "Query": "SELECT COUNT(*) FROM title t,cast_info ci WHERE t.id=ci.movie_id AND t.production_year>2002 AND ci.person_id<91254 AND ci.role_id=2;",
    "Cardinality": 145,
    "AND Predicate Norm": [
        [
            104,
            3,
            0.8776978417266187
        ],
        [
            24,
            1,
            0.022465456649248816
        ],
        [
            26,
            2,
            0.1
        ]
    ],
    "Tables": [
        16,
        2
    ],
    "Joins": [
        "98-21"
    ]
}