{
    "Query Number": "Synthetic_4804",
    "Query": "SELECT COUNT(*) FROM title t,movie_info_idx mi_idx,movie_keyword mk WHERE t.id=mi_idx.movie_id AND t.id=mk.movie_id AND t.production_year=1994 AND mk.keyword_id=3658;",
    "Cardinality": 189,
    "AND Predicate Norm": [
        [
            104,
            2,
            0.8201438848920863
        ],
        [
            74,
            2,
            0.027256668828119758
        ]
    ],
    "Tables": [
        16,
        18,
        19
    ],
    "Joins": [
        "98-71",
        "98-75"
    ]
}