{
    "Query Number": "Synthetic_4531",
    "Query": "SELECT COUNT(*) FROM title t,cast_info ci WHERE t.id=ci.movie_id AND t.production_year>2008 AND ci.person_id<2062618 AND ci.role_id=3;",
    "Cardinality": 470090,
    "AND Predicate Norm": [
        [
            104,
            3,
            0.920863309352518
        ],
        [
            24,
            1,
            0.5077929799294669
        ],
        [
            26,
            2,
            0.2
        ]
    ],
    "Tables": [
        16,
        2
    ],
    "Joins": [
        "98-21"
    ]
}