{
    "Query Number": "Synthetic_4041",
    "Query": "SELECT COUNT(*) FROM title t,movie_companies mc,movie_info mi WHERE t.id=mc.movie_id AND t.id=mi.movie_id AND mc.company_id<166 AND mc.company_type_id=2 AND mi.info_type_id>104;",
    "Cardinality": 24543,
    "AND Predicate Norm": [
        [
            58,
            1,
            0.0007021396108869938
        ],
        [
            59,
            2,
            1.0
        ],
        [
            65,
            3,
            0.944954128440367
        ]
    ],
    "Tables": [
        16,
        12,
        17
    ],
    "Joins": [
        "98-61",
        "98-66"
    ]
}