{
    "Query Number": "Synthetic_4230",
    "Query": "SELECT COUNT(*) FROM title t,movie_companies mc,cast_info ci WHERE t.id=mc.movie_id AND t.id=ci.movie_id AND t.production_year<1997 AND ci.role_id=1;",
    "Cardinality": 12597432,
    "AND Predicate Norm": [
        [
            104,
            1,
            0.841726618705036
        ],
        [
            26,
            2,
            0.0
        ]
    ],
    "Tables": [
        16,
        12,
        2
    ],
    "Joins": [
        "98-61",
        "98-21"
    ]
}