{
    "Query Number": "Synthetic_4130",
    "Query": "SELECT COUNT(*) FROM title t,movie_companies mc WHERE t.id=mc.movie_id AND t.kind_id>1 AND mc.company_id>18567 AND mc.company_type_id=1;",
    "Cardinality": 36192,
    "AND Predicate Norm": [
        [
            101,
            3,
            0.0
        ],
        [
            58,
            3,
            0.07900560009532077
        ],
        [
            59,
            2,
            0.0
        ]
    ],
    "Tables": [
        16,
        12
    ],
    "Joins": [
        "98-61"
    ]
}