{
    "Query Number": "Synthetic_4894",
    "Query": "SELECT COUNT(*) FROM title t,movie_keyword mk WHERE t.id=mk.movie_id AND t.kind_id=7 AND t.production_year>2007 AND mk.keyword_id=3060;",
    "Cardinality": 12,
    "AND Predicate Norm": [
        [
            101,
            2,
            1.0
        ],
        [
            104,
            3,
            0.9136690647482014
        ],
        [
            74,
            2,
            0.02279960348515678
        ]
    ],
    "Tables": [
        16,
        19
    ],
    "Joins": [
        "98-75"
    ]
}