{
    "Query Number": "Synthetic_4137",
    "Query": "SELECT COUNT(*) FROM title t,cast_info ci,movie_info_idx mi_idx WHERE t.id=ci.movie_id AND t.id=mi_idx.movie_id AND t.kind_id>1 AND t.production_year<1977 AND ci.person_id<3488346 AND ci.role_id>10;",
    "Cardinality": 5565,
    "AND Predicate Norm": [
        [
            101,
            3,
            0.0
        ],
        [
            104,
            1,
            0.697841726618705
        ],
        [
            24,
            1,
            0.858791090431261
        ],
        [
            26,
            3,
            0.9
        ]
    ],
    "Tables": [
        16,
        2,
        18
    ],
    "Joins": [
        "98-21",
        "98-71"
    ]
}