{
    "Query Number": "Synthetic_4438",
    "Query": "SELECT COUNT(*) FROM title t,movie_info mi,movie_keyword mk WHERE t.id=mi.movie_id AND t.id=mk.movie_id AND t.kind_id=7 AND t.production_year=1952 AND mi.info_type_id>16 AND mk.keyword_id>432;",
    "Cardinality": 2608,
    "AND Predicate Norm": [
        [
            101,
            2,
            1.0
        ],
        [
            104,
            2,
            0.5179856115107914
        ],
        [
            65,
            3,
            0.13761467889908258
        ],
        [
            74,
            3,
            0.0032123664930050907
        ]
    ],
    "Tables": [
        16,
        17,
        19
    ],
    "Joins": [
        "98-66",
        "98-75"
    ]
}