{
    "Query Number": "Synthetic_4214",
    "Query": "SELECT COUNT(*) FROM title t,cast_info ci,movie_info mi WHERE t.id=ci.movie_id AND t.id=mi.movie_id AND ci.person_id<2629132 AND ci.role_id=3 AND mi.info_type_id<8;",
    "Cardinality": 6732405,
    "AND Predicate Norm": [
        [
            24,
            1,
            0.6472623202053214
        ],
        [
            26,
            2,
            0.2
        ],
        [
            65,
            1,
            0.06422018348623854
        ]
    ],
    "Tables": [
        16,
        2,
        17
    ],
    "Joins": [
        "98-21",
        "98-66"
    ]
}