{
    "Query Number": "Synthetic_4854",
    "Query": "SELECT COUNT(*) FROM title t,cast_info ci WHERE t.id=ci.movie_id AND t.kind_id=1 AND t.production_year>2009 AND ci.person_id=1628184;",
    "Cardinality": 2,
    "AND Predicate Norm": [
        [
            101,
            2,
            0.0
        ],
        [
            104,
            3,
            0.9280575539568345
        ],
        [
            24,
            2,
            0.40084024200348356
        ]
    ],
    "Tables": [
        16,
        2
    ],
    "Joins": [
        "98-21"
    ]
}