{
    "Query Number": "Synthetic_4019",
    "Query": "SELECT COUNT(*) FROM title t,movie_companies mc WHERE t.id=mc.movie_id AND t.kind_id>1 AND mc.company_id=19 AND mc.company_type_id=1;",
    "Cardinality": 40684,
    "AND Predicate Norm": [
        [
            101,
            3,
            0.0
        ],
        [
            58,
            2,
            7.659704846039932e-05
        ],
        [
            59,
            2,
            0.0
        ]
    ],
    "Tables": [
        16,
        12
    ],
    "Joins": [
        "98-61"
    ]
}