{
    "Query Number": "Synthetic_4166",
    "Query": "SELECT COUNT(*) FROM title t,movie_info_idx mi_idx,movie_keyword mk WHERE t.id=mi_idx.movie_id AND t.id=mk.movie_id AND t.production_year>1967 AND mk.keyword_id=3999;",
    "Cardinality": 75,
    "AND Predicate Norm": [
        [
            104,
            3,
            0.6258992805755396
        ],
        [
            74,
            2,
            0.029798239533722393
        ]
    ],
    "Tables": [
        16,
        18,
        19
    ],
    "Joins": [
        "98-71",
        "98-75"
    ]
}