{
    "Query Number": "Synthetic_4606",
    "Query": "SELECT COUNT(*) FROM title t,movie_companies mc,cast_info ci WHERE t.id=mc.movie_id AND t.id=ci.movie_id AND mc.company_id>72919 AND ci.person_id>707872;",
    "Cardinality": 10854432,
    "AND Predicate Norm": [
        [
            58,
            3,
            0.31029464331307766
        ],
        [
            24,
            3,
            0.17426983511512398
        ]
    ],
    "Tables": [
        16,
        12,
        2
    ],
    "Joins": [
        "98-61",
        "98-21"
    ]
}