{
    "Query Number": "Synthetic_4349",
    "Query": "SELECT COUNT(*) FROM title t,movie_companies mc,movie_info mi WHERE t.id=mc.movie_id AND t.id=mi.movie_id AND mc.company_id<11418 AND mc.company_type_id>1 AND mi.info_type_id=2;",
    "Cardinality": 356274,
    "AND Predicate Norm": [
        [
            58,
            1,
            0.04858380568179884
        ],
        [
            59,
            3,
            0.0
        ],
        [
            65,
            2,
            0.009174311926605505
        ]
    ],
    "Tables": [
        16,
        12,
        17
    ],
    "Joins": [
        "98-61",
        "98-66"
    ]
}