{
    "Query Number": "Synthetic_4979",
    "Query": "SELECT COUNT(*) FROM title t,movie_keyword mk WHERE t.id=mk.movie_id AND t.kind_id=7 AND t.production_year<2011 AND mk.keyword_id<1582;",
    "Cardinality": 132382,
    "AND Predicate Norm": [
        [
            101,
            2,
            1.0
        ],
        [
            104,
            1,
            0.9424460431654677
        ],
        [
            74,
            1,
            0.011783645998703128
        ]
    ],
    "Tables": [
        16,
        19
    ],
    "Joins": [
        "98-75"
    ]
}