{
    "Query Number": "Synthetic_4976",
    "Query": "SELECT COUNT(*) FROM title t,movie_info mi,movie_keyword mk WHERE t.id=mi.movie_id AND t.id=mk.movie_id AND t.production_year<2006 AND mi.info_type_id>7;",
    "Cardinality": 127781099,
    "AND Predicate Norm": [
        [
            104,
            1,
            0.9064748201438849
        ],
        [
            65,
            3,
            0.05504587155963303
        ]
    ],
    "Tables": [
        16,
        17,
        19
    ],
    "Joins": [
        "98-66",
        "98-75"
    ]
}