{
    "Query Number": "Synthetic_4639",
    "Query": "SELECT COUNT(*) FROM title t,movie_companies mc,cast_info ci WHERE t.id=mc.movie_id AND t.id=ci.movie_id AND mc.company_id>4870 AND ci.person_id>117361 AND ci.role_id>1;",
    "Cardinality": 29243147,
    "AND Predicate Norm": [
        [
            58,
            3,
            0.020719501608538016
        ],
        [
            24,
            3,
            0.028892704813604387
        ],
        [
            26,
            3,
            0.0
        ]
    ],
    "Tables": [
        16,
        12,
        2
    ],
    "Joins": [
        "98-61",
        "98-21"
    ]
}