{
    "Query Number": "Synthetic_4524",
    "Query": "SELECT COUNT(*) FROM title t,movie_companies mc,movie_info_idx mi_idx WHERE t.id=mc.movie_id AND t.id=mi_idx.movie_id AND mc.company_id=1396 AND mc.company_type_id=1 AND mi_idx.info_type_id>100;",
    "Cardinality": 6,
    "AND Predicate Norm": [
        [
            58,
            2,
            0.005936271255680948
        ],
        [
            59,
            2,
            0.0
        ],
        [
            70,
            3,
            0.07142857142857142
        ]
    ],
    "Tables": [
        16,
        12,
        18
    ],
    "Joins": [
        "98-61",
        "98-71"
    ]
}