{
    "Query Number": "Synthetic_4721",
    "Query": "SELECT COUNT(*) FROM title t,movie_info mi,movie_keyword mk WHERE t.id=mi.movie_id AND t.id=mk.movie_id AND t.kind_id=7 AND t.production_year>1945 AND mi.info_type_id<2 AND mk.keyword_id<11436;",
    "Cardinality": 197552,
    "AND Predicate Norm": [
        [
            101,
            2,
            1.0
        ],
        [
            104,
            3,
            0.4676258992805755
        ],
        [
            65,
            1,
            0.009174311926605505
        ],
        [
            74,
            1,
            0.08522833143274527
        ]
    ],
    "Tables": [
        16,
        17,
        19
    ],
    "Joins": [
        "98-66",
        "98-75"
    ]
}