{
    "Query Number": "Synthetic_4266",
    "Query": "SELECT COUNT(*) FROM title t,movie_info mi,movie_info_idx mi_idx WHERE t.id=mi.movie_id AND t.id=mi_idx.movie_id AND mi.info_type_id>9 AND mi_idx.info_type_id<100;",
    "Cardinality": 3491355,
    "AND Predicate Norm": [
        [
            65,
            3,
            0.07339449541284404
        ],
        [
            70,
            1,
            0.07142857142857142
        ]
    ],
    "Tables": [
        16,
        17,
        18
    ],
    "Joins": [
        "98-66",
        "98-71"
    ]
}