{
    "Query Number": "Synthetic_4668",
    "Query": "SELECT COUNT(*) FROM title t,movie_info mi,movie_info_idx mi_idx WHERE t.id=mi.movie_id AND t.id=mi_idx.movie_id AND t.kind_id=7 AND t.production_year<2008 AND mi_idx.info_type_id=99;",
    "Cardinality": 923420,
    "AND Predicate Norm": [
        [
            101,
            2,
            1.0
        ],
        [
            104,
            1,
            0.920863309352518
        ],
        [
            70,
            2,
            0.0
        ]
    ],
    "Tables": [
        16,
        17,
        18
    ],
    "Joins": [
        "98-66",
        "98-71"
    ]
}