{
    "Query Number": "Synthetic_4206",
    "Query": "SELECT COUNT(*) FROM title t,movie_info mi,movie_keyword mk WHERE t.id=mi.movie_id AND t.id=mk.movie_id AND mi.info_type_id>7 AND mk.keyword_id=2418;",
    "Cardinality": 3321,
    "AND Predicate Norm": [
        [
            65,
            3,
            0.05504587155963303
        ],
        [
            74,
            2,
            0.018014593535019267
        ]
    ],
    "Tables": [
        16,
        17,
        19
    ],
    "Joins": [
        "98-66",
        "98-75"
    ]
}