{
    "Query Number": "Synthetic_4226",
    "Query": "SELECT COUNT(*) FROM title t,movie_companies mc,movie_info_idx mi_idx WHERE t.id=mc.movie_id AND t.id=mi_idx.movie_id AND t.production_year>1960 AND mc.company_id<56246 AND mc.company_type_id<2 AND mi_idx.info_type_id>101;",
    "Cardinality": 5866,
    "AND Predicate Norm": [
        [
            104,
            3,
            0.5755395683453237
        ],
        [
            58,
            1,
            0.23934449948084222
        ],
        [
            59,
            1,
            1.0
        ],
        [
            70,
            3,
            0.14285714285714285
        ]
    ],
    "Tables": [
        16,
        12,
        18
    ],
    "Joins": [
        "98-61",
        "98-71"
    ]
}