{
    "Query Number": "Synthetic_4603",
    "Query": "SELECT COUNT(*) FROM title t,movie_companies mc WHERE t.id=mc.movie_id AND t.kind_id<7 AND t.production_year=2005 AND mc.company_id<81410;",
    "Cardinality": 53244,
    "AND Predicate Norm": [
        [
            101,
            1,
            1.0
        ],
        [
            104,
            2,
            0.8992805755395683
        ],
        [
            58,
            1,
            0.3464271732284805
        ]
    ],
    "Tables": [
        16,
        12
    ],
    "Joins": [
        "98-61"
    ]
}