{
    "Query Number": "Synthetic_4795",
    "Query": "SELECT COUNT(*) FROM title t,movie_info mi,movie_keyword mk WHERE t.id=mi.movie_id AND t.id=mk.movie_id AND t.production_year<1971 AND mi.info_type_id<8;",
    "Cardinality": 12968815,
    "AND Predicate Norm": [
        [
            104,
            1,
            0.6546762589928058
        ],
        [
            65,
            1,
            0.06422018348623854
        ]
    ],
    "Tables": [
        16,
        17,
        19
    ],
    "Joins": [
        "98-66",
        "98-75"
    ]
}