{
    "Query Number": "Synthetic_4918",
    "Query": "SELECT COUNT(*) FROM title t,movie_info_idx mi_idx,movie_keyword mk WHERE t.id=mi_idx.movie_id AND t.id=mk.movie_id AND t.production_year>2011 AND mk.keyword_id=245;",
    "Cardinality": 570,
    "AND Predicate Norm": [
        [
            104,
            3,
            0.9424460431654677
        ],
        [
            74,
            2,
            0.0018186019125133227
        ]
    ],
    "Tables": [
        16,
        18,
        19
    ],
    "Joins": [
        "98-71",
        "98-75"
    ]
}