{
    "Query Number": "Synthetic_4674",
    "Query": "SELECT COUNT(*) FROM title t,cast_info ci WHERE t.id=ci.movie_id AND t.kind_id=7 AND t.production_year=2002 AND ci.person_id=1858618;",
    "Cardinality": 2,
    "AND Predicate Norm": [
        [
            101,
            2,
            1.0
        ],
        [
            104,
            2,
            0.8776978417266187
        ],
        [
            24,
            2,
            0.45757048689968427
        ]
    ],
    "Tables": [
        16,
        2
    ],
    "Joins": [
        "98-21"
    ]
}