{
    "Query Number": "Synthetic_4605",
    "Query": "SELECT COUNT(*) FROM title t,movie_info_idx mi_idx WHERE t.id=mi_idx.movie_id AND t.kind_id=7 AND t.production_year=2007 AND mi_idx.info_type_id>99;",
    "Cardinality": 13046,
    "AND Predicate Norm": [
        [
            101,
            2,
            1.0
        ],
        [
            104,
            2,
            0.9136690647482014
        ],
        [
            70,
            3,
            0.0
        ]
    ],
    "Tables": [
        16,
        18
    ],
    "Joins": [
        "98-71"
    ]
}