{
    "Query Number": "Synthetic_4643",
    "Query": "SELECT COUNT(*) FROM title t,movie_companies mc,movie_keyword mk WHERE t.id=mc.movie_id AND t.id=mk.movie_id AND t.kind_id>1 AND mc.company_id<88113 AND mk.keyword_id=347;",
    "Cardinality": 14381,
    "AND Predicate Norm": [
        [
            101,
            3,
            0.0
        ],
        [
            58,
            1,
            0.37495106299681696
        ],
        [
            74,
            2,
            0.0025788371382361053
        ]
    ],
    "Tables": [
        16,
        12,
        19
    ],
    "Joins": [
        "98-61",
        "98-75"
    ]
}