{
    "Query Number": "Synthetic_4454",
    "Query": "SELECT COUNT(*) FROM title t,cast_info ci,movie_info_idx mi_idx WHERE t.id=ci.movie_id AND t.id=mi_idx.movie_id AND t.kind_id=7 AND ci.person_id>2861640;",
    "Cardinality": 4019820,
    "AND Predicate Norm": [
        [
            101,
            2,
            1.0
        ],
        [
            24,
            3,
            0.7045031604473249
        ]
    ],
    "Tables": [
        16,
        2,
        18
    ],
    "Joins": [
        "98-21",
        "98-71"
    ]
}