{
    "Query Number": "Synthetic_4367",
    "Query": "SELECT COUNT(*) FROM title t,cast_info ci,movie_keyword mk WHERE t.id=ci.movie_id AND t.id=mk.movie_id AND ci.person_id>2927041 AND ci.role_id>1;",
    "Cardinality": 51661887,
    "AND Predicate Norm": [
        [
            24,
            3,
            0.7206041470485053
        ],
        [
            26,
            3,
            0.0
        ]
    ],
    "Tables": [
        16,
        2,
        19
    ],
    "Joins": [
        "98-21",
        "98-75"
    ]
}