{
    "Query Number": "Synthetic_4233",
    "Query": "SELECT COUNT(*) FROM title t,cast_info ci,movie_info_idx mi_idx WHERE t.id=ci.movie_id AND t.id=mi_idx.movie_id AND ci.person_id>3020619 AND ci.role_id>2;",
    "Cardinality": 7659424,
    "AND Predicate Norm": [
        [
            24,
            3,
            0.7436419924050789
        ],
        [
            26,
            3,
            0.1
        ]
    ],
    "Tables": [
        16,
        2,
        18
    ],
    "Joins": [
        "98-21",
        "98-71"
    ]
}