{
    "Query Number": "Synthetic_4604",
    "Query": "SELECT COUNT(*) FROM title t,movie_info_idx mi_idx WHERE t.id=mi_idx.movie_id AND t.production_year>2000 AND mi_idx.info_type_id>100;",
    "Cardinality": 221388,
    "AND Predicate Norm": [
        [
            104,
            3,
            0.8633093525179856
        ],
        [
            70,
            3,
            0.07142857142857142
        ]
    ],
    "Tables": [
        16,
        18
    ],
    "Joins": [
        "98-71"
    ]
}