{
    "Query Number": "Synthetic_4338",
    "Query": "SELECT COUNT(*) FROM title t,cast_info ci,movie_keyword mk WHERE t.id=ci.movie_id AND t.id=mk.movie_id AND ci.person_id<2137091 AND ci.role_id>6;",
    "Cardinality": 17905810,
    "AND Predicate Norm": [
        [
            24,
            1,
            0.5261273903383248
        ],
        [
            26,
            3,
            0.5
        ]
    ],
    "Tables": [
        16,
        2,
        19
    ],
    "Joins": [
        "98-21",
        "98-75"
    ]
}