{
    "Query Number": "Synthetic_4445",
    "Query": "SELECT COUNT(*) FROM title t,movie_keyword mk WHERE t.id=mk.movie_id AND t.kind_id=1 AND t.production_year=2012 AND mk.keyword_id=2201;",
    "Cardinality": 3,
    "AND Predicate Norm": [
        [
            101,
            2,
            0.0
        ],
        [
            104,
            2,
            0.9496402877697842
        ],
        [
            74,
            2,
            0.01639723035872668
        ]
    ],
    "Tables": [
        16,
        19
    ],
    "Joins": [
        "98-75"
    ]
}