{
    "Query Number": "Synthetic_4928",
    "Query": "SELECT COUNT(*) FROM title t,movie_info_idx mi_idx WHERE t.id=mi_idx.movie_id AND t.production_year<1964 AND mi_idx.info_type_id<101;",
    "Cardinality": 107804,
    "AND Predicate Norm": [
        [
            104,
            1,
            0.60431654676259
        ],
        [
            70,
            1,
            0.14285714285714285
        ]
    ],
    "Tables": [
        16,
        18
    ],
    "Joins": [
        "98-71"
    ]
}