{
    "Query Number": "Synthetic_4834",
    "Query": "SELECT COUNT(*) FROM title t,movie_companies mc,movie_info mi WHERE t.id=mc.movie_id AND t.id=mi.movie_id AND t.kind_id=1 AND t.production_year=1976 AND mc.company_id<685 AND mc.company_type_id=1;",
    "Cardinality": 49996,
    "AND Predicate Norm": [
        [
            101,
            2,
            0.0
        ],
        [
            104,
            2,
            0.6906474820143885
        ],
        [
            58,
            1,
            0.0029106878414951742
        ],
        [
            59,
            2,
            0.0
        ]
    ],
    "Tables": [
        16,
        12,
        17
    ],
    "Joins": [
        "98-61",
        "98-66"
    ]
}