{
    "Query Number": "Synthetic_4193",
    "Query": "SELECT COUNT(*) FROM title t,movie_companies mc WHERE t.id=mc.movie_id AND t.kind_id<7 AND t.production_year<2012 AND mc.company_id>40462 AND mc.company_type_id<2;",
    "Cardinality": 40027,
    "AND Predicate Norm": [
        [
            101,
            1,
            1.0
        ],
        [
            104,
            1,
            0.9496402877697842
        ],
        [
            58,
            3,
            0.1721773987642343
        ],
        [
            59,
            1,
            1.0
        ]
    ],
    "Tables": [
        16,
        12
    ],
    "Joins": [
        "98-61"
    ]
}