{
    "Query Number": "Synthetic_4505",
    "Query": "SELECT COUNT(*) FROM title t,cast_info ci,movie_keyword mk WHERE t.id=ci.movie_id AND t.id=mk.movie_id AND t.kind_id=3 AND t.production_year=1997 AND ci.person_id>386835 AND ci.role_id=1;",
    "Cardinality": 108854,
    "AND Predicate Norm": [
        [
            101,
            2,
            0.3333333333333333
        ],
        [
            104,
            2,
            0.841726618705036
        ],
        [
            24,
            3,
            0.09523415621903408
        ],
        [
            26,
            2,
            0.0
        ]
    ],
    "Tables": [
        16,
        2,
        19
    ],
    "Joins": [
        "98-21",
        "98-75"
    ]
}