{
    "Query Number": "Synthetic_4544",
    "Query": "SELECT COUNT(*) FROM title t,movie_info mi WHERE t.id=mi.movie_id AND t.kind_id<7 AND t.production_year<1986 AND mi.info_type_id<3;",
    "Cardinality": 503555,
    "AND Predicate Norm": [
        [
            101,
            1,
            1.0
        ],
        [
            104,
            1,
            0.762589928057554
        ],
        [
            65,
            1,
            0.01834862385321101
        ]
    ],
    "Tables": [
        16,
        17
    ],
    "Joins": [
        "98-66"
    ]
}