{
    "Query Number": "Synthetic_4890",
    "Query": "SELECT COUNT(*) FROM title t,movie_companies mc,movie_keyword mk WHERE t.id=mc.movie_id AND t.id=mk.movie_id AND mc.company_id>36706 AND mc.company_type_id=2 AND mk.keyword_id=5300;",
    "Cardinality": 2976,
    "AND Predicate Norm": [
        [
            58,
            3,
            0.15619414798549763
        ],
        [
            59,
            2,
            1.0
        ],
        [
            74,
            2,
            0.03949496530495122
        ]
    ],
    "Tables": [
        16,
        12,
        19
    ],
    "Joins": [
        "98-61",
        "98-75"
    ]
}