{
    "Query Number": "Synthetic_4382",
    "Query": "SELECT COUNT(*) FROM title t,cast_info ci,movie_info mi WHERE t.id=ci.movie_id AND t.id=mi.movie_id AND t.kind_id<7 AND t.production_year<2013 AND ci.role_id=3;",
    "Cardinality": 24852346,
    "AND Predicate Norm": [
        [
            101,
            1,
            1.0
        ],
        [
            104,
            1,
            0.9568345323741008
        ],
        [
            26,
            2,
            0.2
        ]
    ],
    "Tables": [
        16,
        2,
        17
    ],
    "Joins": [
        "98-21",
        "98-66"
    ]
}