{
    "Query Number": "Synthetic_4395",
    "Query": "SELECT COUNT(*) FROM title t,movie_companies mc,cast_info ci WHERE t.id=mc.movie_id AND t.id=ci.movie_id AND t.kind_id<7 AND t.production_year>2004 AND mc.company_id<1710 AND mc.company_type_id=1 AND ci.person_id>1637524 AND ci.role_id<2;",
    "Cardinality": 63273,
    "AND Predicate Norm": [
        [
            101,
            1,
            1.0
        ],
        [
            104,
            3,
            0.8920863309352518
        ],
        [
            58,
            1,
            0.007272464212156803
        ],
        [
            59,
            2,
            0.0
        ],
        [
            24,
            3,
            0.40313964438043537
        ],
        [
            26,
            1,
            0.1
        ]
    ],
    "Tables": [
        16,
        12,
        2
    ],
    "Joins": [
        "98-61",
        "98-21"
    ]
}