{
    "Query Number": "Synthetic_4630",
    "Query": "SELECT COUNT(*) FROM title t,movie_companies mc,movie_info_idx mi_idx WHERE t.id=mc.movie_id AND t.id=mi_idx.movie_id AND t.production_year<2004 AND mc.company_type_id=2 AND mi_idx.info_type_id=100;",
    "Cardinality": 340614,
    "AND Predicate Norm": [
        [
            104,
            1,
            0.8920863309352518
        ],
        [
            59,
            2,
            1.0
        ],
        [
            70,
            2,
            0.07142857142857142
        ]
    ],
    "Tables": [
        16,
        12,
        18
    ],
    "Joins": [
        "98-61",
        "98-71"
    ]
}