{
    "Query Number": "Synthetic_4095",
    "Query": "SELECT COUNT(*) FROM title t,movie_companies mc,cast_info ci WHERE t.id=mc.movie_id AND t.id=ci.movie_id AND t.kind_id=1 AND t.production_year=1991 AND mc.company_id<27;",
    "Cardinality": 4648,
    "AND Predicate Norm": [
        [
            101,
            2,
            0.0
        ],
        [
            104,
            2,
            0.7985611510791367
        ],
        [
            58,
            1,
            0.00011064018110946569
        ]
    ],
    "Tables": [
        16,
        12,
        2
    ],
    "Joins": [
        "98-61",
        "98-21"
    ]
}