{
    "Query Number": "Synthetic_4325",
    "Query": "SELECT COUNT(*) FROM title t,cast_info ci,movie_keyword mk WHERE t.id=ci.movie_id AND t.id=mk.movie_id AND t.kind_id>1 AND mk.keyword_id<959;",
    "Cardinality": 9917346,
    "AND Predicate Norm": [
        [
            101,
            3,
            0.0
        ],
        [
            74,
            1,
            0.0071402484925728
        ]
    ],
    "Tables": [
        16,
        2,
        19
    ],
    "Joins": [
        "98-21",
        "98-75"
    ]
}