{
    "Query Number": "Synthetic_4085",
    "Query": "SELECT COUNT(*) FROM title t,cast_info ci,movie_info mi WHERE t.id=ci.movie_id AND t.id=mi.movie_id AND ci.person_id<452199 AND ci.role_id=2 AND mi.info_type_id<102;",
    "Cardinality": 15495,
    "AND Predicate Norm": [
        [
            24,
            1,
            0.11132603383863562
        ],
        [
            26,
            2,
            0.1
        ],
        [
            65,
            1,
            0.926605504587156
        ]
    ],
    "Tables": [
        16,
        2,
        17
    ],
    "Joins": [
        "98-21",
        "98-66"
    ]
}