{
    "Query Number": "Synthetic_4002",
    "Query": "SELECT COUNT(*) FROM title t,movie_info mi,movie_keyword mk WHERE t.id=mi.movie_id AND t.id=mk.movie_id AND mi.info_type_id>7 AND mk.keyword_id>5208;",
    "Cardinality": 89898894,
    "AND Predicate Norm": [
        [
            65,
            3,
            0.05504587155963303
        ],
        [
            74,
            3,
            0.038809262944495375
        ]
    ],
    "Tables": [
        16,
        17,
        19
    ],
    "Joins": [
        "98-66",
        "98-75"
    ]
}