{
    "Query Number": "Synthetic_4701",
    "Query": "SELECT COUNT(*) FROM title t,cast_info ci,movie_info_idx mi_idx WHERE t.id=ci.movie_id AND t.id=mi_idx.movie_id AND t.kind_id<7 AND t.production_year>1968 AND ci.person_id<3552809 AND ci.role_id>2 AND mi_idx.info_type_id=100;",
    "Cardinality": 2445087,
    "AND Predicate Norm": [
        [
            101,
            1,
            1.0
        ],
        [
            104,
            3,
            0.6330935251798561
        ],
        [
            24,
            1,
            0.8746611520399811
        ],
        [
            26,
            3,
            0.1
        ],
        [
            70,
            2,
            0.07142857142857142
        ]
    ],
    "Tables": [
        16,
        2,
        18
    ],
    "Joins": [
        "98-21",
        "98-71"
    ]
}