{
    "Query Number": "Synthetic_4305",
    "Query": "SELECT COUNT(*) FROM title t,movie_companies mc,cast_info ci WHERE t.id=mc.movie_id AND t.id=ci.movie_id AND t.production_year<1978 AND mc.company_type_id>1 AND ci.role_id<3;",
    "Cardinality": 3593328,
    "AND Predicate Norm": [
        [
            104,
            1,
            0.7050359712230215
        ],
        [
            59,
            3,
            0.0
        ],
        [
            26,
            1,
            0.2
        ]
    ],
    "Tables": [
        16,
        12,
        2
    ],
    "Joins": [
        "98-61",
        "98-21"
    ]
}