{
    "Query Number": "Synthetic_4911",
    "Query": "SELECT COUNT(*) FROM title t,movie_info_idx mi_idx,movie_keyword mk WHERE t.id=mi_idx.movie_id AND t.id=mk.movie_id AND t.kind_id>3 AND t.production_year>2012;",
    "Cardinality": 14583,
    "AND Predicate Norm": [
        [
            101,
            3,
            0.3333333333333333
        ],
        [
            104,
            3,
            0.9496402877697842
        ]
    ],
    "Tables": [
        16,
        18,
        19
    ],
    "Joins": [
        "98-71",
        "98-75"
    ]
}