{
    "Query Number": "Synthetic_4358",
    "Query": "SELECT COUNT(*) FROM title t,movie_info mi,movie_keyword mk WHERE t.id=mi.movie_id AND t.id=mk.movie_id AND t.kind_id<7 AND t.production_year>2002 AND mk.keyword_id>15084;",
    "Cardinality": 24556705,
    "AND Predicate Norm": [
        [
            101,
            1,
            1.0
        ],
        [
            104,
            3,
            0.8776978417266187
        ],
        [
            74,
            3,
            0.11241792068212478
        ]
    ],
    "Tables": [
        16,
        17,
        19
    ],
    "Joins": [
        "98-66",
        "98-75"
    ]
}