{
    "Query Number": "Synthetic_4253",
    "Query": "SELECT COUNT(*) FROM title t,movie_keyword mk WHERE t.id=mk.movie_id AND t.kind_id=2 AND t.production_year>2003 AND mk.keyword_id>2199;",
    "Cardinality": 37231,
    "AND Predicate Norm": [
        [
            101,
            2,
            0.16666666666666666
        ],
        [
            104,
            3,
            0.8848920863309353
        ],
        [
            74,
            3,
            0.01638232378567329
        ]
    ],
    "Tables": [
        16,
        19
    ],
    "Joins": [
        "98-75"
    ]
}