{
    "Query Number": "Synthetic_4495",
    "Query": "SELECT COUNT(*) FROM title t,movie_companies mc,movie_info mi WHERE t.id=mc.movie_id AND t.id=mi.movie_id AND t.kind_id=3 AND t.production_year<2009 AND mc.company_id>239 AND mc.company_type_id=2;",
    "Cardinality": 821109,
    "AND Predicate Norm": [
        [
            101,
            2,
            0.3333333333333333
        ],
        [
            104,
            1,
            0.9280575539568345
        ],
        [
            58,
            3,
            0.0010127831963097245
        ],
        [
            59,
            2,
            1.0
        ]
    ],
    "Tables": [
        16,
        12,
        17
    ],
    "Joins": [
        "98-61",
        "98-66"
    ]
}