{
    "Query Number": "Synthetic_4343",
    "Query": "SELECT COUNT(*) FROM title t,movie_companies mc,cast_info ci WHERE t.id=mc.movie_id AND t.id=ci.movie_id AND t.kind_id>1 AND ci.role_id>4;",
    "Cardinality": 10659825,
    "AND Predicate Norm": [
        [
            101,
            3,
            0.0
        ],
        [
            26,
            3,
            0.3
        ]
    ],
    "Tables": [
        16,
        12,
        2
    ],
    "Joins": [
        "98-61",
        "98-21"
    ]
}