{
    "Query Number": "Synthetic_4660",
    "Query": "SELECT COUNT(*) FROM title t,movie_info mi,movie_keyword mk WHERE t.id=mi.movie_id AND t.id=mk.movie_id AND t.kind_id>1 AND t.production_year<2009 AND mi.info_type_id=5 AND mk.keyword_id<77;",
    "Cardinality": 18897,
    "AND Predicate Norm": [
        [
            101,
            3,
            0.0
        ],
        [
            104,
            1,
            0.9280575539568345
        ],
        [
            65,
            2,
            0.03669724770642202
        ],
        [
            74,
            1,
            0.0005664497760287399
        ]
    ],
    "Tables": [
        16,
        17,
        19
    ],
    "Joins": [
        "98-66",
        "98-75"
    ]
}