{
    "Query Number": "Synthetic_4240",
    "Query": "SELECT COUNT(*) FROM title t,movie_info mi,movie_keyword mk WHERE t.id=mi.movie_id AND t.id=mk.movie_id AND t.kind_id=1 AND t.production_year<1991 AND mi.info_type_id<6 AND mk.keyword_id=2943;",
    "Cardinality": 315,
    "AND Predicate Norm": [
        [
            101,
            2,
            0.0
        ],
        [
            104,
            1,
            0.7985611510791367
        ],
        [
            65,
            1,
            0.045871559633027525
        ],
        [
            74,
            2,
            0.021927568961533587
        ]
    ],
    "Tables": [
        16,
        17,
        19
    ],
    "Joins": [
        "98-66",
        "98-75"
    ]
}