{
    "Query Number": "Synthetic_4273",
    "Query": "SELECT COUNT(*) FROM title t,movie_info mi,movie_info_idx mi_idx WHERE t.id=mi.movie_id AND t.id=mi_idx.movie_id AND t.production_year>2007 AND mi.info_type_id>4 AND mi_idx.info_type_id=100;",
    "Cardinality": 995431,
    "AND Predicate Norm": [
        [
            104,
            3,
            0.9136690647482014
        ],
        [
            65,
            3,
            0.027522935779816515
        ],
        [
            70,
            2,
            0.07142857142857142
        ]
    ],
    "Tables": [
        16,
        17,
        18
    ],
    "Joins": [
        "98-66",
        "98-71"
    ]
}