{
    "Query Number": "Synthetic_4397",
    "Query": "SELECT COUNT(*) FROM title t,movie_info_idx mi_idx,movie_keyword mk WHERE t.id=mi_idx.movie_id AND t.id=mk.movie_id AND t.production_year>2010 AND mk.keyword_id=11245;",
    "Cardinality": 12,
    "AND Predicate Norm": [
        [
            104,
            3,
            0.935251798561151
        ],
        [
            74,
            2,
            0.08380475370614672
        ]
    ],
    "Tables": [
        16,
        18,
        19
    ],
    "Joins": [
        "98-71",
        "98-75"
    ]
}