{
    "Query Number": "Synthetic_4967",
    "Query": "SELECT COUNT(*) FROM title t,movie_info mi WHERE t.id=mi.movie_id AND t.kind_id<2 AND t.production_year<2003 AND mi.info_type_id>3;",
    "Cardinality": 3893394,
    "AND Predicate Norm": [
        [
            101,
            1,
            0.16666666666666666
        ],
        [
            104,
            1,
            0.8848920863309353
        ],
        [
            65,
            3,
            0.01834862385321101
        ]
    ],
    "Tables": [
        16,
        17
    ],
    "Joins": [
        "98-66"
    ]
}