{
    "Query Number": "Synthetic_4961",
    "Query": "SELECT COUNT(*) FROM title t,movie_companies mc WHERE t.id=mc.movie_id AND t.production_year=2010 AND mc.company_id>216 AND mc.company_type_id=1;",
    "Cardinality": 41443,
    "AND Predicate Norm": [
        [
            104,
            2,
            0.935251798561151
        ],
        [
            58,
            3,
            0.0009149091899436587
        ],
        [
            59,
            2,
            0.0
        ]
    ],
    "Tables": [
        16,
        12
    ],
    "Joins": [
        "98-61"
    ]
}