{
    "Query Number": "Synthetic_4080",
    "Query": "SELECT COUNT(*) FROM title t,movie_info mi,movie_keyword mk WHERE t.id=mi.movie_id AND t.id=mk.movie_id AND t.kind_id=7 AND t.production_year<2009 AND mi.info_type_id>17 AND mk.keyword_id<230;",
    "Cardinality": 39057,
    "AND Predicate Norm": [
        [
            101,
            2,
            1.0
        ],
        [
            104,
            1,
            0.9280575539568345
        ],
        [
            65,
            3,
            0.14678899082568808
        ],
        [
            74,
            1,
            0.0017068026146129136
        ]
    ],
    "Tables": [
        16,
        17,
        19
    ],
    "Joins": [
        "98-66",
        "98-75"
    ]
}