{
    "Query Number": "Synthetic_4060",
    "Query": "SELECT COUNT(*) FROM title t,cast_info ci WHERE t.id=ci.movie_id AND t.kind_id<7 AND ci.person_id>1463874 AND ci.role_id=1;",
    "Cardinality": 864903,
    "AND Predicate Norm": [
        [
            101,
            1,
            1.0
        ],
        [
            24,
            3,
            0.3603889781322895
        ],
        [
            26,
            2,
            0.0
        ]
    ],
    "Tables": [
        16,
        2
    ],
    "Joins": [
        "98-21"
    ]
}