{
    "Query Number": "Synthetic_4369",
    "Query": "SELECT COUNT(*) FROM title t,cast_info ci WHERE t.id=ci.movie_id AND t.kind_id=1 AND ci.person_id<3433871 AND ci.role_id>10;",
    "Cardinality": 51701,
    "AND Predicate Norm": [
        [
            101,
            2,
            0.0
        ],
        [
            24,
            1,
            0.8453799614714698
        ],
        [
            26,
            3,
            0.9
        ]
    ],
    "Tables": [
        16,
        2
    ],
    "Joins": [
        "98-21"
    ]
}