{
    "Query Number": "Synthetic_823",
    "Query": "SELECT COUNT(*) FROM title t,movie_companies mc,movie_info mi WHERE t.id=mc.movie_id AND t.id=mi.movie_id AND t.kind_id>4 AND t.production_year>2013 AND mc.company_id<14218 AND mc.company_type_id<2;",
    "Cardinality": 18,
    "AND Predicate Norm": [
        [
            101,
            3,
            0.5
        ],
        [
            104,
            3,
            0.9568345323741008
        ],
        [
            58,
            1,
            0.06049890210897207
        ],
        [
            59,
            1,
            1.0
        ]
    ],
    "Tables": [
        16,
        12,
        17
    ],
    "Joins": [
        "98-61",
        "98-66"
    ]
}