{
    "Query Number": "Synthetic_829",
    "Query": "SELECT COUNT(*) FROM title t,movie_companies mc,cast_info ci WHERE t.id=mc.movie_id AND t.id=ci.movie_id AND t.production_year=2011 AND mc.company_id=2017 AND ci.person_id<2065499 AND ci.role_id=5;",
    "Cardinality": 157,
    "AND Predicate Norm": [
        [
            104,
            2,
            0.9424460431654677
        ],
        [
            58,
            2,
            0.008578869427564724
        ],
        [
            24,
            1,
            0.508502249549167
        ],
        [
            26,
            2,
            0.4
        ]
    ],
    "Tables": [
        16,
        12,
        2
    ],
    "Joins": [
        "98-61",
        "98-21"
    ]
}