{
    "Query Number": "Synthetic_743",
    "Query": "SELECT COUNT(*) FROM title t,movie_info mi WHERE t.id=mi.movie_id AND t.kind_id>1 AND t.production_year=2012 AND mi.info_type_id>2;",
    "Cardinality": 251911,
    "AND Predicate Norm": [
        [
            101,
            3,
            0.0
        ],
        [
            104,
            2,
            0.9496402877697842
        ],
        [
            65,
            3,
            0.009174311926605505
        ]
    ],
    "Tables": [
        16,
        17
    ],
    "Joins": [
        "98-66"
    ]
}