{
    "Query Number": "Synthetic_171",
    "Query": "SELECT COUNT(*) FROM title t,cast_info ci,movie_keyword mk WHERE t.id=ci.movie_id AND t.id=mk.movie_id AND t.production_year>1913 AND ci.person_id<364441 AND mk.keyword_id<2276;",
    "Cardinality": 7813854,
    "AND Predicate Norm": [
        [
            104,
            3,
            0.23741007194244604
        ],
        [
            24,
            1,
            0.08972100666555882
        ],
        [
            74,
            1,
            0.016956226848228728
        ]
    ],
    "Tables": [
        16,
        2,
        19
    ],
    "Joins": [
        "98-21",
        "98-75"
    ]
}