{
    "Query Number": "Synthetic_892",
    "Query": "SELECT COUNT(*) FROM title t,movie_info_idx mi_idx,movie_keyword mk WHERE t.id=mi_idx.movie_id AND t.id=mk.movie_id AND t.kind_id<7 AND t.production_year>2001 AND mi_idx.info_type_id>99 AND mk.keyword_id<11403;",
    "Cardinality": 1505791,
    "AND Predicate Norm": [
        [
            101,
            1,
            1.0
        ],
        [
            104,
            3,
            0.8705035971223022
        ],
        [
            70,
            3,
            0.0
        ],
        [
            74,
            1,
            0.08498237297736437
        ]
    ],
    "Tables": [
        16,
        18,
        19
    ],
    "Joins": [
        "98-71",
        "98-75"
    ]
}