{
    "Query Number": "Synthetic_879",
    "Query": "SELECT COUNT(*) FROM title t,cast_info ci,movie_info_idx mi_idx WHERE t.id=ci.movie_id AND t.id=mi_idx.movie_id AND t.kind_id<2 AND t.production_year=2009 AND ci.person_id>71729;",
    "Cardinality": 807143,
    "AND Predicate Norm": [
        [
            101,
            1,
            0.16666666666666666
        ],
        [
            104,
            2,
            0.9280575539568345
        ],
        [
            24,
            3,
            0.017658622451177705
        ]
    ],
    "Tables": [
        16,
        2,
        18
    ],
    "Joins": [
        "98-21",
        "98-71"
    ]
}