{
    "Query Number": "Synthetic_223",
    "Query": "SELECT COUNT(*) FROM title t,movie_info mi,movie_keyword mk WHERE t.id=mi.movie_id AND t.id=mk.movie_id AND t.kind_id=7 AND t.production_year=2006 AND mi.info_type_id<3;",
    "Cardinality": 32576,
    "AND Predicate Norm": [
        [
            101,
            2,
            1.0
        ],
        [
            104,
            2,
            0.9064748201438849
        ],
        [
            65,
            1,
            0.01834862385321101
        ]
    ],
    "Tables": [
        16,
        17,
        19
    ],
    "Joins": [
        "98-66",
        "98-75"
    ]
}