{
    "Query Number": "Synthetic_359",
    "Query": "SELECT COUNT(*) FROM title t,cast_info ci WHERE t.id=ci.movie_id AND t.kind_id<7 AND ci.person_id<3490049 AND ci.role_id>1;",
    "Cardinality": 8269208,
    "AND Predicate Norm": [
        [
            101,
            1,
            1.0
        ],
        [
            24,
            1,
            0.8592103497725831
        ],
        [
            26,
            3,
            0.0
        ]
    ],
    "Tables": [
        16,
        2
    ],
    "Joins": [
        "98-21"
    ]
}