{
    "Query Number": "Synthetic_176",
    "Query": "SELECT COUNT(*) FROM title t,cast_info ci,movie_keyword mk WHERE t.id=ci.movie_id AND t.id=mk.movie_id AND t.production_year=1958 AND ci.role_id=1;",
    "Cardinality": 278473,
    "AND Predicate Norm": [
        [
            104,
            2,
            0.5611510791366906
        ],
        [
            26,
            2,
            0.0
        ]
    ],
    "Tables": [
        16,
        2,
        19
    ],
    "Joins": [
        "98-21",
        "98-75"
    ]
}