{
    "Query Number": "Synthetic_937",
    "Query": "SELECT COUNT(*) FROM title t,movie_info mi WHERE t.id=mi.movie_id AND t.kind_id=7 AND t.production_year<2001 AND mi.info_type_id<4;",
    "Cardinality": 307201,
    "AND Predicate Norm": [
        [
            101,
            2,
            1.0
        ],
        [
            104,
            1,
            0.8705035971223022
        ],
        [
            65,
            1,
            0.027522935779816515
        ]
    ],
    "Tables": [
        16,
        17
    ],
    "Joins": [
        "98-66"
    ]
}