{
    "Query Number": "Synthetic_898",
    "Query": "SELECT COUNT(*) FROM title t,movie_companies mc,movie_keyword mk WHERE t.id=mc.movie_id AND t.id=mk.movie_id AND t.kind_id=1 AND t.production_year<2008 AND mc.company_id<6778;",
    "Cardinality": 10739246,
    "AND Predicate Norm": [
        [
            101,
            2,
            0.0
        ],
        [
            104,
            1,
            0.920863309352518
        ],
        [
            58,
            1,
            0.028838788745340346
        ]
    ],
    "Tables": [
        16,
        12,
        19
    ],
    "Joins": [
        "98-61",
        "98-75"
    ]
}