{
    "Query Number": "Synthetic_708",
    "Query": "SELECT COUNT(*) FROM title t,movie_info_idx mi_idx,movie_keyword mk WHERE t.id=mi_idx.movie_id AND t.id=mk.movie_id AND mi_idx.info_type_id>99 AND mk.keyword_id=21711;",
    "Cardinality": 2548,
    "AND Predicate Norm": [
        [
            70,
            3,
            0.0
        ],
        [
            74,
            2,
            0.16181085049452557
        ]
    ],
    "Tables": [
        16,
        18,
        19
    ],
    "Joins": [
        "98-71",
        "98-75"
    ]
}