{
    "Query Number": "Synthetic_831",
    "Query": "SELECT COUNT(*) FROM title t,cast_info ci,movie_info_idx mi_idx WHERE t.id=ci.movie_id AND t.id=mi_idx.movie_id AND t.production_year=1937 AND ci.person_id>3184262 AND ci.role_id<7 AND mi_idx.info_type_id=99;",
    "Cardinality": 1437,
    "AND Predicate Norm": [
        [
            104,
            2,
            0.41007194244604317
        ],
        [
            24,
            3,
            0.7839290484191609
        ],
        [
            26,
            1,
            0.6
        ],
        [
            70,
            2,
            0.0
        ]
    ],
    "Tables": [
        16,
        2,
        18
    ],
    "Joins": [
        "98-21",
        "98-71"
    ]
}