{
    "Query Number": "Synthetic_746",
    "Query": "SELECT COUNT(*) FROM title t,cast_info ci,movie_keyword mk WHERE t.id=ci.movie_id AND t.id=mk.movie_id AND t.production_year<2000 AND ci.person_id>3024029 AND ci.role_id>1 AND mk.keyword_id>16406;",
    "Cardinality": 3726917,
    "AND Predicate Norm": [
        [
            104,
            1,
            0.8633093525179856
        ],
        [
            24,
            3,
            0.7444814958424885
        ],
        [
            26,
            3,
            0.0
        ],
        [
            74,
            3,
            0.12227116547041418
        ]
    ],
    "Tables": [
        16,
        2,
        19
    ],
    "Joins": [
        "98-21",
        "98-75"
    ]
}