{
    "Query Number": "Synthetic_477",
    "Query": "SELECT COUNT(*) FROM title t,movie_info mi WHERE t.id=mi.movie_id AND t.kind_id>1 AND t.production_year<2009 AND mi.info_type_id=18;",
    "Cardinality": 242392,
    "AND Predicate Norm": [
        [
            101,
            3,
            0.0
        ],
        [
            104,
            1,
            0.9280575539568345
        ],
        [
            65,
            2,
            0.1559633027522936
        ]
    ],
    "Tables": [
        16,
        17
    ],
    "Joins": [
        "98-66"
    ]
}