{
    "Query Number": "Synthetic_426",
    "Query": "SELECT COUNT(*) FROM title t,movie_companies mc,movie_keyword mk WHERE t.id=mc.movie_id AND t.id=mk.movie_id AND t.kind_id<7 AND t.production_year>1948 AND mc.company_id>9327 AND mk.keyword_id=2873;",
    "Cardinality": 3377,
    "AND Predicate Norm": [
        [
            101,
            1,
            1.0
        ],
        [
            104,
            3,
            0.4892086330935252
        ],
        [
            58,
            3,
            0.03968578188564912
        ],
        [
            74,
            2,
            0.021405838904665013
        ]
    ],
    "Tables": [
        16,
        12,
        19
    ],
    "Joins": [
        "98-61",
        "98-75"
    ]
}