{
    "Query Number": "Synthetic_36",
    "Query": "SELECT COUNT(*) FROM title t,movie_info_idx mi_idx,movie_keyword mk WHERE t.id=mi_idx.movie_id AND t.id=mk.movie_id AND mi_idx.info_type_id=100 AND mk.keyword_id>430;",
    "Cardinality": 3056412,
    "AND Predicate Norm": [
        [
            70,
            2,
            0.07142857142857142
        ],
        [
            74,
            3,
            0.0031974599199517026
        ]
    ],
    "Tables": [
        16,
        18,
        19
    ],
    "Joins": [
        "98-71",
        "98-75"
    ]
}