{
    "Query Number": "Synthetic_220",
    "Query": "SELECT COUNT(*) FROM title t,movie_companies mc,movie_keyword mk WHERE t.id=mc.movie_id AND t.id=mk.movie_id AND mc.company_id>164180 AND mk.keyword_id>90308;",
    "Cardinality": 21316,
    "AND Predicate Norm": [
        [
            58,
            3,
            0.6986459343988833
        ],
        [
            74,
            3,
            0.6730839463661501
        ]
    ],
    "Tables": [
        16,
        12,
        19
    ],
    "Joins": [
        "98-61",
        "98-75"
    ]
}