{
    "Query Number": "Synthetic_299",
    "Query": "SELECT COUNT(*) FROM title t,movie_companies mc,movie_keyword mk WHERE t.id=mc.movie_id AND t.id=mk.movie_id AND t.kind_id<7 AND mc.company_id>140038 AND mc.company_type_id=2;",
    "Cardinality": 1076953,
    "AND Predicate Norm": [
        [
            101,
            1,
            1.0
        ],
        [
            58,
            3,
            0.5959122708471634
        ],
        [
            59,
            2,
            1.0
        ]
    ],
    "Tables": [
        16,
        12,
        19
    ],
    "Joins": [
        "98-61",
        "98-75"
    ]
}