{
    "Query Number": "Synthetic_760",
    "Query": "SELECT COUNT(*) FROM title t,movie_info_idx mi_idx,movie_keyword mk WHERE t.id=mi_idx.movie_id AND t.id=mk.movie_id AND t.production_year<2004 AND mi_idx.info_type_id<100 AND mk.keyword_id=5037;",
    "Cardinality": 375,
    "AND Predicate Norm": [
        [
            104,
            1,
            0.8920863309352518
        ],
        [
            70,
            1,
            0.07142857142857142
        ],
        [
            74,
            2,
            0.03753475094843071
        ]
    ],
    "Tables": [
        16,
        18,
        19
    ],
    "Joins": [
        "98-71",
        "98-75"
    ]
}