{
    "Query Number": "Synthetic_104",
    "Query": "SELECT COUNT(*) FROM title t,movie_companies mc,movie_keyword mk WHERE t.id=mc.movie_id AND t.id=mk.movie_id AND mc.company_id>87517 AND mk.keyword_id=9182;",
    "Cardinality": 19,
    "AND Predicate Norm": [
        [
            58,
            3,
            0.37241484961446153
        ],
        [
            74,
            2,
            0.06842862360157712
        ]
    ],
    "Tables": [
        16,
        12,
        19
    ],
    "Joins": [
        "98-61",
        "98-75"
    ]
}