{
    "Query Number": "Synthetic_675",
    "Query": "SELECT COUNT(*) FROM title t,cast_info ci,movie_keyword mk WHERE t.id=ci.movie_id AND t.id=mk.movie_id AND ci.person_id=1870606 AND ci.role_id<3 AND mk.keyword_id>33054;",
    "Cardinality": 87,
    "AND Predicate Norm": [
        [
            24,
            2,
            0.46052179693125794
        ],
        [
            26,
            1,
            0.2
        ],
        [
            74,
            3,
            0.246353479566815
        ]
    ],
    "Tables": [
        16,
        2,
        19
    ],
    "Joins": [
        "98-21",
        "98-75"
    ]
}