{
    "Query Number": "Synthetic_641",
    "Query": "SELECT COUNT(*) FROM title t,movie_companies mc,movie_info mi WHERE t.id=mc.movie_id AND t.id=mi.movie_id AND t.production_year=2000 AND mc.company_id>30 AND mc.company_type_id>1;",
    "Cardinality": 468652,
    "AND Predicate Norm": [
        [
            104,
            2,
            0.8633093525179856
        ],
        [
            58,
            3,
            0.00012340635585286557
        ],
        [
            59,
            3,
            0.0
        ]
    ],
    "Tables": [
        16,
        12,
        17
    ],
    "Joins": [
        "98-61",
        "98-66"
    ]
}