{
    "Query Number": "Synthetic_123",
    "Query": "SELECT COUNT(*) FROM title t,movie_info mi,movie_keyword mk WHERE t.id=mi.movie_id AND t.id=mk.movie_id AND t.kind_id<7 AND mi.info_type_id>16 AND mk.keyword_id<11728;",
    "Cardinality": 56848525,
    "AND Predicate Norm": [
        [
            101,
            1,
            1.0
        ],
        [
            65,
            3,
            0.13761467889908258
        ],
        [
            74,
            1,
            0.0874046910985399
        ]
    ],
    "Tables": [
        16,
        17,
        19
    ],
    "Joins": [
        "98-66",
        "98-75"
    ]
}