{
    "Query Number": "Synthetic_973",
    "Query": "SELECT COUNT(*) FROM title t,movie_companies mc,cast_info ci WHERE t.id=mc.movie_id AND t.id=ci.movie_id AND t.kind_id=1 AND mc.company_id=34044;",
    "Cardinality": 361,
    "AND Predicate Norm": [
        [
            101,
            2,
            0.0
        ],
        [
            58,
            2,
            0.14486629559652078
        ]
    ],
    "Tables": [
        16,
        12,
        2
    ],
    "Joins": [
        "98-61",
        "98-21"
    ]
}