{
    "Query Number": "Synthetic_665",
    "Query": "SELECT COUNT(*) FROM title t,cast_info ci,movie_info mi WHERE t.id=ci.movie_id AND t.id=mi.movie_id AND ci.person_id<1660824 AND ci.role_id=1 AND mi.info_type_id>16;",
    "Cardinality": 40379503,
    "AND Predicate Norm": [
        [
            24,
            1,
            0.4088758408882488
        ],
        [
            26,
            2,
            0.0
        ],
        [
            65,
            3,
            0.13761467889908258
        ]
    ],
    "Tables": [
        16,
        2,
        17
    ],
    "Joins": [
        "98-21",
        "98-66"
    ]
}