{
    "Query Number": "Synthetic_686",
    "Query": "SELECT COUNT(*) FROM title t,movie_companies mc,cast_info ci WHERE t.id=mc.movie_id AND t.id=ci.movie_id AND mc.company_type_id<2 AND ci.person_id>2786037 AND ci.role_id>10;",
    "Cardinality": 240239,
    "AND Predicate Norm": [
        [
            59,
            1,
            1.0
        ],
        [
            24,
            3,
            0.6858905568172726
        ],
        [
            26,
            3,
            0.9
        ]
    ],
    "Tables": [
        16,
        12,
        2
    ],
    "Joins": [
        "98-61",
        "98-21"
    ]
}