{
    "Query Number": "Synthetic_434",
    "Query": "SELECT COUNT(*) FROM title t,cast_info ci,movie_info_idx mi_idx WHERE t.id=ci.movie_id AND t.id=mi_idx.movie_id AND ci.person_id>1692308 AND ci.role_id=6;",
    "Cardinality": 555594,
    "AND Predicate Norm": [
        [
            24,
            3,
            0.41662684564584523
        ],
        [
            26,
            2,
            0.5
        ]
    ],
    "Tables": [
        16,
        2,
        18
    ],
    "Joins": [
        "98-21",
        "98-71"
    ]
}