{
    "Query Number": "Synthetic_676",
    "Query": "SELECT COUNT(*) FROM title t,cast_info ci,movie_info_idx mi_idx WHERE t.id=ci.movie_id AND t.id=mi_idx.movie_id AND t.kind_id<7 AND ci.person_id>532528 AND mi_idx.info_type_id=99;",
    "Cardinality": 7179208,
    "AND Predicate Norm": [
        [
            101,
            1,
            1.0
        ],
        [
            24,
            3,
            0.13110212522387785
        ],
        [
            70,
            2,
            0.0
        ]
    ],
    "Tables": [
        16,
        2,
        18
    ],
    "Joins": [
        "98-21",
        "98-71"
    ]
}