{
    "Query Number": "Synthetic_505",
    "Query": "SELECT COUNT(*) FROM title t,movie_info_idx mi_idx,movie_keyword mk WHERE t.id=mi_idx.movie_id AND t.id=mk.movie_id AND t.kind_id>4 AND mk.keyword_id=21645;",
    "Cardinality": 51,
    "AND Predicate Norm": [
        [
            101,
            3,
            0.5
        ],
        [
            74,
            2,
            0.16131893358376376
        ]
    ],
    "Tables": [
        16,
        18,
        19
    ],
    "Joins": [
        "98-71",
        "98-75"
    ]
}