{
    "Query Number": "Synthetic_59",
    "Query": "SELECT COUNT(*) FROM title t,cast_info ci,movie_keyword mk WHERE t.id=ci.movie_id AND t.id=mk.movie_id AND ci.person_id>2869415 AND ci.role_id>9 AND mk.keyword_id<2980;",
    "Cardinality": 14887750,
    "AND Predicate Norm": [
        [
            24,
            3,
            0.7064172775223571
        ],
        [
            26,
            3,
            0.8
        ],
        [
            74,
            1,
            0.022203340563021264
        ]
    ],
    "Tables": [
        16,
        2,
        19
    ],
    "Joins": [
        "98-21",
        "98-75"
    ]
}