{
    "Query Number": "Synthetic_809",
    "Query": "SELECT COUNT(*) FROM title t,cast_info ci WHERE t.id=ci.movie_id AND t.kind_id=1 AND t.production_year=1987 AND ci.person_id<3637864 AND ci.role_id=8;",
    "Cardinality": 4716,
    "AND Predicate Norm": [
        [
            101,
            2,
            0.0
        ],
        [
            104,
            2,
            0.7697841726618705
        ],
        [
            24,
            1,
            0.8956007311804133
        ],
        [
            26,
            2,
            0.7
        ]
    ],
    "Tables": [
        16,
        2
    ],
    "Joins": [
        "98-21"
    ]
}