{
    "Query Number": "Synthetic_273",
    "Query": "SELECT COUNT(*) FROM title t,movie_info_idx mi_idx,movie_keyword mk WHERE t.id=mi_idx.movie_id AND t.id=mk.movie_id AND t.production_year<2004 AND mi_idx.info_type_id=99 AND mk.keyword_id>29318;",
    "Cardinality": 322839,
    "AND Predicate Norm": [
        [
            104,
            1,
            0.8920863309352518
        ],
        [
            70,
            2,
            0.0
        ],
        [
            74,
            3,
            0.2185080011030864
        ]
    ],
    "Tables": [
        16,
        18,
        19
    ],
    "Joins": [
        "98-71",
        "98-75"
    ]
}