{
    "Query Number": "Synthetic_868",
    "Query": "SELECT COUNT(*) FROM title t,cast_info ci,movie_keyword mk WHERE t.id=ci.movie_id AND t.id=mk.movie_id AND t.kind_id<2 AND t.production_year<2012 AND ci.person_id>1465328 AND mk.keyword_id>835;",
    "Cardinality": 76368893,
    "AND Predicate Norm": [
        [
            101,
            1,
            0.16666666666666666
        ],
        [
            104,
            1,
            0.9496402877697842
        ],
        [
            24,
            3,
            0.36074693648947237
        ],
        [
            74,
            3,
            0.006216040963262751
        ]
    ],
    "Tables": [
        16,
        2,
        19
    ],
    "Joins": [
        "98-21",
        "98-75"
    ]
}