{
    "Query Number": "Synthetic_133",
    "Query": "SELECT COUNT(*) FROM title t,movie_info mi,movie_keyword mk WHERE t.id=mi.movie_id AND t.id=mk.movie_id AND t.production_year>2008 AND mi.info_type_id>16;",
    "Cardinality": 10169372,
    "AND Predicate Norm": [
        [
            104,
            3,
            0.920863309352518
        ],
        [
            65,
            3,
            0.13761467889908258
        ]
    ],
    "Tables": [
        16,
        17,
        19
    ],
    "Joins": [
        "98-66",
        "98-75"
    ]
}