{
    "Query Number": "Synthetic_381",
    "Query": "SELECT COUNT(*) FROM title t,movie_info mi,movie_keyword mk WHERE t.id=mi.movie_id AND t.id=mk.movie_id AND t.production_year=2010 AND mk.keyword_id<20875;",
    "Cardinality": 6569607,
    "AND Predicate Norm": [
        [
            104,
            2,
            0.935251798561151
        ],
        [
            74,
            1,
            0.15557990295820942
        ]
    ],
    "Tables": [
        16,
        17,
        19
    ],
    "Joins": [
        "98-66",
        "98-75"
    ]
}