{
    "Query Number": "Synthetic_715",
    "Query": "SELECT COUNT(*) FROM title t,movie_info mi,movie_keyword mk WHERE t.id=mi.movie_id AND t.id=mk.movie_id AND t.production_year<1998 AND mi.info_type_id=110;",
    "Cardinality": 552418,
    "AND Predicate Norm": [
        [
            104,
            1,
            0.8489208633093526
        ],
        [
            65,
            2,
            1.0
        ]
    ],
    "Tables": [
        16,
        17,
        19
    ],
    "Joins": [
        "98-66",
        "98-75"
    ]
}