{
    "Query Number": "Synthetic_366",
    "Query": "SELECT COUNT(*) FROM title t,movie_info_idx mi_idx,movie_keyword mk WHERE t.id=mi_idx.movie_id AND t.id=mk.movie_id AND t.production_year<2003 AND mk.keyword_id=4926;",
    "Cardinality": 1163,
    "AND Predicate Norm": [
        [
            104,
            1,
            0.8848920863309353
        ],
        [
            74,
            2,
            0.03670743614396768
        ]
    ],
    "Tables": [
        16,
        18,
        19
    ],
    "Joins": [
        "98-71",
        "98-75"
    ]
}