{
    "Query Number": "Synthetic_983",
    "Query": "SELECT COUNT(*) FROM title t,movie_keyword mk WHERE t.id=mk.movie_id AND t.kind_id=7 AND t.production_year<1996 AND mk.keyword_id<35544;",
    "Cardinality": 178657,
    "AND Predicate Norm": [
        [
            101,
            2,
            1.0
        ],
        [
            104,
            1,
            0.8345323741007195
        ],
        [
            74,
            1,
            0.2649121630182829
        ]
    ],
    "Tables": [
        16,
        19
    ],
    "Joins": [
        "98-75"
    ]
}