{
    "Query Number": "Synthetic_291",
    "Query": "SELECT COUNT(*) FROM title t,cast_info ci,movie_info_idx mi_idx WHERE t.id=ci.movie_id AND t.id=mi_idx.movie_id AND t.production_year=2005 AND ci.person_id<2051263 AND ci.role_id>1;",
    "Cardinality": 390941,
    "AND Predicate Norm": [
        [
            104,
            2,
            0.8992805755395683
        ],
        [
            24,
            1,
            0.5049975073395003
        ],
        [
            26,
            3,
            0.0
        ]
    ],
    "Tables": [
        16,
        2,
        18
    ],
    "Joins": [
        "98-21",
        "98-71"
    ]
}