{
    "Query Number": "Synthetic_14",
    "Query": "SELECT COUNT(*) FROM title t,movie_companies mc,movie_info mi WHERE t.id=mc.movie_id AND t.id=mi.movie_id AND t.kind_id<7 AND mc.company_id>83328 AND mi.info_type_id<8;",
    "Cardinality": 2706674,
    "AND Predicate Norm": [
        [
            101,
            1,
            1.0
        ],
        [
            58,
            3,
            0.35458901428109413
        ],
        [
            65,
            1,
            0.06422018348623854
        ]
    ],
    "Tables": [
        16,
        12,
        17
    ],
    "Joins": [
        "98-61",
        "98-66"
    ]
}