{
    "Query Number": "Synthetic_41",
    "Query": "SELECT COUNT(*) FROM title t,movie_info mi,movie_info_idx mi_idx WHERE t.id=mi.movie_id AND t.id=mi_idx.movie_id AND t.production_year<1965 AND mi.info_type_id<90;",
    "Cardinality": 2929788,
    "AND Predicate Norm": [
        [
            104,
            1,
            0.6115107913669064
        ],
        [
            65,
            1,
            0.8165137614678899
        ]
    ],
    "Tables": [
        16,
        17,
        18
    ],
    "Joins": [
        "98-66",
        "98-71"
    ]
}