{
    "Query Number": "Synthetic_714",
    "Query": "SELECT COUNT(*) FROM title t,movie_companies mc,cast_info ci WHERE t.id=mc.movie_id AND t.id=ci.movie_id AND mc.company_id=137 AND ci.person_id<1585088 AND ci.role_id<2;",
    "Cardinality": 23577,
    "AND Predicate Norm": [
        [
            58,
            2,
            0.0005787332550341283
        ],
        [
            24,
            1,
            0.39023049416225064
        ],
        [
            26,
            1,
            0.1
        ]
    ],
    "Tables": [
        16,
        12,
        2
    ],
    "Joins": [
        "98-61",
        "98-21"
    ]
}