{
    "Query Number": "Synthetic_779",
    "Query": "SELECT COUNT(*) FROM title t,movie_companies mc,movie_info mi WHERE t.id=mc.movie_id AND t.id=mi.movie_id AND mc.company_id=11373 AND mi.info_type_id<7;",
    "Cardinality": 22152,
    "AND Predicate Norm": [
        [
            58,
            2,
            0.04839231306064784
        ],
        [
            65,
            1,
            0.05504587155963303
        ]
    ],
    "Tables": [
        16,
        12,
        17
    ],
    "Joins": [
        "98-61",
        "98-66"
    ]
}