{
    "Query Number": "Synthetic_261",
    "Query": "SELECT COUNT(*) FROM title t,movie_companies mc,movie_info mi WHERE t.id=mc.movie_id AND t.id=mi.movie_id AND t.production_year=1966 AND mc.company_id=475 AND mc.company_type_id=2;",
    "Cardinality": 982,
    "AND Predicate Norm": [
        [
            104,
            2,
            0.6187050359712231
        ],
        [
            58,
            2,
            0.0020170556094571824
        ],
        [
            59,
            2,
            1.0
        ]
    ],
    "Tables": [
        16,
        12,
        17
    ],
    "Joins": [
        "98-61",
        "98-66"
    ]
}