{
    "Query Number": "Synthetic_611",
    "Query": "SELECT COUNT(*) FROM title t,cast_info ci,movie_info mi WHERE t.id=ci.movie_id AND t.id=mi.movie_id AND t.kind_id<7 AND t.production_year>1984 AND ci.person_id<724105 AND ci.role_id>3;",
    "Cardinality": 14222263,
    "AND Predicate Norm": [
        [
            101,
            1,
            1.0
        ],
        [
            104,
            3,
            0.7482014388489209
        ],
        [
            24,
            1,
            0.17826621614136154
        ],
        [
            26,
            3,
            0.2
        ]
    ],
    "Tables": [
        16,
        2,
        17
    ],
    "Joins": [
        "98-21",
        "98-66"
    ]
}