{
    "Query Number": "Synthetic_283",
    "Query": "SELECT COUNT(*) FROM title t,movie_info mi WHERE t.id=mi.movie_id AND t.kind_id=7 AND t.production_year<2012 AND mi.info_type_id>2;",
    "Cardinality": 3199424,
    "AND Predicate Norm": [
        [
            101,
            2,
            1.0
        ],
        [
            104,
            1,
            0.9496402877697842
        ],
        [
            65,
            3,
            0.009174311926605505
        ]
    ],
    "Tables": [
        16,
        17
    ],
    "Joins": [
        "98-66"
    ]
}