{
    "Query Number": "Synthetic_808",
    "Query": "SELECT COUNT(*) FROM title t,movie_companies mc,movie_keyword mk WHERE t.id=mc.movie_id AND t.id=mk.movie_id AND mc.company_id=160 AND mc.company_type_id=1 AND mk.keyword_id=47;",
    "Cardinality": 191,
    "AND Predicate Norm": [
        [
            58,
            2,
            0.000676607261400194
        ],
        [
            59,
            2,
            0.0
        ],
        [
            74,
            2,
            0.0003428511802279215
        ]
    ],
    "Tables": [
        16,
        12,
        19
    ],
    "Joins": [
        "98-61",
        "98-75"
    ]
}