{
    "Query Number": "Synthetic_395",
    "Query": "SELECT COUNT(*) FROM title t,movie_companies mc,cast_info ci WHERE t.id=mc.movie_id AND t.id=ci.movie_id AND t.kind_id=4 AND t.production_year<2011 AND mc.company_id>3139 AND mc.company_type_id<2;",
    "Cardinality": 1012740,
    "AND Predicate Norm": [
        [
            101,
            2,
            0.5
        ],
        [
            104,
            1,
            0.9424460431654677
        ],
        [
            58,
            3,
            0.013353418781596283
        ],
        [
            59,
            1,
            1.0
        ]
    ],
    "Tables": [
        16,
        12,
        2
    ],
    "Joins": [
        "98-61",
        "98-21"
    ]
}