{
    "Query Number": "Synthetic_800",
    "Query": "SELECT COUNT(*) FROM title t,cast_info ci,movie_keyword mk WHERE t.id=ci.movie_id AND t.id=mk.movie_id AND t.kind_id<7 AND ci.person_id>192089 AND ci.role_id>2 AND mk.keyword_id>16264;",
    "Cardinality": 20981310,
    "AND Predicate Norm": [
        [
            101,
            1,
            1.0
        ],
        [
            24,
            3,
            0.047289893338749486
        ],
        [
            26,
            3,
            0.1
        ],
        [
            74,
            3,
            0.12121279878362363
        ]
    ],
    "Tables": [
        16,
        2,
        19
    ],
    "Joins": [
        "98-21",
        "98-75"
    ]
}