{
    "Query Number": "Synthetic_414",
    "Query": "SELECT COUNT(*) FROM title t,movie_companies mc WHERE t.id=mc.movie_id AND t.kind_id=7 AND t.production_year>2004 AND mc.company_id=4223;",
    "Cardinality": 53,
    "AND Predicate Norm": [
        [
            101,
            2,
            1.0
        ],
        [
            104,
            3,
            0.8920863309352518
        ],
        [
            58,
            2,
            0.017966263255544776
        ]
    ],
    "Tables": [
        16,
        12
    ],
    "Joins": [
        "98-61"
    ]
}