{
    "Query Number": "Synthetic_945",
    "Query": "SELECT COUNT(*) FROM title t,movie_info mi,movie_info_idx mi_idx WHERE t.id=mi.movie_id AND t.id=mi_idx.movie_id AND t.kind_id>1 AND t.production_year=2012 AND mi.info_type_id>8 AND mi_idx.info_type_id>99;",
    "Cardinality": 72210,
    "AND Predicate Norm": [
        [
            101,
            3,
            0.0
        ],
        [
            104,
            2,
            0.9496402877697842
        ],
        [
            65,
            3,
            0.06422018348623854
        ],
        [
            70,
            3,
            0.0
        ]
    ],
    "Tables": [
        16,
        17,
        18
    ],
    "Joins": [
        "98-66",
        "98-71"
    ]
}