{
    "Query Number": "Synthetic_876",
    "Query": "SELECT COUNT(*) FROM title t,movie_companies mc,movie_keyword mk WHERE t.id=mc.movie_id AND t.id=mk.movie_id AND t.kind_id<7 AND mc.company_id>1700;",
    "Cardinality": 25441217,
    "AND Predicate Norm": [
        [
            101,
            1,
            1.0
        ],
        [
            58,
            3,
            0.00722991029634547
        ]
    ],
    "Tables": [
        16,
        12,
        19
    ],
    "Joins": [
        "98-61",
        "98-75"
    ]
}