{
    "Query Number": "Synthetic_702",
    "Query": "SELECT COUNT(*) FROM title t,movie_info mi,movie_info_idx mi_idx WHERE t.id=mi.movie_id AND t.id=mi_idx.movie_id AND t.kind_id<3 AND mi.info_type_id>8 AND mi_idx.info_type_id>99;",
    "Cardinality": 5308962,
    "AND Predicate Norm": [
        [
            101,
            1,
            0.3333333333333333
        ],
        [
            65,
            3,
            0.06422018348623854
        ],
        [
            70,
            3,
            0.0
        ]
    ],
    "Tables": [
        16,
        17,
        18
    ],
    "Joins": [
        "98-66",
        "98-71"
    ]
}