{
    "Query Number": "Synthetic_102",
    "Query": "SELECT COUNT(*) FROM title t,cast_info ci,movie_keyword mk WHERE t.id=ci.movie_id AND t.id=mk.movie_id AND ci.person_id<492499 AND ci.role_id=2;",
    "Cardinality": 7261,
    "AND Predicate Norm": [
        [
            24,
            1,
            0.12124743809893093
        ],
        [
            26,
            2,
            0.1
        ]
    ],
    "Tables": [
        16,
        2,
        19
    ],
    "Joins": [
        "98-21",
        "98-75"
    ]
}