{
    "Query Number": "Synthetic_586",
    "Query": "SELECT COUNT(*) FROM title t,movie_companies mc,cast_info ci WHERE t.id=mc.movie_id AND t.id=ci.movie_id AND t.production_year>2003 AND mc.company_id<258 AND mc.company_type_id<2 AND ci.person_id>2716426 AND ci.role_id=3;",
    "Cardinality": 372972,
    "AND Predicate Norm": [
        [
            104,
            3,
            0.8848920863309353
        ],
        [
            58,
            1,
            0.001093635636351257
        ],
        [
            59,
            1,
            1.0
        ],
        [
            24,
            3,
            0.6687531158256246
        ],
        [
            26,
            2,
            0.2
        ]
    ],
    "Tables": [
        16,
        12,
        2
    ],
    "Joins": [
        "98-61",
        "98-21"
    ]
}