{
    "Query Number": "Synthetic_814",
    "Query": "SELECT COUNT(*) FROM title t,movie_info_idx mi_idx,movie_keyword mk WHERE t.id=mi_idx.movie_id AND t.id=mk.movie_id AND t.kind_id=4 AND t.production_year=2009;",
    "Cardinality": 22803,
    "AND Predicate Norm": [
        [
            101,
            2,
            0.5
        ],
        [
            104,
            2,
            0.9280575539568345
        ]
    ],
    "Tables": [
        16,
        18,
        19
    ],
    "Joins": [
        "98-71",
        "98-75"
    ]
}