{
    "Query Number": "Synthetic_562",
    "Query": "SELECT COUNT(*) FROM title t,movie_keyword mk WHERE t.id=mk.movie_id AND t.kind_id=7 AND t.production_year>2009 AND mk.keyword_id=434;",
    "Cardinality": 5,
    "AND Predicate Norm": [
        [
            101,
            2,
            1.0
        ],
        [
            104,
            3,
            0.9280575539568345
        ],
        [
            74,
            2,
            0.0032272730660584787
        ]
    ],
    "Tables": [
        16,
        19
    ],
    "Joins": [
        "98-75"
    ]
}