{
    "Query Number": "Synthetic_503",
    "Query": "SELECT COUNT(*) FROM title t,movie_companies mc,movie_info mi WHERE t.id=mc.movie_id AND t.id=mi.movie_id AND mc.company_id>1070 AND mc.company_type_id=1 AND mi.info_type_id=8;",
    "Cardinality": 923233,
    "AND Predicate Norm": [
        [
            58,
            3,
            0.004549013600231493
        ],
        [
            59,
            2,
            0.0
        ],
        [
            65,
            2,
            0.06422018348623854
        ]
    ],
    "Tables": [
        16,
        12,
        17
    ],
    "Joins": [
        "98-61",
        "98-66"
    ]
}