{
    "Query Number": "Synthetic_538",
    "Query": "SELECT COUNT(*) FROM title t,movie_info mi,movie_info_idx mi_idx WHERE t.id=mi.movie_id AND t.id=mi_idx.movie_id AND t.kind_id=7 AND mi.info_type_id>92 AND mi_idx.info_type_id=100;",
    "Cardinality": 77481,
    "AND Predicate Norm": [
        [
            101,
            2,
            1.0
        ],
        [
            65,
            3,
            0.8348623853211009
        ],
        [
            70,
            2,
            0.07142857142857142
        ]
    ],
    "Tables": [
        16,
        17,
        18
    ],
    "Joins": [
        "98-66",
        "98-71"
    ]
}