{
    "Query Number": "Synthetic_360",
    "Query": "SELECT COUNT(*) FROM title t,cast_info ci,movie_keyword mk WHERE t.id=ci.movie_id AND t.id=mk.movie_id AND t.kind_id<4 AND t.production_year=2004 AND ci.person_id<627326 AND mk.keyword_id<7776;",
    "Cardinality": 729031,
    "AND Predicate Norm": [
        [
            101,
            1,
            0.5
        ],
        [
            104,
            2,
            0.8920863309352518
        ],
        [
            24,
            1,
            0.1544403207838648
        ],
        [
            74,
            1,
            0.05794930274504543
        ]
    ],
    "Tables": [
        16,
        2,
        19
    ],
    "Joins": [
        "98-21",
        "98-75"
    ]
}