{
    "Query Number": "Synthetic_706",
    "Query": "SELECT COUNT(*) FROM title t,cast_info ci,movie_info_idx mi_idx WHERE t.id=ci.movie_id AND t.id=mi_idx.movie_id AND t.production_year<2005 AND ci.person_id>3132323 AND ci.role_id>10;",
    "Cardinality": 166786,
    "AND Predicate Norm": [
        [
            104,
            1,
            0.8992805755395683
        ],
        [
            24,
            3,
            0.7711422539805634
        ],
        [
            26,
            3,
            0.9
        ]
    ],
    "Tables": [
        16,
        2,
        18
    ],
    "Joins": [
        "98-21",
        "98-71"
    ]
}