{
    "Query Number": "Synthetic_470",
    "Query": "SELECT COUNT(*) FROM title t,movie_keyword mk WHERE t.id=mk.movie_id AND t.kind_id=1 AND t.production_year<2004 AND mk.keyword_id<4214;",
    "Cardinality": 964327,
    "AND Predicate Norm": [
        [
            101,
            2,
            0.0
        ],
        [
            104,
            1,
            0.8920863309352518
        ],
        [
            74,
            1,
            0.031400696136961594
        ]
    ],
    "Tables": [
        16,
        19
    ],
    "Joins": [
        "98-75"
    ]
}