{
    "Query Number": "Synthetic_916",
    "Query": "SELECT COUNT(*) FROM title t,movie_companies mc,movie_info mi WHERE t.id=mc.movie_id AND t.id=mi.movie_id AND t.production_year=2004 AND mc.company_type_id<2;",
    "Cardinality": 1958166,
    "AND Predicate Norm": [
        [
            104,
            2,
            0.8920863309352518
        ],
        [
            59,
            1,
            1.0
        ]
    ],
    "Tables": [
        16,
        12,
        17
    ],
    "Joins": [
        "98-61",
        "98-66"
    ]
}