{
    "Query Number": "Synthetic_989",
    "Query": "SELECT COUNT(*) FROM title t,movie_companies mc,movie_info mi WHERE t.id=mc.movie_id AND t.id=mi.movie_id AND t.kind_id=7 AND mc.company_id<71768 AND mc.company_type_id<2 AND mi.info_type_id=13;",
    "Cardinality": 87944,
    "AND Predicate Norm": [
        [
            101,
            2,
            1.0
        ],
        [
            58,
            1,
            0.3053966876031933
        ],
        [
            59,
            1,
            1.0
        ],
        [
            65,
            2,
            0.11009174311926606
        ]
    ],
    "Tables": [
        16,
        12,
        17
    ],
    "Joins": [
        "98-61",
        "98-66"
    ]
}