{
    "Query Number": "Synthetic_696",
    "Query": "SELECT COUNT(*) FROM title t,movie_companies mc,cast_info ci WHERE t.id=mc.movie_id AND t.id=ci.movie_id AND t.kind_id>1 AND t.production_year>2007 AND ci.person_id>1439322 AND ci.role_id>1;",
    "Cardinality": 7025688,
    "AND Predicate Norm": [
        [
            101,
            3,
            0.0
        ],
        [
            104,
            3,
            0.9136690647482014
        ],
        [
            24,
            3,
            0.35434455338294035
        ],
        [
            26,
            3,
            0.0
        ]
    ],
    "Tables": [
        16,
        12,
        2
    ],
    "Joins": [
        "98-61",
        "98-21"
    ]
}