{
    "Query Number": "Synthetic_235",
    "Query": "SELECT COUNT(*) FROM title t,movie_info mi,movie_info_idx mi_idx WHERE t.id=mi.movie_id AND t.id=mi_idx.movie_id AND t.kind_id=3 AND t.production_year>0 AND mi.info_type_id>8;",
    "Cardinality": 450441,
    "AND Predicate Norm": [
        [
            101,
            2,
            0.3333333333333333
        ],
        [
            104,
            3,
            -13.525179856115107
        ],
        [
            65,
            3,
            0.06422018348623854
        ]
    ],
    "Tables": [
        16,
        17,
        18
    ],
    "Joins": [
        "98-66",
        "98-71"
    ]
}