{
    "Query Number": "Synthetic_491",
    "Query": "SELECT COUNT(*) FROM title t,movie_info mi,movie_info_idx mi_idx WHERE t.id=mi.movie_id AND t.id=mi_idx.movie_id AND t.kind_id=7 AND t.production_year<2011 AND mi.info_type_id<3;",
    "Cardinality": 391392,
    "AND Predicate Norm": [
        [
            101,
            2,
            1.0
        ],
        [
            104,
            1,
            0.9424460431654677
        ],
        [
            65,
            1,
            0.01834862385321101
        ]
    ],
    "Tables": [
        16,
        17,
        18
    ],
    "Joins": [
        "98-66",
        "98-71"
    ]
}