{
    "Query Number": "Synthetic_251",
    "Query": "SELECT COUNT(*) FROM title t,cast_info ci WHERE t.id=ci.movie_id AND t.production_year<2012 AND ci.person_id>2774432 AND ci.role_id=8;",
    "Cardinality": 659386,
    "AND Predicate Norm": [
        [
            104,
            1,
            0.9496402877697842
        ],
        [
            24,
            3,
            0.6830335370544754
        ],
        [
            26,
            2,
            0.7
        ]
    ],
    "Tables": [
        16,
        2
    ],
    "Joins": [
        "98-21"
    ]
}