{
    "Query Number": "Synthetic_841",
    "Query": "SELECT COUNT(*) FROM title t,movie_keyword mk WHERE t.id=mk.movie_id AND t.kind_id=1 AND t.production_year=2006 AND mk.keyword_id=5673;",
    "Cardinality": 21,
    "AND Predicate Norm": [
        [
            101,
            2,
            0.0
        ],
        [
            104,
            2,
            0.9064748201438849
        ],
        [
            74,
            2,
            0.04227504117940806
        ]
    ],
    "Tables": [
        16,
        19
    ],
    "Joins": [
        "98-75"
    ]
}