{
    "Query Number": "Synthetic_188",
    "Query": "SELECT COUNT(*) FROM title t,cast_info ci,movie_keyword mk WHERE t.id=ci.movie_id AND t.id=mk.movie_id AND ci.person_id<1878585 AND ci.role_id=8;",
    "Cardinality": 3041298,
    "AND Predicate Norm": [
        [
            24,
            1,
            0.4624861364993199
        ],
        [
            26,
            2,
            0.7
        ]
    ],
    "Tables": [
        16,
        2,
        19
    ],
    "Joins": [
        "98-21",
        "98-75"
    ]
}