{
    "Query Number": "Synthetic_668",
    "Query": "SELECT COUNT(*) FROM title t,cast_info ci,movie_info_idx mi_idx WHERE t.id=ci.movie_id AND t.id=mi_idx.movie_id AND t.kind_id=4 AND t.production_year=1970 AND ci.role_id>4;",
    "Cardinality": 6,
    "AND Predicate Norm": [
        [
            101,
            2,
            0.5
        ],
        [
            104,
            2,
            0.6474820143884892
        ],
        [
            26,
            3,
            0.3
        ]
    ],
    "Tables": [
        16,
        2,
        18
    ],
    "Joins": [
        "98-21",
        "98-71"
    ]
}