{
    "Query Number": "Synthetic_880",
    "Query": "SELECT COUNT(*) FROM title t,movie_companies mc,movie_keyword mk WHERE t.id=mc.movie_id AND t.id=mk.movie_id AND t.production_year>0 AND mk.keyword_id>411;",
    "Cardinality": 31345176,
    "AND Predicate Norm": [
        [
            104,
            3,
            -13.525179856115107
        ],
        [
            74,
            3,
            0.0030558474759445177
        ]
    ],
    "Tables": [
        16,
        12,
        19
    ],
    "Joins": [
        "98-61",
        "98-75"
    ]
}