{
    "Query Number": "Synthetic_970",
    "Query": "SELECT COUNT(*) FROM title t,movie_companies mc,movie_info mi WHERE t.id=mc.movie_id AND t.id=mi.movie_id AND t.kind_id=1 AND mc.company_id=13061 AND mi.info_type_id<3;",
    "Cardinality": 10,
    "AND Predicate Norm": [
        [
            101,
            2,
            0.0
        ],
        [
            58,
            2,
            0.05557541404960084
        ],
        [
            65,
            1,
            0.01834862385321101
        ]
    ],
    "Tables": [
        16,
        12,
        17
    ],
    "Joins": [
        "98-61",
        "98-66"
    ]
}