{
    "Query Number": "Synthetic_864",
    "Query": "SELECT COUNT(*) FROM title t,movie_companies mc WHERE t.id=mc.movie_id AND t.production_year=1954 AND mc.company_id>34 AND mc.company_type_id=2;",
    "Cardinality": 5529,
    "AND Predicate Norm": [
        [
            104,
            2,
            0.5323741007194245
        ],
        [
            58,
            3,
            0.00014042792217739878
        ],
        [
            59,
            2,
            1.0
        ]
    ],
    "Tables": [
        16,
        12
    ],
    "Joins": [
        "98-61"
    ]
}