{
    "Query Number": "Synthetic_311",
    "Query": "SELECT COUNT(*) FROM title t,movie_companies mc,movie_keyword mk WHERE t.id=mc.movie_id AND t.id=mk.movie_id AND t.production_year>2012 AND mc.company_id>12788 AND mc.company_type_id=2 AND mk.keyword_id=9980;",
    "Cardinality": 17,
    "AND Predicate Norm": [
        [
            104,
            3,
            0.9496402877697842
        ],
        [
            58,
            3,
            0.054413692147951456
        ],
        [
            59,
            2,
            1.0
        ],
        [
            74,
            2,
            0.07437634624987888
        ]
    ],
    "Tables": [
        16,
        12,
        19
    ],
    "Joins": [
        "98-61",
        "98-75"
    ]
}