{
    "Query Number": "Synthetic_169",
    "Query": "SELECT COUNT(*) FROM title t,movie_info mi,movie_keyword mk WHERE t.id=mi.movie_id AND t.id=mk.movie_id AND t.production_year<2010 AND mi.info_type_id>6 AND mk.keyword_id=20330;",
    "Cardinality": 12632,
    "AND Predicate Norm": [
        [
            104,
            1,
            0.935251798561151
        ],
        [
            65,
            3,
            0.045871559633027525
        ],
        [
            74,
            2,
            0.15151786180116122
        ]
    ],
    "Tables": [
        16,
        17,
        19
    ],
    "Joins": [
        "98-66",
        "98-75"
    ]
}