{
    "Query Number": "Synthetic_664",
    "Query": "SELECT COUNT(*) FROM title t,movie_companies mc,movie_info_idx mi_idx WHERE t.id=mc.movie_id AND t.id=mi_idx.movie_id AND t.kind_id<7 AND t.production_year=2013 AND mc.company_id<8783 AND mc.company_type_id=1;",
    "Cardinality": 4047,
    "AND Predicate Norm": [
        [
            101,
            1,
            1.0
        ],
        [
            104,
            2,
            0.9568345323741008
        ],
        [
            58,
            1,
            0.037370848865512604
        ],
        [
            59,
            2,
            0.0
        ]
    ],
    "Tables": [
        16,
        12,
        18
    ],
    "Joins": [
        "98-61",
        "98-71"
    ]
}