{
    "Query Number": "Synthetic_720",
    "Query": "SELECT COUNT(*) FROM title t,movie_companies mc,cast_info ci WHERE t.id=mc.movie_id AND t.id=ci.movie_id AND t.production_year>2007 AND mc.company_id<73314 AND mc.company_type_id=2 AND ci.person_id<653027 AND ci.role_id=3;",
    "Cardinality": 93650,
    "AND Predicate Norm": [
        [
            104,
            3,
            0.9136690647482014
        ],
        [
            58,
            1,
            0.3119755229876253
        ],
        [
            59,
            2,
            1.0
        ],
        [
            24,
            1,
            0.16076761633954345
        ],
        [
            26,
            2,
            0.2
        ]
    ],
    "Tables": [
        16,
        12,
        2
    ],
    "Joins": [
        "98-61",
        "98-21"
    ]
}