{
    "Query Number": "Synthetic_232",
    "Query": "SELECT COUNT(*) FROM title t,cast_info ci,movie_info_idx mi_idx WHERE t.id=ci.movie_id AND t.id=mi_idx.movie_id AND ci.person_id<503262 AND ci.role_id>3;",
    "Cardinality": 1303666,
    "AND Predicate Norm": [
        [
            24,
            1,
            0.12389716698363461
        ],
        [
            26,
            3,
            0.2
        ]
    ],
    "Tables": [
        16,
        2,
        18
    ],
    "Joins": [
        "98-21",
        "98-71"
    ]
}