{
    "Query Number": "Synthetic_703",
    "Query": "SELECT COUNT(*) FROM title t,cast_info ci,movie_keyword mk WHERE t.id=ci.movie_id AND t.id=mk.movie_id AND t.production_year<2012 AND mk.keyword_id>2488;",
    "Cardinality": 134393762,
    "AND Predicate Norm": [
        [
            104,
            1,
            0.9496402877697842
        ],
        [
            74,
            3,
            0.018536323591887845
        ]
    ],
    "Tables": [
        16,
        2,
        19
    ],
    "Joins": [
        "98-21",
        "98-75"
    ]
}