{
    "Query Number": "Synthetic_346",
    "Query": "SELECT COUNT(*) FROM title t,cast_info ci,movie_info mi WHERE t.id=ci.movie_id AND t.id=mi.movie_id AND ci.person_id>1775489 AND mi.info_type_id>4;",
    "Cardinality": 184062220,
    "AND Predicate Norm": [
        [
            24,
            3,
            0.43710506717873915
        ],
        [
            65,
            3,
            0.027522935779816515
        ]
    ],
    "Tables": [
        16,
        2,
        17
    ],
    "Joins": [
        "98-21",
        "98-66"
    ]
}