{
    "Query Number": "Synthetic_693",
    "Query": "SELECT COUNT(*) FROM title t,cast_info ci,movie_info mi WHERE t.id=ci.movie_id AND t.id=mi.movie_id AND ci.person_id=1903777 AND mi.info_type_id=4;",
    "Cardinality": 595,
    "AND Predicate Norm": [
        [
            24,
            2,
            0.4686881220111154
        ],
        [
            65,
            2,
            0.027522935779816515
        ]
    ],
    "Tables": [
        16,
        2,
        17
    ],
    "Joins": [
        "98-21",
        "98-66"
    ]
}