{
    "Query Number": "Synthetic_457",
    "Query": "SELECT COUNT(*) FROM title t,movie_companies mc,movie_info mi WHERE t.id=mc.movie_id AND t.id=mi.movie_id AND t.kind_id<7 AND t.production_year>2006 AND mc.company_id<27 AND mc.company_type_id>1 AND mi.info_type_id=6;",
    "Cardinality": 134,
    "AND Predicate Norm": [
        [
            101,
            1,
            1.0
        ],
        [
            104,
            3,
            0.9064748201438849
        ],
        [
            58,
            1,
            0.00011064018110946569
        ],
        [
            59,
            3,
            0.0
        ],
        [
            65,
            2,
            0.045871559633027525
        ]
    ],
    "Tables": [
        16,
        12,
        17
    ],
    "Joins": [
        "98-61",
        "98-66"
    ]
}