{
    "Query Number": "Synthetic_423",
    "Query": "SELECT COUNT(*) FROM title t,movie_companies mc,cast_info ci WHERE t.id=mc.movie_id AND t.id=ci.movie_id AND t.kind_id<7 AND t.production_year>1980 AND mc.company_type_id=2 AND ci.person_id>2726262 AND ci.role_id>1;",
    "Cardinality": 5282211,
    "AND Predicate Norm": [
        [
            101,
            1,
            1.0
        ],
        [
            104,
            3,
            0.7194244604316546
        ],
        [
            59,
            2,
            1.0
        ],
        [
            24,
            3,
            0.6711746277934723
        ],
        [
            26,
            3,
            0.0
        ]
    ],
    "Tables": [
        16,
        12,
        2
    ],
    "Joins": [
        "98-61",
        "98-21"
    ]
}