{
    "Query Number": "Synthetic_852",
    "Query": "SELECT COUNT(*) FROM title t,movie_companies mc WHERE t.id=mc.movie_id AND t.kind_id=1 AND t.production_year=1980 AND mc.company_id<170192 AND mc.company_type_id<2;",
    "Cardinality": 4777,
    "AND Predicate Norm": [
        [
            101,
            2,
            0.0
        ],
        [
            104,
            2,
            0.7194244604316546
        ],
        [
            58,
            1,
            0.7242293485846567
        ],
        [
            59,
            1,
            1.0
        ]
    ],
    "Tables": [
        16,
        12
    ],
    "Joins": [
        "98-61"
    ]
}