{
    "Query Number": "Synthetic_163",
    "Query": "SELECT COUNT(*) FROM title t,movie_info mi,movie_info_idx mi_idx WHERE t.id=mi.movie_id AND t.id=mi_idx.movie_id AND t.production_year=2004 AND mi.info_type_id>98;",
    "Cardinality": 74146,
    "AND Predicate Norm": [
        [
            104,
            2,
            0.8920863309352518
        ],
        [
            65,
            3,
            0.8899082568807339
        ]
    ],
    "Tables": [
        16,
        17,
        18
    ],
    "Joins": [
        "98-66",
        "98-71"
    ]
}