{
    "Query Number": "Synthetic_342",
    "Query": "SELECT COUNT(*) FROM title t,cast_info ci,movie_info mi WHERE t.id=ci.movie_id AND t.id=mi.movie_id AND t.kind_id>4 AND t.production_year<2003 AND ci.person_id<374943 AND ci.role_id<2 AND mi.info_type_id<4;",
    "Cardinality": 554134,
    "AND Predicate Norm": [
        [
            101,
            3,
            0.5
        ],
        [
            104,
            1,
            0.8848920863309353
        ],
        [
            24,
            1,
            0.09230648030182734
        ],
        [
            26,
            1,
            0.1
        ],
        [
            65,
            1,
            0.027522935779816515
        ]
    ],
    "Tables": [
        16,
        2,
        17
    ],
    "Joins": [
        "98-21",
        "98-66"
    ]
}