{
    "Query Number": "Synthetic_308",
    "Query": "SELECT COUNT(*) FROM title t,cast_info ci,movie_keyword mk WHERE t.id=ci.movie_id AND t.id=mk.movie_id AND t.kind_id=7 AND mk.keyword_id<355;",
    "Cardinality": 1765741,
    "AND Predicate Norm": [
        [
            101,
            2,
            1.0
        ],
        [
            74,
            1,
            0.0026384634304496566
        ]
    ],
    "Tables": [
        16,
        2,
        19
    ],
    "Joins": [
        "98-21",
        "98-75"
    ]
}