{
    "Query Number": "Synthetic_274",
    "Query": "SELECT COUNT(*) FROM title t,movie_keyword mk WHERE t.id=mk.movie_id AND t.kind_id<7 AND t.production_year=2010 AND mk.keyword_id<84;",
    "Cardinality": 1930,
    "AND Predicate Norm": [
        [
            101,
            1,
            1.0
        ],
        [
            104,
            2,
            0.935251798561151
        ],
        [
            74,
            1,
            0.0006186227817155975
        ]
    ],
    "Tables": [
        16,
        19
    ],
    "Joins": [
        "98-75"
    ]
}