{
    "Query Number": "Synthetic_207",
    "Query": "SELECT COUNT(*) FROM title t,cast_info ci,movie_info_idx mi_idx WHERE t.id=ci.movie_id AND t.id=mi_idx.movie_id AND t.kind_id<7 AND t.production_year=2008 AND ci.person_id>2318904 AND ci.role_id=5;",
    "Cardinality": 22432,
    "AND Predicate Norm": [
        [
            101,
            1,
            1.0
        ],
        [
            104,
            2,
            0.920863309352518
        ],
        [
            24,
            3,
            0.570887694873736
        ],
        [
            26,
            2,
            0.4
        ]
    ],
    "Tables": [
        16,
        2,
        18
    ],
    "Joins": [
        "98-21",
        "98-71"
    ]
}