{
    "Query Number": "Synthetic_367",
    "Query": "SELECT COUNT(*) FROM title t,cast_info ci,movie_keyword mk WHERE t.id=ci.movie_id AND t.id=mk.movie_id AND t.kind_id=1 AND ci.person_id<1799274 AND ci.role_id<10 AND mk.keyword_id>12888;",
    "Cardinality": 22788070,
    "AND Predicate Norm": [
        [
            101,
            2,
            0.0
        ],
        [
            24,
            1,
            0.44296066520184396
        ],
        [
            26,
            1,
            0.9
        ],
        [
            74,
            3,
            0.09605050346950487
        ]
    ],
    "Tables": [
        16,
        2,
        19
    ],
    "Joins": [
        "98-21",
        "98-75"
    ]
}