{
    "Query Number": "Synthetic_915",
    "Query": "SELECT COUNT(*) FROM title t,movie_companies mc,movie_keyword mk WHERE t.id=mc.movie_id AND t.id=mk.movie_id AND t.kind_id>4 AND t.production_year>2009 AND mc.company_id>6227 AND mc.company_type_id=2 AND mk.keyword_id<1056;",
    "Cardinality": 19181,
    "AND Predicate Norm": [
        [
            101,
            3,
            0.5
        ],
        [
            104,
            3,
            0.9280575539568345
        ],
        [
            58,
            3,
            0.0264940679841359
        ],
        [
            59,
            2,
            1.0
        ],
        [
            74,
            1,
            0.007863217285662112
        ]
    ],
    "Tables": [
        16,
        12,
        19
    ],
    "Joins": [
        "98-61",
        "98-75"
    ]
}