{
    "Query Number": "Synthetic_436",
    "Query": "SELECT COUNT(*) FROM title t,movie_info mi,movie_keyword mk WHERE t.id=mi.movie_id AND t.id=mk.movie_id AND t.production_year<2004 AND mi.info_type_id=6;",
    "Cardinality": 2388929,
    "AND Predicate Norm": [
        [
            104,
            1,
            0.8920863309352518
        ],
        [
            65,
            2,
            0.045871559633027525
        ]
    ],
    "Tables": [
        16,
        17,
        19
    ],
    "Joins": [
        "98-66",
        "98-75"
    ]
}