{
    "Query Number": "Synthetic_642",
    "Query": "SELECT COUNT(*) FROM title t,movie_companies mc,movie_info mi WHERE t.id=mc.movie_id AND t.id=mi.movie_id AND t.kind_id<3 AND t.production_year>1999 AND mc.company_type_id<2 AND mi.info_type_id<7;",
    "Cardinality": 3671810,
    "AND Predicate Norm": [
        [
            101,
            1,
            0.3333333333333333
        ],
        [
            104,
            3,
            0.8561151079136691
        ],
        [
            59,
            1,
            1.0
        ],
        [
            65,
            1,
            0.05504587155963303
        ]
    ],
    "Tables": [
        16,
        12,
        17
    ],
    "Joins": [
        "98-61",
        "98-66"
    ]
}