{
    "Query Number": "Synthetic_468",
    "Query": "SELECT COUNT(*) FROM title t,cast_info ci,movie_keyword mk WHERE t.id=ci.movie_id AND t.id=mk.movie_id AND ci.person_id>3322213 AND ci.role_id>2 AND mk.keyword_id>4030;",
    "Cardinality": 21334377,
    "AND Predicate Norm": [
        [
            24,
            3,
            0.8178910245757861
        ],
        [
            26,
            3,
            0.1
        ],
        [
            74,
            3,
            0.030029291416049906
        ]
    ],
    "Tables": [
        16,
        2,
        19
    ],
    "Joins": [
        "98-21",
        "98-75"
    ]
}