{
    "Query Number": "Synthetic_44",
    "Query": "SELECT COUNT(*) FROM title t,movie_companies mc,cast_info ci WHERE t.id=mc.movie_id AND t.id=ci.movie_id AND mc.company_id=27 AND mc.company_type_id=1 AND ci.person_id<1265390;",
    "Cardinality": 96573,
    "AND Predicate Norm": [
        [
            58,
            2,
            0.00011064018110946569
        ],
        [
            59,
            2,
            0.0
        ],
        [
            24,
            1,
            0.31152446192384153
        ]
    ],
    "Tables": [
        16,
        12,
        2
    ],
    "Joins": [
        "98-61",
        "98-21"
    ]
}