{
    "Query Number": "Synthetic_269",
    "Query": "SELECT COUNT(*) FROM title t,cast_info ci,movie_keyword mk WHERE t.id=ci.movie_id AND t.id=mk.movie_id AND t.kind_id>1 AND ci.person_id>2382635 AND ci.role_id>1;",
    "Cardinality": 17454365,
    "AND Predicate Norm": [
        [
            101,
            3,
            0.0
        ],
        [
            24,
            3,
            0.5865775463604079
        ],
        [
            26,
            3,
            0.0
        ]
    ],
    "Tables": [
        16,
        2,
        19
    ],
    "Joins": [
        "98-21",
        "98-75"
    ]
}