{
    "Query Number": "Synthetic_415",
    "Query": "SELECT COUNT(*) FROM title t,movie_companies mc,cast_info ci WHERE t.id=mc.movie_id AND t.id=ci.movie_id AND t.kind_id>3 AND t.production_year<2011;",
    "Cardinality": 20289593,
    "AND Predicate Norm": [
        [
            101,
            3,
            0.3333333333333333
        ],
        [
            104,
            1,
            0.9424460431654677
        ]
    ],
    "Tables": [
        16,
        12,
        2
    ],
    "Joins": [
        "98-61",
        "98-21"
    ]
}