{
    "Query Number": "Synthetic_492",
    "Query": "SELECT COUNT(*) FROM title t,cast_info ci,movie_keyword mk WHERE t.id=ci.movie_id AND t.id=mk.movie_id AND t.kind_id=7 AND ci.person_id<799752;",
    "Cardinality": 4800657,
    "AND Predicate Norm": [
        [
            101,
            2,
            1.0
        ],
        [
            24,
            1,
            0.196889652073832
        ]
    ],
    "Tables": [
        16,
        2,
        19
    ],
    "Joins": [
        "98-21",
        "98-75"
    ]
}