{
    "Query Number": "Synthetic_264",
    "Query": "SELECT COUNT(*) FROM title t,movie_companies mc,movie_keyword mk WHERE t.id=mc.movie_id AND t.id=mk.movie_id AND mc.company_id>3451 AND mk.keyword_id=463;",
    "Cardinality": 1602,
    "AND Predicate Norm": [
        [
            58,
            3,
            0.01468110095490987
        ],
        [
            74,
            2,
            0.003443418375332603
        ]
    ],
    "Tables": [
        16,
        12,
        19
    ],
    "Joins": [
        "98-61",
        "98-75"
    ]
}