{
    "Query Number": "Synthetic_635",
    "Query": "SELECT COUNT(*) FROM title t,cast_info ci,movie_info mi WHERE t.id=ci.movie_id AND t.id=mi.movie_id AND ci.person_id<978992 AND ci.role_id<2;",
    "Cardinality": 91517608,
    "AND Predicate Norm": [
        [
            24,
            1,
            0.24101651310647046
        ],
        [
            26,
            1,
            0.1
        ]
    ],
    "Tables": [
        16,
        2,
        17
    ],
    "Joins": [
        "98-21",
        "98-66"
    ]
}