{
    "Query Number": "Synthetic_709",
    "Query": "SELECT COUNT(*) FROM title t,cast_info ci,movie_keyword mk WHERE t.id=ci.movie_id AND t.id=mk.movie_id AND t.kind_id<7 AND t.production_year<2010 AND ci.person_id>1932981 AND mk.keyword_id>41087;",
    "Cardinality": 7180209,
    "AND Predicate Norm": [
        [
            101,
            1,
            1.0
        ],
        [
            104,
            1,
            0.935251798561151
        ],
        [
            24,
            3,
            0.47587781655249667
        ],
        [
            74,
            3,
            0.30622573023574745
        ]
    ],
    "Tables": [
        16,
        2,
        19
    ],
    "Joins": [
        "98-21",
        "98-75"
    ]
}