{
    "Query Number": "Synthetic_197",
    "Query": "SELECT COUNT(*) FROM title t,movie_companies mc,movie_keyword mk WHERE t.id=mc.movie_id AND t.id=mk.movie_id AND t.kind_id<7 AND t.production_year>2011 AND mc.company_id>111186 AND mc.company_type_id=2;",
    "Cardinality": 69236,
    "AND Predicate Norm": [
        [
            101,
            1,
            1.0
        ],
        [
            104,
            3,
            0.9424460431654677
        ],
        [
            58,
            3,
            0.4731357129483055
        ],
        [
            59,
            2,
            1.0
        ]
    ],
    "Tables": [
        16,
        12,
        19
    ],
    "Joins": [
        "98-61",
        "98-75"
    ]
}