{
    "Query Number": "Synthetic_266",
    "Query": "SELECT COUNT(*) FROM title t,movie_keyword mk WHERE t.id=mk.movie_id AND t.kind_id=3 AND t.production_year<2006 AND mk.keyword_id>57;",
    "Cardinality": 194499,
    "AND Predicate Norm": [
        [
            101,
            2,
            0.3333333333333333
        ],
        [
            104,
            1,
            0.9064748201438849
        ],
        [
            74,
            3,
            0.00041738404549486094
        ]
    ],
    "Tables": [
        16,
        19
    ],
    "Joins": [
        "98-75"
    ]
}