{
    "Query Number": "Synthetic_175",
    "Query": "SELECT COUNT(*) FROM title t,movie_info_idx mi_idx,movie_keyword mk WHERE t.id=mi_idx.movie_id AND t.id=mk.movie_id AND t.production_year>2007 AND mk.keyword_id<38085;",
    "Cardinality": 1543595,
    "AND Predicate Norm": [
        [
            104,
            3,
            0.9136690647482014
        ],
        [
            74,
            1,
            0.28385096408261223
        ]
    ],
    "Tables": [
        16,
        18,
        19
    ],
    "Joins": [
        "98-71",
        "98-75"
    ]
}