{
    "Query Number": "Synthetic_289",
    "Query": "SELECT COUNT(*) FROM title t,movie_companies mc,movie_info mi WHERE t.id=mc.movie_id AND t.id=mi.movie_id AND t.kind_id=2 AND t.production_year>1989;",
    "Cardinality": 2388210,
    "AND Predicate Norm": [
        [
            101,
            2,
            0.16666666666666666
        ],
        [
            104,
            3,
            0.7841726618705036
        ]
    ],
    "Tables": [
        16,
        12,
        17
    ],
    "Joins": [
        "98-61",
        "98-66"
    ]
}