{
    "Query Number": "Synthetic_896",
    "Query": "SELECT COUNT(*) FROM title t,movie_companies mc,cast_info ci WHERE t.id=mc.movie_id AND t.id=ci.movie_id AND t.kind_id>1 AND t.production_year=2006 AND mc.company_id=68;",
    "Cardinality": 701,
    "AND Predicate Norm": [
        [
            101,
            3,
            0.0
        ],
        [
            104,
            2,
            0.9064748201438849
        ],
        [
            58,
            2,
            0.00028511123593593084
        ]
    ],
    "Tables": [
        16,
        12,
        2
    ],
    "Joins": [
        "98-61",
        "98-21"
    ]
}