{
    "Query Number": "Synthetic_368",
    "Query": "SELECT COUNT(*) FROM title t,movie_keyword mk WHERE t.id=mk.movie_id AND t.kind_id=4 AND t.production_year<2007 AND mk.keyword_id=599;",
    "Cardinality": 23,
    "AND Predicate Norm": [
        [
            101,
            2,
            0.5
        ],
        [
            104,
            1,
            0.9136690647482014
        ],
        [
            74,
            2,
            0.00445706534296298
        ]
    ],
    "Tables": [
        16,
        19
    ],
    "Joins": [
        "98-75"
    ]
}