{
    "Query Number": "Synthetic_450",
    "Query": "SELECT COUNT(*) FROM title t,movie_keyword mk WHERE t.id=mk.movie_id AND t.kind_id<3 AND t.production_year=1986 AND mk.keyword_id>8711;",
    "Cardinality": 10423,
    "AND Predicate Norm": [
        [
            101,
            1,
            0.3333333333333333
        ],
        [
            104,
            2,
            0.762589928057554
        ],
        [
            74,
            3,
            0.06491812564750427
        ]
    ],
    "Tables": [
        16,
        19
    ],
    "Joins": [
        "98-75"
    ]
}