{
    "Query Number": "Synthetic_96",
    "Query": "SELECT COUNT(*) FROM title t,cast_info ci WHERE t.id=ci.movie_id AND t.kind_id=7 AND t.production_year=1962 AND ci.person_id<1154998 AND ci.role_id=10;",
    "Cardinality": 483,
    "AND Predicate Norm": [
        [
            101,
            2,
            1.0
        ],
        [
            104,
            2,
            0.5899280575539568
        ],
        [
            24,
            1,
            0.2843471999113721
        ],
        [
            26,
            2,
            0.9
        ]
    ],
    "Tables": [
        16,
        2
    ],
    "Joins": [
        "98-21"
    ]
}