{
    "Query Number": "Synthetic_953",
    "Query": "SELECT COUNT(*) FROM title t,movie_info mi,movie_info_idx mi_idx WHERE t.id=mi.movie_id AND t.id=mi_idx.movie_id AND t.kind_id<4 AND t.production_year=2012 AND mi.info_type_id>98;",
    "Cardinality": 42284,
    "AND Predicate Norm": [
        [
            101,
            1,
            0.5
        ],
        [
            104,
            2,
            0.9496402877697842
        ],
        [
            65,
            3,
            0.8899082568807339
        ]
    ],
    "Tables": [
        16,
        17,
        18
    ],
    "Joins": [
        "98-66",
        "98-71"
    ]
}