{
    "Query Number": "Synthetic_33",
    "Query": "SELECT COUNT(*) FROM title t,cast_info ci WHERE t.id=ci.movie_id AND t.kind_id>1 AND ci.person_id<2769705 AND ci.role_id<3;",
    "Cardinality": 14469750,
    "AND Predicate Norm": [
        [
            101,
            3,
            0.0
        ],
        [
            24,
            1,
            0.6818698031105941
        ],
        [
            26,
            1,
            0.2
        ]
    ],
    "Tables": [
        16,
        2
    ],
    "Joins": [
        "98-21"
    ]
}