{
    "Query Number": "Synthetic_350",
    "Query": "SELECT COUNT(*) FROM title t,cast_info ci,movie_info mi WHERE t.id=ci.movie_id AND t.id=mi.movie_id AND t.kind_id<7 AND ci.person_id=2411392 AND mi.info_type_id=3;",
    "Cardinality": 44,
    "AND Predicate Norm": [
        [
            101,
            1,
            1.0
        ],
        [
            24,
            2,
            0.593657194556768
        ],
        [
            65,
            2,
            0.01834862385321101
        ]
    ],
    "Tables": [
        16,
        2,
        17
    ],
    "Joins": [
        "98-21",
        "98-66"
    ]
}