{
    "Query Number": "Synthetic_178",
    "Query": "SELECT COUNT(*) FROM title t,movie_companies mc,movie_keyword mk WHERE t.id=mc.movie_id AND t.id=mk.movie_id AND t.kind_id<7 AND t.production_year>1940 AND mk.keyword_id=36078;",
    "Cardinality": 1143,
    "AND Predicate Norm": [
        [
            101,
            1,
            1.0
        ],
        [
            104,
            3,
            0.4316546762589928
        ],
        [
            74,
            2,
            0.26889221802353747
        ]
    ],
    "Tables": [
        16,
        12,
        19
    ],
    "Joins": [
        "98-61",
        "98-75"
    ]
}