{
    "Query Number": "Synthetic_608",
    "Query": "SELECT COUNT(*) FROM title t,movie_info mi,movie_info_idx mi_idx WHERE t.id=mi.movie_id AND t.id=mi_idx.movie_id AND t.kind_id=1 AND t.production_year<2005 AND mi.info_type_id<4 AND mi_idx.info_type_id>99;",
    "Cardinality": 1055677,
    "AND Predicate Norm": [
        [
            101,
            2,
            0.0
        ],
        [
            104,
            1,
            0.8992805755395683
        ],
        [
            65,
            1,
            0.027522935779816515
        ],
        [
            70,
            3,
            0.0
        ]
    ],
    "Tables": [
        16,
        17,
        18
    ],
    "Joins": [
        "98-66",
        "98-71"
    ]
}