{
    "Query Number": "Synthetic_557",
    "Query": "SELECT COUNT(*) FROM title t,movie_companies mc,cast_info ci WHERE t.id=mc.movie_id AND t.id=ci.movie_id AND t.kind_id<7 AND t.production_year>2007 AND ci.person_id>1690974 AND ci.role_id>3;",
    "Cardinality": 4931518,
    "AND Predicate Norm": [
        [
            101,
            1,
            1.0
        ],
        [
            104,
            3,
            0.9136690647482014
        ],
        [
            24,
            3,
            0.4162984299316211
        ],
        [
            26,
            3,
            0.2
        ]
    ],
    "Tables": [
        16,
        12,
        2
    ],
    "Joins": [
        "98-61",
        "98-21"
    ]
}