{
    "Query Number": "Synthetic_984",
    "Query": "SELECT COUNT(*) FROM title t,cast_info ci,movie_info_idx mi_idx WHERE t.id=ci.movie_id AND t.id=mi_idx.movie_id AND t.kind_id<7 AND ci.person_id>203770 AND ci.role_id>2 AND mi_idx.info_type_id>101;",
    "Cardinality": 15919,
    "AND Predicate Norm": [
        [
            101,
            1,
            1.0
        ],
        [
            24,
            3,
            0.050165623442087186
        ],
        [
            26,
            3,
            0.1
        ],
        [
            70,
            3,
            0.14285714285714285
        ]
    ],
    "Tables": [
        16,
        2,
        18
    ],
    "Joins": [
        "98-21",
        "98-71"
    ]
}