{
    "Query Number": "Synthetic_909",
    "Query": "SELECT COUNT(*) FROM title t,cast_info ci,movie_info_idx mi_idx WHERE t.id=ci.movie_id AND t.id=mi_idx.movie_id AND ci.person_id>2114200 AND ci.role_id>2 AND mi_idx.info_type_id>101;",
    "Cardinality": 10844,
    "AND Predicate Norm": [
        [
            24,
            3,
            0.5204918850052623
        ],
        [
            26,
            3,
            0.1
        ],
        [
            70,
            3,
            0.14285714285714285
        ]
    ],
    "Tables": [
        16,
        2,
        18
    ],
    "Joins": [
        "98-21",
        "98-71"
    ]
}