{
    "Query Number": "Synthetic_39",
    "Query": "SELECT COUNT(*) FROM title t,movie_keyword mk WHERE t.id=mk.movie_id AND t.kind_id<7 AND t.production_year>2011 AND mk.keyword_id=4755;",
    "Cardinality": 2,
    "AND Predicate Norm": [
        [
            101,
            1,
            1.0
        ],
        [
            104,
            3,
            0.9424460431654677
        ],
        [
            74,
            2,
            0.03543292414790302
        ]
    ],
    "Tables": [
        16,
        19
    ],
    "Joins": [
        "98-75"
    ]
}