{
    "Query Number": "Synthetic_997",
    "Query": "SELECT COUNT(*) FROM title t,cast_info ci,movie_info mi WHERE t.id=ci.movie_id AND t.id=mi.movie_id AND t.kind_id>1 AND t.production_year<2011 AND ci.role_id=5 AND mi.info_type_id>3;",
    "Cardinality": 1793656,
    "AND Predicate Norm": [
        [
            101,
            3,
            0.0
        ],
        [
            104,
            1,
            0.9424460431654677
        ],
        [
            26,
            2,
            0.4
        ],
        [
            65,
            3,
            0.01834862385321101
        ]
    ],
    "Tables": [
        16,
        2,
        17
    ],
    "Joins": [
        "98-21",
        "98-66"
    ]
}