{
    "Query Number": "Synthetic_906",
    "Query": "SELECT COUNT(*) FROM title t,cast_info ci,movie_info_idx mi_idx WHERE t.id=ci.movie_id AND t.id=mi_idx.movie_id AND t.kind_id=3 AND t.production_year=2008 AND mi_idx.info_type_id<101;",
    "Cardinality": 103034,
    "AND Predicate Norm": [
        [
            101,
            2,
            0.3333333333333333
        ],
        [
            104,
            2,
            0.920863309352518
        ],
        [
            70,
            1,
            0.14285714285714285
        ]
    ],
    "Tables": [
        16,
        2,
        18
    ],
    "Joins": [
        "98-21",
        "98-71"
    ]
}