{
    "Query Number": "Synthetic_756",
    "Query": "SELECT COUNT(*) FROM title t,cast_info ci,movie_info_idx mi_idx WHERE t.id=ci.movie_id AND t.id=mi_idx.movie_id AND t.production_year>1984 AND mi_idx.info_type_id<100;",
    "Cardinality": 10519795,
    "AND Predicate Norm": [
        [
            104,
            3,
            0.7482014388489209
        ],
        [
            70,
            1,
            0.07142857142857142
        ]
    ],
    "Tables": [
        16,
        2,
        18
    ],
    "Joins": [
        "98-21",
        "98-71"
    ]
}