{
    "Query Number": "Synthetic_408",
    "Query": "SELECT COUNT(*) FROM title t,movie_companies mc,movie_info mi WHERE t.id=mc.movie_id AND t.id=mi.movie_id AND t.kind_id>3 AND t.production_year<2012 AND mc.company_id<71838 AND mi.info_type_id<7;",
    "Cardinality": 2230863,
    "AND Predicate Norm": [
        [
            101,
            3,
            0.3333333333333333
        ],
        [
            104,
            1,
            0.9496402877697842
        ],
        [
            58,
            1,
            0.3056945650138726
        ],
        [
            65,
            1,
            0.05504587155963303
        ]
    ],
    "Tables": [
        16,
        12,
        17
    ],
    "Joins": [
        "98-61",
        "98-66"
    ]
}