{
    "Query Number": "Synthetic_15",
    "Query": "SELECT COUNT(*) FROM title t,movie_companies mc,movie_info_idx mi_idx WHERE t.id=mc.movie_id AND t.id=mi_idx.movie_id AND t.kind_id=7 AND t.production_year=1994 AND mc.company_id>50785 AND mc.company_type_id>1;",
    "Cardinality": 3495,
    "AND Predicate Norm": [
        [
            101,
            2,
            1.0
        ],
        [
            104,
            2,
            0.8201438848920863
        ],
        [
            58,
            3,
            0.2161058060562733
        ],
        [
            59,
            3,
            0.0
        ]
    ],
    "Tables": [
        16,
        12,
        18
    ],
    "Joins": [
        "98-61",
        "98-71"
    ]
}