{
    "Query Number": "Synthetic_166",
    "Query": "SELECT COUNT(*) FROM title t,movie_companies mc WHERE t.id=mc.movie_id AND t.production_year<2011 AND mc.company_id=846 AND mc.company_type_id<2;",
    "Cardinality": 5674,
    "AND Predicate Norm": [
        [
            104,
            1,
            0.9424460431654677
        ],
        [
            58,
            2,
            0.003595805886057635
        ],
        [
            59,
            1,
            1.0
        ]
    ],
    "Tables": [
        16,
        12
    ],
    "Joins": [
        "98-61"
    ]
}