{
    "Query Number": "Synthetic_282",
    "Query": "SELECT COUNT(*) FROM title t,movie_companies mc,movie_info mi WHERE t.id=mc.movie_id AND t.id=mi.movie_id AND t.kind_id<7 AND t.production_year<1999 AND mc.company_id>14695 AND mc.company_type_id<2;",
    "Cardinality": 3402734,
    "AND Predicate Norm": [
        [
            101,
            1,
            1.0
        ],
        [
            104,
            1,
            0.8561151079136691
        ],
        [
            58,
            3,
            0.06252872389317266
        ],
        [
            59,
            1,
            1.0
        ]
    ],
    "Tables": [
        16,
        12,
        17
    ],
    "Joins": [
        "98-61",
        "98-66"
    ]
}