{
    "Query Number": "Synthetic_971",
    "Query": "SELECT COUNT(*) FROM title t,movie_info mi,movie_info_idx mi_idx WHERE t.id=mi.movie_id AND t.id=mi_idx.movie_id AND t.kind_id<7 AND t.production_year>1986 AND mi.info_type_id=3;",
    "Cardinality": 1087653,
    "AND Predicate Norm": [
        [
            101,
            1,
            1.0
        ],
        [
            104,
            3,
            0.762589928057554
        ],
        [
            65,
            2,
            0.01834862385321101
        ]
    ],
    "Tables": [
        16,
        17,
        18
    ],
    "Joins": [
        "98-66",
        "98-71"
    ]
}