{
    "Query Number": "Synthetic_663",
    "Query": "SELECT COUNT(*) FROM title t,movie_companies mc,cast_info ci WHERE t.id=mc.movie_id AND t.id=ci.movie_id AND t.kind_id=1 AND t.production_year<2009 AND ci.person_id<1221202;",
    "Cardinality": 13927603,
    "AND Predicate Norm": [
        [
            101,
            2,
            0.0
        ],
        [
            104,
            1,
            0.9280575539568345
        ],
        [
            24,
            1,
            0.30064587603168447
        ]
    ],
    "Tables": [
        16,
        12,
        2
    ],
    "Joins": [
        "98-61",
        "98-21"
    ]
}