{
    "Query Number": "Synthetic_895",
    "Query": "SELECT COUNT(*) FROM title t,movie_info mi,movie_info_idx mi_idx WHERE t.id=mi.movie_id AND t.id=mi_idx.movie_id AND t.production_year=2000 AND mi_idx.info_type_id=101;",
    "Cardinality": 170883,
    "AND Predicate Norm": [
        [
            104,
            2,
            0.8633093525179856
        ],
        [
            70,
            2,
            0.14285714285714285
        ]
    ],
    "Tables": [
        16,
        17,
        18
    ],
    "Joins": [
        "98-66",
        "98-71"
    ]
}