{
    "Query Number": "Synthetic_422",
    "Query": "SELECT COUNT(*) FROM title t,movie_keyword mk WHERE t.id=mk.movie_id AND t.kind_id<7 AND t.production_year<2005 AND mk.keyword_id<17591;",
    "Cardinality": 2155279,
    "AND Predicate Norm": [
        [
            101,
            1,
            1.0
        ],
        [
            104,
            1,
            0.8992805755395683
        ],
        [
            74,
            1,
            0.1311033100045465
        ]
    ],
    "Tables": [
        16,
        19
    ],
    "Joins": [
        "98-75"
    ]
}