{
    "Query Number": "Synthetic_382",
    "Query": "SELECT COUNT(*) FROM title t,movie_keyword mk WHERE t.id=mk.movie_id AND t.kind_id>1 AND t.production_year<2011 AND mk.keyword_id<5761;",
    "Cardinality": 798359,
    "AND Predicate Norm": [
        [
            101,
            3,
            0.0
        ],
        [
            104,
            1,
            0.9424460431654677
        ],
        [
            74,
            1,
            0.04293093039375713
        ]
    ],
    "Tables": [
        16,
        19
    ],
    "Joins": [
        "98-75"
    ]
}