{
    "Query Number": "Synthetic_933",
    "Query": "SELECT COUNT(*) FROM title t,movie_keyword mk WHERE t.id=mk.movie_id AND t.kind_id<7 AND t.production_year=2005 AND mk.keyword_id>10946;",
    "Cardinality": 47793,
    "AND Predicate Norm": [
        [
            101,
            1,
            1.0
        ],
        [
            104,
            2,
            0.8992805755395683
        ],
        [
            74,
            3,
            0.08157622103466523
        ]
    ],
    "Tables": [
        16,
        19
    ],
    "Joins": [
        "98-75"
    ]
}