{
    "Query Number": "Synthetic_531",
    "Query": "SELECT COUNT(*) FROM title t,movie_companies mc,movie_info mi WHERE t.id=mc.movie_id AND t.id=mi.movie_id AND t.production_year<2007 AND mc.company_id>17357 AND mc.company_type_id=2;",
    "Cardinality": 8520915,
    "AND Predicate Norm": [
        [
            104,
            1,
            0.9136690647482014
        ],
        [
            58,
            3,
            0.07385657628214948
        ],
        [
            59,
            2,
            1.0
        ]
    ],
    "Tables": [
        16,
        12,
        17
    ],
    "Joins": [
        "98-61",
        "98-66"
    ]
}