{
    "Query Number": "Synthetic_322",
    "Query": "SELECT COUNT(*) FROM title t,cast_info ci WHERE t.id=ci.movie_id AND t.production_year>2003 AND ci.person_id<760114 AND ci.role_id>1;",
    "Cardinality": 1069051,
    "AND Predicate Norm": [
        [
            104,
            3,
            0.8848920863309353
        ],
        [
            24,
            1,
            0.18713122472719215
        ],
        [
            26,
            3,
            0.0
        ]
    ],
    "Tables": [
        16,
        2
    ],
    "Joins": [
        "98-21"
    ]
}