{
    "Query Number": "Synthetic_372",
    "Query": "SELECT COUNT(*) FROM title t,cast_info ci,movie_keyword mk WHERE t.id=ci.movie_id AND t.id=mk.movie_id AND t.kind_id=6 AND t.production_year<2002 AND ci.person_id>2403322 AND ci.role_id>3;",
    "Cardinality": 383352,
    "AND Predicate Norm": [
        [
            101,
            2,
            0.8333333333333334
        ],
        [
            104,
            1,
            0.8776978417266187
        ],
        [
            24,
            3,
            0.5916704518177958
        ],
        [
            26,
            3,
            0.2
        ]
    ],
    "Tables": [
        16,
        2,
        19
    ],
    "Joins": [
        "98-21",
        "98-75"
    ]
}