{
    "Query Number": "Synthetic_352",
    "Query": "SELECT COUNT(*) FROM title t,cast_info ci,movie_info mi WHERE t.id=ci.movie_id AND t.id=mi.movie_id AND t.kind_id<7 AND ci.role_id=2;",
    "Cardinality": 60055286,
    "AND Predicate Norm": [
        [
            101,
            1,
            1.0
        ],
        [
            26,
            2,
            0.1
        ]
    ],
    "Tables": [
        16,
        2,
        17
    ],
    "Joins": [
        "98-21",
        "98-66"
    ]
}