{
    "Query Number": "Synthetic_741",
    "Query": "SELECT COUNT(*) FROM title t,movie_companies mc,movie_info_idx mi_idx WHERE t.id=mc.movie_id AND t.id=mi_idx.movie_id AND t.production_year>0 AND mc.company_id>82573 AND mi_idx.info_type_id=100;",
    "Cardinality": 181521,
    "AND Predicate Norm": [
        [
            104,
            3,
            -13.525179856115107
        ],
        [
            58,
            3,
            0.3513761936373385
        ],
        [
            70,
            2,
            0.07142857142857142
        ]
    ],
    "Tables": [
        16,
        12,
        18
    ],
    "Joins": [
        "98-61",
        "98-71"
    ]
}