{
    "Query Number": "Synthetic_753",
    "Query": "SELECT COUNT(*) FROM title t,movie_companies mc,movie_info mi WHERE t.id=mc.movie_id AND t.id=mi.movie_id AND mc.company_id>27 AND mc.company_type_id=1;",
    "Cardinality": 46329281,
    "AND Predicate Norm": [
        [
            58,
            3,
            0.00011064018110946569
        ],
        [
            59,
            2,
            0.0
        ]
    ],
    "Tables": [
        16,
        12,
        17
    ],
    "Joins": [
        "98-61",
        "98-66"
    ]
}