{
    "Query Number": "Synthetic_941",
    "Query": "SELECT COUNT(*) FROM title t,cast_info ci WHERE t.id=ci.movie_id AND t.kind_id<7 AND t.production_year<2012 AND ci.person_id=2810118;",
    "Cardinality": 5,
    "AND Predicate Norm": [
        [
            101,
            1,
            1.0
        ],
        [
            104,
            1,
            0.9496402877697842
        ],
        [
            24,
            2,
            0.6918190266930089
        ]
    ],
    "Tables": [
        16,
        2
    ],
    "Joins": [
        "98-21"
    ]
}