{
    "Query Number": "Synthetic_548",
    "Query": "SELECT COUNT(*) FROM title t,cast_info ci,movie_info mi WHERE t.id=ci.movie_id AND t.id=mi.movie_id AND t.production_year=1956 AND mi.info_type_id=4;",
    "Cardinality": 106471,
    "AND Predicate Norm": [
        [
            104,
            2,
            0.5467625899280576
        ],
        [
            65,
            2,
            0.027522935779816515
        ]
    ],
    "Tables": [
        16,
        2,
        17
    ],
    "Joins": [
        "98-21",
        "98-66"
    ]
}