{
    "Query Number": "Synthetic_910",
    "Query": "SELECT COUNT(*) FROM title t,movie_companies mc WHERE t.id=mc.movie_id AND t.kind_id>1 AND t.production_year>1990 AND mc.company_id>56339;",
    "Cardinality": 208074,
    "AND Predicate Norm": [
        [
            101,
            3,
            0.0
        ],
        [
            104,
            3,
            0.7913669064748201
        ],
        [
            58,
            3,
            0.2397402508978876
        ]
    ],
    "Tables": [
        16,
        12
    ],
    "Joins": [
        "98-61"
    ]
}