{
    "Query Number": "Synthetic_267",
    "Query": "SELECT COUNT(*) FROM title t,movie_info mi WHERE t.id=mi.movie_id AND t.kind_id=7 AND t.production_year>1960 AND mi.info_type_id<18;",
    "Cardinality": 3347285,
    "AND Predicate Norm": [
        [
            101,
            2,
            1.0
        ],
        [
            104,
            3,
            0.5755395683453237
        ],
        [
            65,
            1,
            0.1559633027522936
        ]
    ],
    "Tables": [
        16,
        17
    ],
    "Joins": [
        "98-66"
    ]
}