{
    "Query Number": "Synthetic_653",
    "Query": "SELECT COUNT(*) FROM title t,movie_info_idx mi_idx,movie_keyword mk WHERE t.id=mi_idx.movie_id AND t.id=mk.movie_id AND t.production_year>0 AND mi_idx.info_type_id>100 AND mk.keyword_id>245;",
    "Cardinality": 3275278,
    "AND Predicate Norm": [
        [
            104,
            3,
            -13.525179856115107
        ],
        [
            70,
            3,
            0.07142857142857142
        ],
        [
            74,
            3,
            0.0018186019125133227
        ]
    ],
    "Tables": [
        16,
        18,
        19
    ],
    "Joins": [
        "98-71",
        "98-75"
    ]
}