{
    "Query Number": "Synthetic_225",
    "Query": "SELECT COUNT(*) FROM title t,movie_companies mc WHERE t.id=mc.movie_id AND t.kind_id<7 AND t.production_year<2010 AND mc.company_id>10673 AND mc.company_type_id<2;",
    "Cardinality": 420042,
    "AND Predicate Norm": [
        [
            101,
            1,
            1.0
        ],
        [
            104,
            1,
            0.935251798561151
        ],
        [
            58,
            3,
            0.04541353895385453
        ],
        [
            59,
            1,
            1.0
        ]
    ],
    "Tables": [
        16,
        12
    ],
    "Joins": [
        "98-61"
    ]
}