{
    "Query Number": "Synthetic_196",
    "Query": "SELECT COUNT(*) FROM title t,movie_companies mc,movie_info mi WHERE t.id=mc.movie_id AND t.id=mi.movie_id AND t.kind_id<4 AND t.production_year<1910 AND mi.info_type_id>73;",
    "Cardinality": 13130,
    "AND Predicate Norm": [
        [
            101,
            1,
            0.5
        ],
        [
            104,
            1,
            0.2158273381294964
        ],
        [
            65,
            3,
            0.6605504587155964
        ]
    ],
    "Tables": [
        16,
        12,
        17
    ],
    "Joins": [
        "98-61",
        "98-66"
    ]
}