{
    "Query Number": "Synthetic_110",
    "Query": "SELECT COUNT(*) FROM title t,movie_companies mc,cast_info ci WHERE t.id=mc.movie_id AND t.id=ci.movie_id AND t.production_year<2010 AND mc.company_id>33938 AND ci.person_id<1550792;",
    "Cardinality": 6694220,
    "AND Predicate Norm": [
        [
            104,
            1,
            0.935251798561151
        ],
        [
            58,
            3,
            0.14441522408892066
        ],
        [
            24,
            1,
            0.38178720680465544
        ]
    ],
    "Tables": [
        16,
        12,
        2
    ],
    "Joins": [
        "98-61",
        "98-21"
    ]
}