{
    "Query Number": "Synthetic_888",
    "Query": "SELECT COUNT(*) FROM title t,movie_companies mc WHERE t.id=mc.movie_id AND t.production_year<2012 AND mc.company_id=19 AND mc.company_type_id=1;",
    "Cardinality": 41308,
    "AND Predicate Norm": [
        [
            104,
            1,
            0.9496402877697842
        ],
        [
            58,
            2,
            7.659704846039932e-05
        ],
        [
            59,
            2,
            0.0
        ]
    ],
    "Tables": [
        16,
        12
    ],
    "Joins": [
        "98-61"
    ]
}