{
    "Query Number": "Synthetic_507",
    "Query": "SELECT COUNT(*) FROM title t,movie_companies mc,movie_info_idx mi_idx WHERE t.id=mc.movie_id AND t.id=mi_idx.movie_id AND t.kind_id<7 AND t.production_year>1987 AND mc.company_type_id=1 AND mi_idx.info_type_id>99;",
    "Cardinality": 761277,
    "AND Predicate Norm": [
        [
            101,
            1,
            1.0
        ],
        [
            104,
            3,
            0.7697841726618705
        ],
        [
            59,
            2,
            0.0
        ],
        [
            70,
            3,
            0.0
        ]
    ],
    "Tables": [
        16,
        12,
        18
    ],
    "Joins": [
        "98-61",
        "98-71"
    ]
}