{
    "Query Number": "Synthetic_393",
    "Query": "SELECT COUNT(*) FROM title t,movie_companies mc WHERE t.id=mc.movie_id AND t.kind_id<7 AND t.production_year<1985 AND mc.company_type_id=2;",
    "Cardinality": 322988,
    "AND Predicate Norm": [
        [
            101,
            1,
            1.0
        ],
        [
            104,
            1,
            0.7553956834532374
        ],
        [
            59,
            2,
            1.0
        ]
    ],
    "Tables": [
        16,
        12
    ],
    "Joins": [
        "98-61"
    ]
}