{
    "Query Number": "Synthetic_614",
    "Query": "SELECT COUNT(*) FROM title t,movie_info_idx mi_idx,movie_keyword mk WHERE t.id=mi_idx.movie_id AND t.id=mk.movie_id AND t.kind_id<6 AND mk.keyword_id>5899;",
    "Cardinality": 4124456,
    "AND Predicate Norm": [
        [
            101,
            1,
            0.8333333333333334
        ],
        [
            74,
            3,
            0.04395948393444089
        ]
    ],
    "Tables": [
        16,
        18,
        19
    ],
    "Joins": [
        "98-71",
        "98-75"
    ]
}