{
    "Query Number": "Synthetic_463",
    "Query": "SELECT COUNT(*) FROM title t,cast_info ci,movie_info mi WHERE t.id=ci.movie_id AND t.id=mi.movie_id AND t.kind_id>1 AND t.production_year<2000 AND mi.info_type_id>7;",
    "Cardinality": 29054459,
    "AND Predicate Norm": [
        [
            101,
            3,
            0.0
        ],
        [
            104,
            1,
            0.8633093525179856
        ],
        [
            65,
            3,
            0.05504587155963303
        ]
    ],
    "Tables": [
        16,
        2,
        17
    ],
    "Joins": [
        "98-21",
        "98-66"
    ]
}