{
    "Query Number": "Synthetic_618",
    "Query": "SELECT COUNT(*) FROM title t,cast_info ci WHERE t.id=ci.movie_id AND t.production_year>2009 AND ci.person_id<2835223 AND ci.role_id<3;",
    "Cardinality": 4010840,
    "AND Predicate Norm": [
        [
            104,
            3,
            0.9280575539568345
        ],
        [
            24,
            1,
            0.6979995937886593
        ],
        [
            26,
            1,
            0.2
        ]
    ],
    "Tables": [
        16,
        2
    ],
    "Joins": [
        "98-21"
    ]
}