{
    "Query Number": "Synthetic_716",
    "Query": "SELECT COUNT(*) FROM title t,cast_info ci,movie_info mi WHERE t.id=ci.movie_id AND t.id=mi.movie_id AND t.kind_id>2 AND t.production_year>1976 AND ci.role_id>10 AND mi.info_type_id=13;",
    "Cardinality": 28274,
    "AND Predicate Norm": [
        [
            101,
            3,
            0.16666666666666666
        ],
        [
            104,
            3,
            0.6906474820143885
        ],
        [
            26,
            3,
            0.9
        ],
        [
            65,
            2,
            0.11009174311926606
        ]
    ],
    "Tables": [
        16,
        2,
        17
    ],
    "Joins": [
        "98-21",
        "98-66"
    ]
}