{
    "Query Number": "Synthetic_687",
    "Query": "SELECT COUNT(*) FROM title t,movie_companies mc,cast_info ci WHERE t.id=mc.movie_id AND t.id=ci.movie_id AND t.kind_id<7 AND t.production_year<2004 AND ci.person_id=4041770 AND ci.role_id>8;",
    "Cardinality": 2,
    "AND Predicate Norm": [
        [
            101,
            1,
            1.0
        ],
        [
            104,
            1,
            0.8920863309352518
        ],
        [
            24,
            2,
            0.9950378207377044
        ],
        [
            26,
            3,
            0.7
        ]
    ],
    "Tables": [
        16,
        12,
        2
    ],
    "Joins": [
        "98-61",
        "98-21"
    ]
}