{
    "Query Number": "Synthetic_582",
    "Query": "SELECT COUNT(*) FROM title t,movie_companies mc,movie_keyword mk WHERE t.id=mc.movie_id AND t.id=mk.movie_id AND t.kind_id<7 AND t.production_year>1984 AND mc.company_id<14715;",
    "Cardinality": 16882175,
    "AND Predicate Norm": [
        [
            101,
            1,
            1.0
        ],
        [
            104,
            3,
            0.7482014388489209
        ],
        [
            58,
            1,
            0.06261383172479532
        ]
    ],
    "Tables": [
        16,
        12,
        19
    ],
    "Joins": [
        "98-61",
        "98-75"
    ]
}