{
    "Query Number": "Synthetic_303",
    "Query": "SELECT COUNT(*) FROM title t,cast_info ci,movie_info_idx mi_idx WHERE t.id=ci.movie_id AND t.id=mi_idx.movie_id AND t.kind_id=7 AND t.production_year>1986 AND ci.person_id=3359169 AND ci.role_id>1;",
    "Cardinality": 87,
    "AND Predicate Norm": [
        [
            101,
            2,
            1.0
        ],
        [
            104,
            3,
            0.762589928057554
        ],
        [
            24,
            2,
            0.8269891738522991
        ],
        [
            26,
            3,
            0.0
        ]
    ],
    "Tables": [
        16,
        2,
        18
    ],
    "Joins": [
        "98-21",
        "98-71"
    ]
}