{
    "Query Number": "Synthetic_417",
    "Query": "SELECT COUNT(*) FROM title t,movie_companies mc,movie_keyword mk WHERE t.id=mc.movie_id AND t.id=mk.movie_id AND t.production_year=2013 AND mc.company_id=6 AND mk.keyword_id<135;",
    "Cardinality": 5,
    "AND Predicate Norm": [
        [
            104,
            2,
            0.9568345323741008
        ],
        [
            58,
            2,
            2.127695790566648e-05
        ],
        [
            74,
            1,
            0.0009987403945769886
        ]
    ],
    "Tables": [
        16,
        12,
        19
    ],
    "Joins": [
        "98-61",
        "98-75"
    ]
}