{
    "Query Number": "Synthetic_878",
    "Query": "SELECT COUNT(*) FROM title t,movie_info mi WHERE t.id=mi.movie_id AND t.kind_id=1 AND t.production_year=2009 AND mi.info_type_id>1;",
    "Cardinality": 334563,
    "AND Predicate Norm": [
        [
            101,
            2,
            0.0
        ],
        [
            104,
            2,
            0.9280575539568345
        ],
        [
            65,
            3,
            0.0
        ]
    ],
    "Tables": [
        16,
        17
    ],
    "Joins": [
        "98-66"
    ]
}