{
    "Query Number": "Synthetic_452",
    "Query": "SELECT COUNT(*) FROM title t,movie_companies mc,movie_keyword mk WHERE t.id=mc.movie_id AND t.id=mk.movie_id AND t.kind_id=7 AND mc.company_id<1971 AND mc.company_type_id>1;",
    "Cardinality": 184692,
    "AND Predicate Norm": [
        [
            101,
            2,
            1.0
        ],
        [
            58,
            1,
            0.008383121414832592
        ],
        [
            59,
            3,
            0.0
        ]
    ],
    "Tables": [
        16,
        12,
        19
    ],
    "Joins": [
        "98-61",
        "98-75"
    ]
}