{
    "Query Number": "Synthetic_528",
    "Query": "SELECT COUNT(*) FROM title t,movie_info_idx mi_idx WHERE t.id=mi_idx.movie_id AND t.production_year=1954 AND mi_idx.info_type_id<101;",
    "Cardinality": 2898,
    "AND Predicate Norm": [
        [
            104,
            2,
            0.5323741007194245
        ],
        [
            70,
            1,
            0.14285714285714285
        ]
    ],
    "Tables": [
        16,
        18
    ],
    "Joins": [
        "98-71"
    ]
}