{
    "Query Number": "Synthetic_616",
    "Query": "SELECT COUNT(*) FROM title t,cast_info ci,movie_keyword mk WHERE t.id=ci.movie_id AND t.id=mk.movie_id AND t.kind_id<3 AND ci.person_id<1992934 AND ci.role_id<5;",
    "Cardinality": 80033153,
    "AND Predicate Norm": [
        [
            101,
            1,
            0.3333333333333333
        ],
        [
            24,
            1,
            0.49063756716335233
        ],
        [
            26,
            1,
            0.4
        ]
    ],
    "Tables": [
        16,
        2,
        19
    ],
    "Joins": [
        "98-21",
        "98-75"
    ]
}