{
    "Query Number": "Synthetic_617",
    "Query": "SELECT COUNT(*) FROM title t,cast_info ci,movie_info_idx mi_idx WHERE t.id=ci.movie_id AND t.id=mi_idx.movie_id AND t.kind_id=7 AND t.production_year=2011 AND ci.role_id>2 AND mi_idx.info_type_id>99;",
    "Cardinality": 443216,
    "AND Predicate Norm": [
        [
            101,
            2,
            1.0
        ],
        [
            104,
            2,
            0.9424460431654677
        ],
        [
            26,
            3,
            0.1
        ],
        [
            70,
            3,
            0.0
        ]
    ],
    "Tables": [
        16,
        2,
        18
    ],
    "Joins": [
        "98-21",
        "98-71"
    ]
}