{
    "Query Number": "Synthetic_521",
    "Query": "SELECT COUNT(*) FROM title t,movie_companies mc WHERE t.id=mc.movie_id AND t.production_year<2011 AND mc.company_id=5636 AND mc.company_type_id=1;",
    "Cardinality": 13,
    "AND Predicate Norm": [
        [
            104,
            1,
            0.9424460431654677
        ],
        [
            58,
            2,
            0.02397913155968612
        ],
        [
            59,
            2,
            0.0
        ]
    ],
    "Tables": [
        16,
        12
    ],
    "Joins": [
        "98-61"
    ]
}