{
    "Query Number": "Synthetic_506",
    "Query": "SELECT COUNT(*) FROM title t,movie_companies mc,cast_info ci WHERE t.id=mc.movie_id AND t.id=ci.movie_id AND t.kind_id=7 AND mc.company_id>8558 AND mc.company_type_id>1 AND ci.person_id<3675948 AND ci.role_id<10;",
    "Cardinality": 4574556,
    "AND Predicate Norm": [
        [
            101,
            2,
            1.0
        ],
        [
            58,
            3,
            0.03641338575975761
        ],
        [
            59,
            3,
            0.0
        ],
        [
            24,
            1,
            0.904976581300738
        ],
        [
            26,
            1,
            0.9
        ]
    ],
    "Tables": [
        16,
        12,
        2
    ],
    "Joins": [
        "98-61",
        "98-21"
    ]
}