{
    "Query Number": "Synthetic_52",
    "Query": "SELECT COUNT(*) FROM title t,movie_info_idx mi_idx WHERE t.id=mi_idx.movie_id AND t.kind_id<7 AND t.production_year>1961 AND mi_idx.info_type_id<101;",
    "Cardinality": 549622,
    "AND Predicate Norm": [
        [
            101,
            1,
            1.0
        ],
        [
            104,
            3,
            0.5827338129496403
        ],
        [
            70,
            1,
            0.14285714285714285
        ]
    ],
    "Tables": [
        16,
        18
    ],
    "Joins": [
        "98-71"
    ]
}