{
    "Query Number": "Synthetic_242",
    "Query": "SELECT COUNT(*) FROM title t,cast_info ci,movie_info_idx mi_idx WHERE t.id=ci.movie_id AND t.id=mi_idx.movie_id AND t.kind_id>1 AND t.production_year>2008 AND ci.person_id<1232956 AND ci.role_id>1;",
    "Cardinality": 610917,
    "AND Predicate Norm": [
        [
            101,
            3,
            0.0
        ],
        [
            104,
            3,
            0.920863309352518
        ],
        [
            24,
            1,
            0.3035395779094887
        ],
        [
            26,
            3,
            0.0
        ]
    ],
    "Tables": [
        16,
        2,
        18
    ],
    "Joins": [
        "98-21",
        "98-71"
    ]
}