{
    "Query Number": "Synthetic_396",
    "Query": "SELECT COUNT(*) FROM title t,movie_info_idx mi_idx,movie_keyword mk WHERE t.id=mi_idx.movie_id AND t.id=mk.movie_id AND t.kind_id=7 AND mk.keyword_id>16264;",
    "Cardinality": 295368,
    "AND Predicate Norm": [
        [
            101,
            2,
            1.0
        ],
        [
            74,
            3,
            0.12121279878362363
        ]
    ],
    "Tables": [
        16,
        18,
        19
    ],
    "Joins": [
        "98-71",
        "98-75"
    ]
}