{
    "Query Number": "Synthetic_464",
    "Query": "SELECT COUNT(*) FROM title t,movie_companies mc WHERE t.id=mc.movie_id AND t.kind_id>1 AND t.production_year<2008 AND mc.company_id<3111 AND mc.company_type_id=1;",
    "Cardinality": 340690,
    "AND Predicate Norm": [
        [
            101,
            3,
            0.0
        ],
        [
            104,
            1,
            0.920863309352518
        ],
        [
            58,
            1,
            0.013234267817324551
        ],
        [
            59,
            2,
            0.0
        ]
    ],
    "Tables": [
        16,
        12
    ],
    "Joins": [
        "98-61"
    ]
}