{
    "Query Number": "Synthetic_421",
    "Query": "SELECT COUNT(*) FROM title t,movie_info mi,movie_keyword mk WHERE t.id=mi.movie_id AND t.id=mk.movie_id AND t.production_year=2008 AND mk.keyword_id<28744;",
    "Cardinality": 8958418,
    "AND Predicate Norm": [
        [
            104,
            2,
            0.920863309352518
        ],
        [
            74,
            1,
            0.21422981463676408
        ]
    ],
    "Tables": [
        16,
        17,
        19
    ],
    "Joins": [
        "98-66",
        "98-75"
    ]
}