{
    "Query Number": "Synthetic_336",
    "Query": "SELECT COUNT(*) FROM title t,cast_info ci,movie_keyword mk WHERE t.id=ci.movie_id AND t.id=mk.movie_id AND t.production_year>2004 AND ci.role_id<9 AND mk.keyword_id<5654;",
    "Cardinality": 27217405,
    "AND Predicate Norm": [
        [
            104,
            3,
            0.8920863309352518
        ],
        [
            26,
            1,
            0.8
        ],
        [
            74,
            1,
            0.04213342873540087
        ]
    ],
    "Tables": [
        16,
        2,
        19
    ],
    "Joins": [
        "98-21",
        "98-75"
    ]
}