{
    "Query Number": "Synthetic_908",
    "Query": "SELECT COUNT(*) FROM title t,movie_companies mc,movie_keyword mk WHERE t.id=mc.movie_id AND t.id=mk.movie_id AND t.kind_id>1 AND t.production_year>1994 AND mc.company_type_id<2 AND mk.keyword_id<9636;",
    "Cardinality": 1378845,
    "AND Predicate Norm": [
        [
            101,
            3,
            0.0
        ],
        [
            104,
            3,
            0.8201438848920863
        ],
        [
            59,
            1,
            1.0
        ],
        [
            74,
            1,
            0.07181241568469617
        ]
    ],
    "Tables": [
        16,
        12,
        19
    ],
    "Joins": [
        "98-61",
        "98-75"
    ]
}