{
    "Query Number": "Synthetic_424",
    "Query": "SELECT COUNT(*) FROM title t,cast_info ci,movie_info_idx mi_idx WHERE t.id=ci.movie_id AND t.id=mi_idx.movie_id AND t.production_year<2010 AND ci.role_id<10;",
    "Cardinality": 28667223,
    "AND Predicate Norm": [
        [
            104,
            1,
            0.935251798561151
        ],
        [
            26,
            1,
            0.9
        ]
    ],
    "Tables": [
        16,
        2,
        18
    ],
    "Joins": [
        "98-21",
        "98-71"
    ]
}