{
    "Query Number": "Synthetic_962",
    "Query": "SELECT COUNT(*) FROM title t,cast_info ci WHERE t.id=ci.movie_id AND t.kind_id>1 AND ci.person_id<3588979 AND ci.role_id>1;",
    "Cardinality": 15144871,
    "AND Predicate Norm": [
        [
            101,
            3,
            0.0
        ],
        [
            24,
            1,
            0.8835657970051146
        ],
        [
            26,
            3,
            0.0
        ]
    ],
    "Tables": [
        16,
        2
    ],
    "Joins": [
        "98-21"
    ]
}