{
    "Query Number": "Synthetic_1000",
    "Query": "SELECT COUNT(*) FROM title t,movie_companies mc,cast_info ci WHERE t.id=mc.movie_id AND t.id=ci.movie_id AND mc.company_type_id=1 AND ci.person_id<3861149;",
    "Cardinality": 44853506,
    "AND Predicate Norm": [
        [
            59,
            2,
            0.0
        ],
        [
            24,
            1,
            0.9505709731223496
        ]
    ],
    "Tables": [
        16,
        12,
        2
    ],
    "Joins": [
        "98-61",
        "98-21"
    ]
}