{
    "Query Number": "Synthetic_9",
    "Query": "SELECT COUNT(*) FROM title t,cast_info ci,movie_info_idx mi_idx WHERE t.id=ci.movie_id AND t.id=mi_idx.movie_id AND ci.person_id>681261 AND ci.role_id>1 AND mi_idx.info_type_id=99;",
    "Cardinality": 7987245,
    "AND Predicate Norm": [
        [
            24,
            3,
            0.1677185078503419
        ],
        [
            26,
            3,
            0.0
        ],
        [
            70,
            2,
            0.0
        ]
    ],
    "Tables": [
        16,
        2,
        18
    ],
    "Joins": [
        "98-21",
        "98-71"
    ]
}