{
    "Query Number": "Synthetic_650",
    "Query": "SELECT COUNT(*) FROM title t,movie_keyword mk WHERE t.id=mk.movie_id AND t.kind_id=1 AND t.production_year<1992 AND mk.keyword_id<7426;",
    "Cardinality": 836373,
    "AND Predicate Norm": [
        [
            101,
            2,
            0.0
        ],
        [
            104,
            1,
            0.8057553956834532
        ],
        [
            74,
            1,
            0.05534065246070255
        ]
    ],
    "Tables": [
        16,
        19
    ],
    "Joins": [
        "98-75"
    ]
}