{
    "Query Number": "Synthetic_361",
    "Query": "SELECT COUNT(*) FROM title t,movie_info_idx mi_idx,movie_keyword mk WHERE t.id=mi_idx.movie_id AND t.id=mk.movie_id AND t.kind_id=1 AND t.production_year<2010 AND mi_idx.info_type_id>100 AND mk.keyword_id<13391;",
    "Cardinality": 1696420,
    "AND Predicate Norm": [
        [
            101,
            2,
            0.0
        ],
        [
            104,
            1,
            0.935251798561151
        ],
        [
            70,
            3,
            0.07142857142857142
        ],
        [
            74,
            1,
            0.09979950659243193
        ]
    ],
    "Tables": [
        16,
        18,
        19
    ],
    "Joins": [
        "98-71",
        "98-75"
    ]
}