{
    "Query Number": "Synthetic_448",
    "Query": "SELECT COUNT(*) FROM title t,movie_keyword mk WHERE t.id=mk.movie_id AND t.kind_id=7 AND t.production_year<2013 AND mk.keyword_id=20342;",
    "Cardinality": 13,
    "AND Predicate Norm": [
        [
            101,
            2,
            1.0
        ],
        [
            104,
            1,
            0.9568345323741008
        ],
        [
            74,
            2,
            0.15160730123948155
        ]
    ],
    "Tables": [
        16,
        19
    ],
    "Joins": [
        "98-75"
    ]
}