{
    "Query Number": "Synthetic_1717",
    "Query": "SELECT COUNT(*) FROM title t,cast_info ci,movie_info_idx mi_idx WHERE t.id=ci.movie_id AND t.id=mi_idx.movie_id AND t.kind_id<7 AND t.production_year=1961 AND ci.person_id>2168135 AND mi_idx.info_type_id=101;",
    "Cardinality": 11461,
    "AND Predicate Norm": [
        [
            101,
            1,
            1.0
        ],
        [
            104,
            2,
            0.5827338129496403
        ],
        [
            24,
            3,
            0.5337700720717394
        ],
        [
            70,
            2,
            0.14285714285714285
        ]
    ],
    "Tables": [
        16,
        2,
        18
    ],
    "Joins": [
        "98-21",
        "98-71"
    ]
}