{
    "Query Number": "Synthetic_1369",
    "Query": "SELECT COUNT(*) FROM title t,movie_keyword mk WHERE t.id=mk.movie_id AND t.kind_id=2 AND t.production_year=2009 AND mk.keyword_id=117;",
    "Cardinality": 54,
    "AND Predicate Norm": [
        [
            101,
            2,
            0.16666666666666666
        ],
        [
            104,
            2,
            0.9280575539568345
        ],
        [
            74,
            2,
            0.0008645812370964977
        ]
    ],
    "Tables": [
        16,
        19
    ],
    "Joins": [
        "98-75"
    ]
}