{
    "Query Number": "Synthetic_1891",
    "Query": "SELECT COUNT(*) FROM title t,cast_info ci,movie_info mi WHERE t.id=ci.movie_id AND t.id=mi.movie_id AND t.kind_id=7 AND ci.person_id=1900760;",
    "Cardinality": 506,
    "AND Predicate Norm": [
        [
            101,
            2,
            1.0
        ],
        [
            24,
            2,
            0.46794537072939557
        ]
    ],
    "Tables": [
        16,
        2,
        17
    ],
    "Joins": [
        "98-21",
        "98-66"
    ]
}