{
    "Query Number": "Synthetic_1177",
    "Query": "SELECT COUNT(*) FROM title t,movie_info_idx mi_idx,movie_keyword mk WHERE t.id=mi_idx.movie_id AND t.id=mk.movie_id AND t.kind_id<7 AND t.production_year>1964 AND mk.keyword_id>7773;",
    "Cardinality": 2861593,
    "AND Predicate Norm": [
        [
            101,
            1,
            1.0
        ],
        [
            104,
            3,
            0.60431654676259
        ],
        [
            74,
            3,
            0.05792694288546535
        ]
    ],
    "Tables": [
        16,
        18,
        19
    ],
    "Joins": [
        "98-71",
        "98-75"
    ]
}