{
    "Query Number": "Synthetic_1171",
    "Query": "SELECT COUNT(*) FROM title t,cast_info ci,movie_info_idx mi_idx WHERE t.id=ci.movie_id AND t.id=mi_idx.movie_id AND ci.person_id>3728768 AND ci.role_id>10;",
    "Cardinality": 225937,
    "AND Predicate Norm": [
        [
            24,
            3,
            0.9179802679763905
        ],
        [
            26,
            3,
            0.9
        ]
    ],
    "Tables": [
        16,
        2,
        18
    ],
    "Joins": [
        "98-21",
        "98-71"
    ]
}