{
    "Query Number": "Synthetic_1441",
    "Query": "SELECT COUNT(*) FROM title t,movie_info_idx mi_idx,movie_keyword mk WHERE t.id=mi_idx.movie_id AND t.id=mk.movie_id AND t.kind_id>1 AND t.production_year=2002 AND mi_idx.info_type_id<101 AND mk.keyword_id>16264;",
    "Cardinality": 17526,
    "AND Predicate Norm": [
        [
            101,
            3,
            0.0
        ],
        [
            104,
            2,
            0.8776978417266187
        ],
        [
            70,
            1,
            0.14285714285714285
        ],
        [
            74,
            3,
            0.12121279878362363
        ]
    ],
    "Tables": [
        16,
        18,
        19
    ],
    "Joins": [
        "98-71",
        "98-75"
    ]
}