{
    "Query Number": "Synthetic_1909",
    "Query": "SELECT COUNT(*) FROM title t,cast_info ci,movie_info_idx mi_idx WHERE t.id=ci.movie_id AND t.id=mi_idx.movie_id AND t.kind_id=1 AND ci.person_id<1106164;",
    "Cardinality": 6378299,
    "AND Predicate Norm": [
        [
            101,
            2,
            0.0
        ],
        [
            24,
            1,
            0.27232482135933084
        ]
    ],
    "Tables": [
        16,
        2,
        18
    ],
    "Joins": [
        "98-21",
        "98-71"
    ]
}