{
    "Query Number": "Synthetic_1839",
    "Query": "SELECT COUNT(*) FROM title t,cast_info ci WHERE t.id=ci.movie_id AND t.kind_id=7 AND t.production_year>2011 AND ci.person_id<1648775;",
    "Cardinality": 849974,
    "AND Predicate Norm": [
        [
            101,
            2,
            1.0
        ],
        [
            104,
            3,
            0.9424460431654677
        ],
        [
            24,
            1,
            0.40590951334650444
        ]
    ],
    "Tables": [
        16,
        2
    ],
    "Joins": [
        "98-21"
    ]
}