{
    "Query Number": "Synthetic_1845",
    "Query": "SELECT COUNT(*) FROM title t,movie_companies mc,movie_keyword mk WHERE t.id=mc.movie_id AND t.id=mk.movie_id AND t.kind_id<2 AND t.production_year=1960 AND mc.company_id>1724 AND mk.keyword_id>3293;",
    "Cardinality": 51399,
    "AND Predicate Norm": [
        [
            101,
            1,
            0.16666666666666666
        ],
        [
            104,
            2,
            0.5755395683453237
        ],
        [
            58,
            3,
            0.007332039694292669
        ],
        [
            74,
            3,
            0.02453621924587647
        ]
    ],
    "Tables": [
        16,
        12,
        19
    ],
    "Joins": [
        "98-61",
        "98-75"
    ]
}