{
    "Query Number": "Synthetic_1796",
    "Query": "SELECT COUNT(*) FROM title t,movie_companies mc,cast_info ci WHERE t.id=mc.movie_id AND t.id=ci.movie_id AND t.kind_id<7 AND mc.company_id<4667 AND ci.role_id<3;",
    "Cardinality": 10926366,
    "AND Predicate Norm": [
        [
            101,
            1,
            1.0
        ],
        [
            58,
            1,
            0.019855657117567958
        ],
        [
            26,
            1,
            0.2
        ]
    ],
    "Tables": [
        16,
        12,
        2
    ],
    "Joins": [
        "98-61",
        "98-21"
    ]
}