{
    "Query Number": "Synthetic_1405",
    "Query": "SELECT COUNT(*) FROM title t,cast_info ci WHERE t.id=ci.movie_id AND t.kind_id=7 AND t.production_year>1967 AND ci.person_id=176905;",
    "Cardinality": 305,
    "AND Predicate Norm": [
        [
            101,
            2,
            1.0
        ],
        [
            104,
            3,
            0.6258992805755396
        ],
        [
            24,
            2,
            0.04355176424970919
        ]
    ],
    "Tables": [
        16,
        2
    ],
    "Joins": [
        "98-21"
    ]
}