{
    "Query Number": "Synthetic_1344",
    "Query": "SELECT COUNT(*) FROM title t,cast_info ci,movie_info mi WHERE t.id=ci.movie_id AND t.id=mi.movie_id AND t.production_year=1994 AND ci.person_id>2102548 AND ci.role_id=4 AND mi.info_type_id=4;",
    "Cardinality": 10106,
    "AND Predicate Norm": [
        [
            104,
            2,
            0.8201438848920863
        ],
        [
            24,
            3,
            0.5176232943739729
        ],
        [
            26,
            2,
            0.3
        ],
        [
            65,
            2,
            0.027522935779816515
        ]
    ],
    "Tables": [
        16,
        2,
        17
    ],
    "Joins": [
        "98-21",
        "98-66"
    ]
}