{
    "Query Number": "Synthetic_1566",
    "Query": "SELECT COUNT(*) FROM title t,movie_companies mc,movie_keyword mk WHERE t.id=mc.movie_id AND t.id=mk.movie_id AND t.production_year<2007 AND mk.keyword_id=5144;",
    "Cardinality": 4659,
    "AND Predicate Norm": [
        [
            104,
            1,
            0.9136690647482014
        ],
        [
            74,
            2,
            0.038332252606786965
        ]
    ],
    "Tables": [
        16,
        12,
        19
    ],
    "Joins": [
        "98-61",
        "98-75"
    ]
}