{
    "Query Number": "Synthetic_1647",
    "Query": "SELECT COUNT(*) FROM title t,movie_info mi,movie_keyword mk WHERE t.id=mi.movie_id AND t.id=mk.movie_id AND t.kind_id<7 AND t.production_year<2002 AND mi.info_type_id=16 AND mk.keyword_id<398;",
    "Cardinality": 1513041,
    "AND Predicate Norm": [
        [
            101,
            1,
            1.0
        ],
        [
            104,
            1,
            0.8776978417266187
        ],
        [
            65,
            2,
            0.13761467889908258
        ],
        [
            74,
            1,
            0.0029589547510974964
        ]
    ],
    "Tables": [
        16,
        17,
        19
    ],
    "Joins": [
        "98-66",
        "98-75"
    ]
}