{
    "Query Number": "Synthetic_1586",
    "Query": "SELECT COUNT(*) FROM title t,movie_companies mc,movie_keyword mk WHERE t.id=mc.movie_id AND t.id=mk.movie_id AND t.production_year=2006 AND mk.keyword_id<18607;",
    "Cardinality": 1190424,
    "AND Predicate Norm": [
        [
            104,
            2,
            0.9064748201438849
        ],
        [
            74,
            1,
            0.13867584911566755
        ]
    ],
    "Tables": [
        16,
        12,
        19
    ],
    "Joins": [
        "98-61",
        "98-75"
    ]
}