{
    "Query Number": "Synthetic_1659",
    "Query": "SELECT COUNT(*) FROM title t,movie_info_idx mi_idx,movie_keyword mk WHERE t.id=mi_idx.movie_id AND t.id=mk.movie_id AND t.production_year<2008 AND mi_idx.info_type_id=101 AND mk.keyword_id>4333;",
    "Cardinality": 1487773,
    "AND Predicate Norm": [
        [
            104,
            1,
            0.920863309352518
        ],
        [
            70,
            2,
            0.14285714285714285
        ],
        [
            74,
            3,
            0.03228763723363817
        ]
    ],
    "Tables": [
        16,
        18,
        19
    ],
    "Joins": [
        "98-71",
        "98-75"
    ]
}