{
    "Query Number": "Synthetic_1600",
    "Query": "SELECT COUNT(*) FROM title t,movie_companies mc,movie_info mi WHERE t.id=mc.movie_id AND t.id=mi.movie_id AND t.production_year>1979 AND mc.company_type_id<2 AND mi.info_type_id>4;",
    "Cardinality": 32712991,
    "AND Predicate Norm": [
        [
            104,
            3,
            0.7122302158273381
        ],
        [
            59,
            1,
            1.0
        ],
        [
            65,
            3,
            0.027522935779816515
        ]
    ],
    "Tables": [
        16,
        12,
        17
    ],
    "Joins": [
        "98-61",
        "98-66"
    ]
}