{
    "Query Number": "Synthetic_1544",
    "Query": "SELECT COUNT(*) FROM title t,cast_info ci,movie_info mi WHERE t.id=ci.movie_id AND t.id=mi.movie_id AND t.kind_id<7 AND t.production_year>2001 AND ci.person_id>246185 AND ci.role_id>8;",
    "Cardinality": 61133040,
    "AND Predicate Norm": [
        [
            101,
            1,
            1.0
        ],
        [
            104,
            3,
            0.8705035971223022
        ],
        [
            24,
            3,
            0.0606077167845295
        ],
        [
            26,
            3,
            0.7
        ]
    ],
    "Tables": [
        16,
        2,
        17
    ],
    "Joins": [
        "98-21",
        "98-66"
    ]
}