{
    "Query Number": "Synthetic_1035",
    "Query": "SELECT COUNT(*) FROM title t,movie_info_idx mi_idx,movie_keyword mk WHERE t.id=mi_idx.movie_id AND t.id=mk.movie_id AND t.kind_id<7 AND t.production_year>2010 AND mi_idx.info_type_id>101 AND mk.keyword_id<10780;",
    "Cardinality": 939,
    "AND Predicate Norm": [
        [
            101,
            1,
            1.0
        ],
        [
            104,
            3,
            0.935251798561151
        ],
        [
            70,
            3,
            0.14285714285714285
        ],
        [
            74,
            1,
            0.08033897547123404
        ]
    ],
    "Tables": [
        16,
        18,
        19
    ],
    "Joins": [
        "98-71",
        "98-75"
    ]
}