{
    "Query Number": "Synthetic_1083",
    "Query": "SELECT COUNT(*) FROM title t,cast_info ci WHERE t.id=ci.movie_id AND t.kind_id<7 AND t.production_year<1996 AND ci.person_id<23733;",
    "Cardinality": 39237,
    "AND Predicate Norm": [
        [
            101,
            1,
            1.0
        ],
        [
            104,
            1,
            0.8345323741007195
        ],
        [
            24,
            1,
            0.005842550022464718
        ]
    ],
    "Tables": [
        16,
        2
    ],
    "Joins": [
        "98-21"
    ]
}