{
    "Query Number": "Synthetic_1782",
    "Query": "SELECT COUNT(*) FROM title t,cast_info ci,movie_info mi WHERE t.id=ci.movie_id AND t.id=mi.movie_id AND t.production_year<1911 AND ci.person_id>782701 AND ci.role_id<2 AND mi.info_type_id>1;",
    "Cardinality": 64101,
    "AND Predicate Norm": [
        [
            104,
            1,
            0.22302158273381295
        ],
        [
            24,
            3,
            0.19269188869809264
        ],
        [
            26,
            1,
            0.1
        ],
        [
            65,
            3,
            0.0
        ]
    ],
    "Tables": [
        16,
        2,
        17
    ],
    "Joins": [
        "98-21",
        "98-66"
    ]
}