{
    "Query Number": "Synthetic_1887",
    "Query": "SELECT COUNT(*) FROM title t,movie_keyword mk WHERE t.id=mk.movie_id AND t.kind_id=7 AND t.production_year>1976 AND mk.keyword_id<888;",
    "Cardinality": 95862,
    "AND Predicate Norm": [
        [
            101,
            2,
            1.0
        ],
        [
            104,
            3,
            0.6906474820143885
        ],
        [
            74,
            1,
            0.00661106514917753
        ]
    ],
    "Tables": [
        16,
        19
    ],
    "Joins": [
        "98-75"
    ]
}