{
    "Query Number": "Synthetic_1377",
    "Query": "SELECT COUNT(*) FROM title t,movie_companies mc WHERE t.id=mc.movie_id AND t.kind_id<7 AND t.production_year=2012 AND mc.company_id<5653;",
    "Cardinality": 16385,
    "AND Predicate Norm": [
        [
            101,
            1,
            1.0
        ],
        [
            104,
            2,
            0.9496402877697842
        ],
        [
            58,
            1,
            0.024051473216565387
        ]
    ],
    "Tables": [
        16,
        12
    ],
    "Joins": [
        "98-61"
    ]
}