{
    "Query Number": "Synthetic_1001",
    "Query": "SELECT COUNT(*) FROM title t,movie_info mi WHERE t.id=mi.movie_id AND t.kind_id=1 AND t.production_year=1965 AND mi.info_type_id<16;",
    "Cardinality": 30067,
    "AND Predicate Norm": [
        [
            101,
            2,
            0.0
        ],
        [
            104,
            2,
            0.6115107913669064
        ],
        [
            65,
            1,
            0.13761467889908258
        ]
    ],
    "Tables": [
        16,
        17
    ],
    "Joins": [
        "98-66"
    ]
}