{
    "Query Number": "Synthetic_1113",
    "Query": "SELECT COUNT(*) FROM title t,movie_companies mc,movie_info mi WHERE t.id=mc.movie_id AND t.id=mi.movie_id AND t.kind_id>1 AND t.production_year<2008 AND mc.company_id<16396 AND mc.company_type_id=1 AND mi.info_type_id=2;",
    "Cardinality": 366454,
    "AND Predicate Norm": [
        [
            101,
            3,
            0.0
        ],
        [
            104,
            1,
            0.920863309352518
        ],
        [
            58,
            1,
            0.06976714497268038
        ],
        [
            59,
            2,
            0.0
        ],
        [
            65,
            2,
            0.009174311926605505
        ]
    ],
    "Tables": [
        16,
        12,
        17
    ],
    "Joins": [
        "98-61",
        "98-66"
    ]
}