{
    "Query Number": "Synthetic_1358",
    "Query": "SELECT COUNT(*) FROM title t,cast_info ci,movie_info_idx mi_idx WHERE t.id=ci.movie_id AND t.id=mi_idx.movie_id AND ci.person_id<3465010 AND ci.role_id=1 AND mi_idx.info_type_id=100;",
    "Cardinality": 4798120,
    "AND Predicate Norm": [
        [
            24,
            1,
            0.85304603113056
        ],
        [
            26,
            2,
            0.0
        ],
        [
            70,
            2,
            0.07142857142857142
        ]
    ],
    "Tables": [
        16,
        2,
        18
    ],
    "Joins": [
        "98-21",
        "98-71"
    ]
}