{
    "Query Number": "Synthetic_1225",
    "Query": "SELECT COUNT(*) FROM title t,cast_info ci,movie_info mi WHERE t.id=ci.movie_id AND t.id=mi.movie_id AND t.kind_id=1 AND ci.role_id>1 AND mi.info_type_id=7;",
    "Cardinality": 14061790,
    "AND Predicate Norm": [
        [
            101,
            2,
            0.0
        ],
        [
            26,
            3,
            0.0
        ],
        [
            65,
            2,
            0.05504587155963303
        ]
    ],
    "Tables": [
        16,
        2,
        17
    ],
    "Joins": [
        "98-21",
        "98-66"
    ]
}