{
    "Query Number": "Synthetic_1424",
    "Query": "SELECT COUNT(*) FROM title t,cast_info ci,movie_info_idx mi_idx WHERE t.id=ci.movie_id AND t.id=mi_idx.movie_id AND t.production_year>1950 AND ci.person_id>2766384 AND ci.role_id<6 AND mi_idx.info_type_id>101;",
    "Cardinality": 481,
    "AND Predicate Norm": [
        [
            104,
            3,
            0.5035971223021583
        ],
        [
            24,
            3,
            0.6810522104667122
        ],
        [
            26,
            1,
            0.5
        ],
        [
            70,
            3,
            0.14285714285714285
        ]
    ],
    "Tables": [
        16,
        2,
        18
    ],
    "Joins": [
        "98-21",
        "98-71"
    ]
}