{
    "Query Number": "Synthetic_1879",
    "Query": "SELECT COUNT(*) FROM title t,movie_info mi,movie_keyword mk WHERE t.id=mi.movie_id AND t.id=mk.movie_id AND t.kind_id=7 AND mk.keyword_id>20330;",
    "Cardinality": 1494318,
    "AND Predicate Norm": [
        [
            101,
            2,
            1.0
        ],
        [
            74,
            3,
            0.15151786180116122
        ]
    ],
    "Tables": [
        16,
        17,
        19
    ],
    "Joins": [
        "98-66",
        "98-75"
    ]
}