{
    "Query Number": "Synthetic_1673",
    "Query": "SELECT COUNT(*) FROM title t,movie_companies mc,cast_info ci WHERE t.id=mc.movie_id AND t.id=ci.movie_id AND t.kind_id<7 AND t.production_year<1961 AND mc.company_id>119692 AND ci.person_id>1463862 AND ci.role_id>1;",
    "Cardinality": 144750,
    "AND Predicate Norm": [
        [
            101,
            1,
            1.0
        ],
        [
            104,
            1,
            0.5827338129496403
        ],
        [
            58,
            3,
            0.5093320737374253
        ],
        [
            24,
            3,
            0.3603860238679936
        ],
        [
            26,
            3,
            0.0
        ]
    ],
    "Tables": [
        16,
        12,
        2
    ],
    "Joins": [
        "98-61",
        "98-21"
    ]
}