{
    "Query Number": "Synthetic_1634",
    "Query": "SELECT COUNT(*) FROM title t,movie_companies mc,movie_keyword mk WHERE t.id=mc.movie_id AND t.id=mk.movie_id AND t.production_year>2005 AND mc.company_id>11402 AND mk.keyword_id>115;",
    "Cardinality": 4902610,
    "AND Predicate Norm": [
        [
            104,
            3,
            0.8992805755395683
        ],
        [
            58,
            3,
            0.04851571941650071
        ],
        [
            74,
            3,
            0.0008496746640431098
        ]
    ],
    "Tables": [
        16,
        12,
        19
    ],
    "Joins": [
        "98-61",
        "98-75"
    ]
}