{
    "Query Number": "Synthetic_1025",
    "Query": "SELECT COUNT(*) FROM title t,movie_info mi,movie_keyword mk WHERE t.id=mi.movie_id AND t.id=mk.movie_id AND t.production_year=2013 AND mk.keyword_id>5408;",
    "Cardinality": 442855,
    "AND Predicate Norm": [
        [
            104,
            2,
            0.9568345323741008
        ],
        [
            74,
            3,
            0.04029992024983416
        ]
    ],
    "Tables": [
        16,
        17,
        19
    ],
    "Joins": [
        "98-66",
        "98-75"
    ]
}