{
    "Query Number": "Synthetic_1130",
    "Query": "SELECT COUNT(*) FROM title t,movie_companies mc,movie_info_idx mi_idx WHERE t.id=mc.movie_id AND t.id=mi_idx.movie_id AND t.production_year<2011 AND mc.company_type_id=2;",
    "Cardinality": 1568877,
    "AND Predicate Norm": [
        [
            104,
            1,
            0.9424460431654677
        ],
        [
            59,
            2,
            1.0
        ]
    ],
    "Tables": [
        16,
        12,
        18
    ],
    "Joins": [
        "98-61",
        "98-71"
    ]
}