{
    "Query Number": "Synthetic_1692",
    "Query": "SELECT COUNT(*) FROM title t,movie_companies mc WHERE t.id=mc.movie_id AND t.kind_id=7 AND t.production_year>2005 AND mc.company_id>71188;",
    "Cardinality": 62338,
    "AND Predicate Norm": [
        [
            101,
            2,
            1.0
        ],
        [
            104,
            3,
            0.8992805755395683
        ],
        [
            58,
            3,
            0.3029285604861359
        ]
    ],
    "Tables": [
        16,
        12
    ],
    "Joins": [
        "98-61"
    ]
}