{
    "Query Number": "Synthetic_1712",
    "Query": "SELECT COUNT(*) FROM title t,movie_companies mc,movie_info mi WHERE t.id=mc.movie_id AND t.id=mi.movie_id AND t.kind_id=7 AND t.production_year<2008 AND mi.info_type_id=3;",
    "Cardinality": 28067,
    "AND Predicate Norm": [
        [
            101,
            2,
            1.0
        ],
        [
            104,
            1,
            0.920863309352518
        ],
        [
            65,
            2,
            0.01834862385321101
        ]
    ],
    "Tables": [
        16,
        12,
        17
    ],
    "Joins": [
        "98-61",
        "98-66"
    ]
}