{
    "Query Number": "Synthetic_1078",
    "Query": "SELECT COUNT(*) FROM title t,movie_companies mc,movie_info_idx mi_idx WHERE t.id=mc.movie_id AND t.id=mi_idx.movie_id AND mc.company_id<55195 AND mc.company_type_id<2;",
    "Cardinality": 2294388,
    "AND Predicate Norm": [
        [
            58,
            1,
            0.23487208292907114
        ],
        [
            59,
            1,
            1.0
        ]
    ],
    "Tables": [
        16,
        12,
        18
    ],
    "Joins": [
        "98-61",
        "98-71"
    ]
}