{
    "Query Number": "Synthetic_1788",
    "Query": "SELECT COUNT(*) FROM title t,cast_info ci,movie_info_idx mi_idx WHERE t.id=ci.movie_id AND t.id=mi_idx.movie_id AND t.kind_id>1 AND ci.person_id>374978 AND ci.role_id=10;",
    "Cardinality": 4141386,
    "AND Predicate Norm": [
        [
            101,
            3,
            0.0
        ],
        [
            24,
            3,
            0.09231509690602362
        ],
        [
            26,
            2,
            0.9
        ]
    ],
    "Tables": [
        16,
        2,
        18
    ],
    "Joins": [
        "98-21",
        "98-71"
    ]
}