{
    "Query Number": "Synthetic_1229",
    "Query": "SELECT COUNT(*) FROM title t,movie_companies mc,movie_keyword mk WHERE t.id=mc.movie_id AND t.id=mk.movie_id AND t.kind_id=7 AND mk.keyword_id<2375;",
    "Cardinality": 487741,
    "AND Predicate Norm": [
        [
            101,
            2,
            1.0
        ],
        [
            74,
            1,
            0.017694102214371427
        ]
    ],
    "Tables": [
        16,
        12,
        19
    ],
    "Joins": [
        "98-61",
        "98-75"
    ]
}