{
    "Query Number": "Synthetic_1627",
    "Query": "SELECT COUNT(*) FROM title t,cast_info ci,movie_info mi WHERE t.id=ci.movie_id AND t.id=mi.movie_id AND ci.person_id>2778165 AND ci.role_id<4;",
    "Cardinality": 15471846,
    "AND Predicate Norm": [
        [
            24,
            3,
            0.6839525594391822
        ],
        [
            26,
            1,
            0.3
        ]
    ],
    "Tables": [
        16,
        2,
        17
    ],
    "Joins": [
        "98-21",
        "98-66"
    ]
}