{
    "Query Number": "Synthetic_1827",
    "Query": "SELECT COUNT(*) FROM title t,cast_info ci WHERE t.id=ci.movie_id AND t.kind_id=4 AND t.production_year>0 AND ci.person_id<512522 AND ci.role_id>1;",
    "Cardinality": 57833,
    "AND Predicate Norm": [
        [
            101,
            2,
            0.5
        ],
        [
            104,
            3,
            -13.525179856115107
        ],
        [
            24,
            1,
            0.12617687426528063
        ],
        [
            26,
            3,
            0.0
        ]
    ],
    "Tables": [
        16,
        2
    ],
    "Joins": [
        "98-21"
    ]
}