{
    "Query Number": "Synthetic_1607",
    "Query": "SELECT COUNT(*) FROM title t,cast_info ci WHERE t.id=ci.movie_id AND t.kind_id>1 AND t.production_year=2003 AND ci.person_id<302335 AND ci.role_id=1;",
    "Cardinality": 48093,
    "AND Predicate Norm": [
        [
            101,
            3,
            0.0
        ],
        [
            104,
            2,
            0.8848920863309353
        ],
        [
            24,
            1,
            0.07443121180228586
        ],
        [
            26,
            2,
            0.0
        ]
    ],
    "Tables": [
        16,
        2
    ],
    "Joins": [
        "98-21"
    ]
}