{
    "Query Number": "Synthetic_1830",
    "Query": "SELECT COUNT(*) FROM title t,movie_companies mc WHERE t.id=mc.movie_id AND t.production_year<1993 AND mc.company_id<3296 AND mc.company_type_id=1;",
    "Cardinality": 278025,
    "AND Predicate Norm": [
        [
            104,
            1,
            0.8129496402877698
        ],
        [
            58,
            1,
            0.01402151525983421
        ],
        [
            59,
            2,
            0.0
        ]
    ],
    "Tables": [
        16,
        12
    ],
    "Joins": [
        "98-61"
    ]
}