{
    "Query Number": "Synthetic_1479",
    "Query": "SELECT COUNT(*) FROM title t,movie_companies mc,cast_info ci WHERE t.id=mc.movie_id AND t.id=ci.movie_id AND t.kind_id=7 AND mc.company_id>4625 AND mc.company_type_id<2;",
    "Cardinality": 269247,
    "AND Predicate Norm": [
        [
            101,
            2,
            1.0
        ],
        [
            58,
            3,
            0.01967693067116036
        ],
        [
            59,
            1,
            1.0
        ]
    ],
    "Tables": [
        16,
        12,
        2
    ],
    "Joins": [
        "98-61",
        "98-21"
    ]
}