{
    "Query Number": "Synthetic_1301",
    "Query": "SELECT COUNT(*) FROM title t,movie_info mi,movie_info_idx mi_idx WHERE t.id=mi.movie_id AND t.id=mi_idx.movie_id AND t.production_year<1999 AND mi.info_type_id=1 AND mi_idx.info_type_id=100;",
    "Cardinality": 174603,
    "AND Predicate Norm": [
        [
            104,
            1,
            0.8561151079136691
        ],
        [
            65,
            2,
            0.0
        ],
        [
            70,
            2,
            0.07142857142857142
        ]
    ],
    "Tables": [
        16,
        17,
        18
    ],
    "Joins": [
        "98-66",
        "98-71"
    ]
}