{
    "Query Number": "Synthetic_1957",
    "Query": "SELECT COUNT(*) FROM title t,movie_info_idx mi_idx,movie_keyword mk WHERE t.id=mi_idx.movie_id AND t.id=mk.movie_id AND t.kind_id>4 AND mk.keyword_id>178;",
    "Cardinality": 1216062,
    "AND Predicate Norm": [
        [
            101,
            3,
            0.5
        ],
        [
            74,
            3,
            0.0013192317152248283
        ]
    ],
    "Tables": [
        16,
        18,
        19
    ],
    "Joins": [
        "98-71",
        "98-75"
    ]
}