{
    "Query Number": "Synthetic_1379",
    "Query": "SELECT COUNT(*) FROM title t,cast_info ci WHERE t.id=ci.movie_id AND t.kind_id>1 AND t.production_year<1995 AND ci.person_id<2817171 AND ci.role_id<8;",
    "Cardinality": 4544210,
    "AND Predicate Norm": [
        [
            101,
            3,
            0.0
        ],
        [
            104,
            1,
            0.8273381294964028
        ],
        [
            24,
            1,
            0.6935553955329062
        ],
        [
            26,
            1,
            0.7
        ]
    ],
    "Tables": [
        16,
        2
    ],
    "Joins": [
        "98-21"
    ]
}