{
    "Query Number": "Synthetic_1041",
    "Query": "SELECT COUNT(*) FROM title t,movie_companies mc,movie_info_idx mi_idx WHERE t.id=mc.movie_id AND t.id=mi_idx.movie_id AND t.production_year=2011 AND mc.company_id<6 AND mc.company_type_id=2 AND mi_idx.info_type_id=100;",
    "Cardinality": 4,
    "AND Predicate Norm": [
        [
            104,
            2,
            0.9424460431654677
        ],
        [
            58,
            1,
            2.127695790566648e-05
        ],
        [
            59,
            2,
            1.0
        ],
        [
            70,
            2,
            0.07142857142857142
        ]
    ],
    "Tables": [
        16,
        12,
        18
    ],
    "Joins": [
        "98-61",
        "98-71"
    ]
}