{
    "Query Number": "Synthetic_1070",
    "Query": "SELECT COUNT(*) FROM title t,cast_info ci,movie_info mi WHERE t.id=ci.movie_id AND t.id=mi.movie_id AND t.kind_id<7 AND t.production_year<1997 AND mi.info_type_id<3;",
    "Cardinality": 11395781,
    "AND Predicate Norm": [
        [
            101,
            1,
            1.0
        ],
        [
            104,
            1,
            0.841726618705036
        ],
        [
            65,
            1,
            0.01834862385321101
        ]
    ],
    "Tables": [
        16,
        2,
        17
    ],
    "Joins": [
        "98-21",
        "98-66"
    ]
}