{
    "Query Number": "Synthetic_1680",
    "Query": "SELECT COUNT(*) FROM title t,movie_info_idx mi_idx WHERE t.id=mi_idx.movie_id AND t.kind_id>1 AND t.production_year<1952 AND mi_idx.info_type_id<101;",
    "Cardinality": 1190,
    "AND Predicate Norm": [
        [
            101,
            3,
            0.0
        ],
        [
            104,
            1,
            0.5179856115107914
        ],
        [
            70,
            1,
            0.14285714285714285
        ]
    ],
    "Tables": [
        16,
        18
    ],
    "Joins": [
        "98-71"
    ]
}