{
    "Query Number": "Synthetic_1675",
    "Query": "SELECT COUNT(*) FROM title t,movie_info_idx mi_idx,movie_keyword mk WHERE t.id=mi_idx.movie_id AND t.id=mk.movie_id AND t.production_year>1938 AND mk.keyword_id=53994;",
    "Cardinality": 78,
    "AND Predicate Norm": [
        [
            104,
            3,
            0.4172661870503597
        ],
        [
            74,
            2,
            0.4024252994357862
        ]
    ],
    "Tables": [
        16,
        18,
        19
    ],
    "Joins": [
        "98-71",
        "98-75"
    ]
}