{
    "Query Number": "Synthetic_1219",
    "Query": "SELECT COUNT(*) FROM title t,cast_info ci,movie_info_idx mi_idx WHERE t.id=ci.movie_id AND t.id=mi_idx.movie_id AND ci.person_id<1860728 AND ci.role_id>2;",
    "Cardinality": 6470556,
    "AND Predicate Norm": [
        [
            24,
            1,
            0.45808994503837464
        ],
        [
            26,
            3,
            0.1
        ]
    ],
    "Tables": [
        16,
        2,
        18
    ],
    "Joins": [
        "98-21",
        "98-71"
    ]
}