{
    "Query Number": "Synthetic_1722",
    "Query": "SELECT COUNT(*) FROM title t,movie_companies mc,movie_keyword mk WHERE t.id=mc.movie_id AND t.id=mk.movie_id AND t.kind_id>2 AND t.production_year=1959 AND mc.company_id>75472;",
    "Cardinality": 2586,
    "AND Predicate Norm": [
        [
            101,
            3,
            0.16666666666666666
        ],
        [
            104,
            2,
            0.5683453237410072
        ],
        [
            58,
            3,
            0.321158658019711
        ]
    ],
    "Tables": [
        16,
        12,
        19
    ],
    "Joins": [
        "98-61",
        "98-75"
    ]
}