{
    "Query Number": "Synthetic_1450",
    "Query": "SELECT COUNT(*) FROM title t,movie_info mi,movie_keyword mk WHERE t.id=mi.movie_id AND t.id=mk.movie_id AND t.kind_id<2 AND t.production_year>2003 AND mi.info_type_id>15;",
    "Cardinality": 41826111,
    "AND Predicate Norm": [
        [
            101,
            1,
            0.16666666666666666
        ],
        [
            104,
            3,
            0.8848920863309353
        ],
        [
            65,
            3,
            0.12844036697247707
        ]
    ],
    "Tables": [
        16,
        17,
        19
    ],
    "Joins": [
        "98-66",
        "98-75"
    ]
}