{
    "Query Number": "Synthetic_1492",
    "Query": "SELECT COUNT(*) FROM title t,cast_info ci,movie_info_idx mi_idx WHERE t.id=ci.movie_id AND t.id=mi_idx.movie_id AND t.kind_id>1 AND t.production_year>1955 AND ci.person_id=3138029 AND ci.role_id>3;",
    "Cardinality": 3,
    "AND Predicate Norm": [
        [
            101,
            3,
            0.0
        ],
        [
            104,
            3,
            0.539568345323741
        ],
        [
            24,
            2,
            0.7725470066532494
        ],
        [
            26,
            3,
            0.2
        ]
    ],
    "Tables": [
        16,
        2,
        18
    ],
    "Joins": [
        "98-21",
        "98-71"
    ]
}