{
    "Query Number": "Synthetic_1123",
    "Query": "SELECT COUNT(*) FROM title t,movie_info mi,movie_keyword mk WHERE t.id=mi.movie_id AND t.id=mk.movie_id AND t.kind_id=4 AND mk.keyword_id<7609;",
    "Cardinality": 2891180,
    "AND Predicate Norm": [
        [
            101,
            2,
            0.5
        ],
        [
            74,
            1,
            0.05670460389508754
        ]
    ],
    "Tables": [
        16,
        17,
        19
    ],
    "Joins": [
        "98-66",
        "98-75"
    ]
}