{
    "Query Number": "Synthetic_1683",
    "Query": "SELECT COUNT(*) FROM title t,movie_companies mc WHERE t.id=mc.movie_id AND t.kind_id>1 AND mc.company_id<62000 AND mc.company_type_id>1;",
    "Cardinality": 412497,
    "AND Predicate Norm": [
        [
            101,
            3,
            0.0
        ],
        [
            58,
            1,
            0.2638300226386832
        ],
        [
            59,
            3,
            0.0
        ]
    ],
    "Tables": [
        16,
        12
    ],
    "Joins": [
        "98-61"
    ]
}