{
    "Query Number": "Synthetic_1676",
    "Query": "SELECT COUNT(*) FROM title t,movie_info mi WHERE t.id=mi.movie_id AND t.kind_id=1 AND t.production_year>2002 AND mi.info_type_id<5;",
    "Cardinality": 1260916,
    "AND Predicate Norm": [
        [
            101,
            2,
            0.0
        ],
        [
            104,
            3,
            0.8776978417266187
        ],
        [
            65,
            1,
            0.03669724770642202
        ]
    ],
    "Tables": [
        16,
        17
    ],
    "Joins": [
        "98-66"
    ]
}