{
    "Query Number": "Synthetic_1273",
    "Query": "SELECT COUNT(*) FROM title t,movie_companies mc,movie_info mi WHERE t.id=mc.movie_id AND t.id=mi.movie_id AND mc.company_id<92918 AND mc.company_type_id=2;",
    "Cardinality": 13947885,
    "AND Predicate Norm": [
        [
            58,
            1,
            0.39539821954416243
        ],
        [
            59,
            2,
            1.0
        ]
    ],
    "Tables": [
        16,
        12,
        17
    ],
    "Joins": [
        "98-61",
        "98-66"
    ]
}