{
    "Query Number": "Synthetic_1457",
    "Query": "SELECT COUNT(*) FROM title t,cast_info ci,movie_info_idx mi_idx WHERE t.id=ci.movie_id AND t.id=mi_idx.movie_id AND t.production_year=1979 AND mi_idx.info_type_id=100;",
    "Cardinality": 102338,
    "AND Predicate Norm": [
        [
            104,
            2,
            0.7122302158273381
        ],
        [
            70,
            2,
            0.07142857142857142
        ]
    ],
    "Tables": [
        16,
        2,
        18
    ],
    "Joins": [
        "98-21",
        "98-71"
    ]
}