{
    "Query Number": "Synthetic_1175",
    "Query": "SELECT COUNT(*) FROM title t,movie_companies mc,movie_info mi WHERE t.id=mc.movie_id AND t.id=mi.movie_id AND t.kind_id<4 AND mc.company_id>44198 AND mc.company_type_id=1 AND mi.info_type_id=8;",
    "Cardinality": 34299,
    "AND Predicate Norm": [
        [
            101,
            1,
            0.5
        ],
        [
            58,
            3,
            0.18807554171134827
        ],
        [
            59,
            2,
            0.0
        ],
        [
            65,
            2,
            0.06422018348623854
        ]
    ],
    "Tables": [
        16,
        12,
        17
    ],
    "Joins": [
        "98-61",
        "98-66"
    ]
}