{
    "Query Number": "Synthetic_1772",
    "Query": "SELECT COUNT(*) FROM title t,movie_keyword mk WHERE t.id=mk.movie_id AND t.kind_id<7 AND t.production_year>0 AND mk.keyword_id=748;",
    "Cardinality": 1980,
    "AND Predicate Norm": [
        [
            101,
            1,
            1.0
        ],
        [
            104,
            3,
            -13.525179856115107
        ],
        [
            74,
            2,
            0.005567605035440378
        ]
    ],
    "Tables": [
        16,
        19
    ],
    "Joins": [
        "98-75"
    ]
}