{
    "Query Number": "Synthetic_1204",
    "Query": "SELECT COUNT(*) FROM title t,cast_info ci,movie_keyword mk WHERE t.id=ci.movie_id AND t.id=mk.movie_id AND t.kind_id<7 AND t.production_year<2009 AND ci.role_id>1 AND mk.keyword_id>4989;",
    "Cardinality": 48113797,
    "AND Predicate Norm": [
        [
            101,
            1,
            1.0
        ],
        [
            104,
            1,
            0.9280575539568345
        ],
        [
            26,
            3,
            0.0
        ],
        [
            74,
            3,
            0.0371769931951494
        ]
    ],
    "Tables": [
        16,
        2,
        19
    ],
    "Joins": [
        "98-21",
        "98-75"
    ]
}