{
    "Query Number": "Synthetic_1549",
    "Query": "SELECT COUNT(*) FROM title t,movie_companies mc,movie_keyword mk WHERE t.id=mc.movie_id AND t.id=mk.movie_id AND mc.company_id>7876 AND mk.keyword_id<47;",
    "Cardinality": 91330,
    "AND Predicate Norm": [
        [
            58,
            3,
            0.033511208701424704
        ],
        [
            74,
            1,
            0.0003428511802279215
        ]
    ],
    "Tables": [
        16,
        12,
        19
    ],
    "Joins": [
        "98-61",
        "98-75"
    ]
}