{
    "Query Number": "Synthetic_1421",
    "Query": "SELECT COUNT(*) FROM title t,movie_info mi,movie_keyword mk WHERE t.id=mi.movie_id AND t.id=mk.movie_id AND mi.info_type_id<2 AND mk.keyword_id>73302;",
    "Cardinality": 176075,
    "AND Predicate Norm": [
        [
            65,
            1,
            0.009174311926605505
        ],
        [
            74,
            3,
            0.546333355693193
        ]
    ],
    "Tables": [
        16,
        17,
        19
    ],
    "Joins": [
        "98-66",
        "98-75"
    ]
}