{
    "Query Number": "Synthetic_1821",
    "Query": "SELECT COUNT(*) FROM title t,cast_info ci,movie_info_idx mi_idx WHERE t.id=ci.movie_id AND t.id=mi_idx.movie_id AND ci.person_id>1805864 AND mi_idx.info_type_id<100;",
    "Cardinality": 6535964,
    "AND Predicate Norm": [
        [
            24,
            3,
            0.44458304867765897
        ],
        [
            70,
            1,
            0.07142857142857142
        ]
    ],
    "Tables": [
        16,
        2,
        18
    ],
    "Joins": [
        "98-21",
        "98-71"
    ]
}