{
    "Query Number": "Synthetic_1926",
    "Query": "SELECT COUNT(*) FROM title t,movie_companies mc,movie_keyword mk WHERE t.id=mc.movie_id AND t.id=mk.movie_id AND t.kind_id<7 AND mk.keyword_id>57;",
    "Cardinality": 32996314,
    "AND Predicate Norm": [
        [
            101,
            1,
            1.0
        ],
        [
            74,
            3,
            0.00041738404549486094
        ]
    ],
    "Tables": [
        16,
        12,
        19
    ],
    "Joins": [
        "98-61",
        "98-75"
    ]
}