{
    "Query Number": "Synthetic_1352",
    "Query": "SELECT COUNT(*) FROM title t,movie_info mi,movie_keyword mk WHERE t.id=mi.movie_id AND t.id=mk.movie_id AND mi.info_type_id<8 AND mk.keyword_id<3052;",
    "Cardinality": 23612720,
    "AND Predicate Norm": [
        [
            65,
            1,
            0.06422018348623854
        ],
        [
            74,
            1,
            0.02273997719294323
        ]
    ],
    "Tables": [
        16,
        17,
        19
    ],
    "Joins": [
        "98-66",
        "98-75"
    ]
}