{
    "Query Number": "Synthetic_1661",
    "Query": "SELECT COUNT(*) FROM title t,movie_info_idx mi_idx,movie_keyword mk WHERE t.id=mi_idx.movie_id AND t.id=mk.movie_id AND t.kind_id>3 AND t.production_year=2011 AND mk.keyword_id>7525;",
    "Cardinality": 45945,
    "AND Predicate Norm": [
        [
            101,
            3,
            0.3333333333333333
        ],
        [
            104,
            2,
            0.9424460431654677
        ],
        [
            74,
            3,
            0.05607852782684525
        ]
    ],
    "Tables": [
        16,
        18,
        19
    ],
    "Joins": [
        "98-71",
        "98-75"
    ]
}