{
    "Query Number": "Synthetic_1188",
    "Query": "SELECT COUNT(*) FROM title t,cast_info ci WHERE t.id=ci.movie_id AND t.kind_id>1 AND t.production_year=1984 AND ci.person_id<2647438 AND ci.role_id>10;",
    "Cardinality": 262,
    "AND Predicate Norm": [
        [
            101,
            3,
            0.0
        ],
        [
            104,
            2,
            0.7482014388489209
        ],
        [
            24,
            1,
            0.6517690503886704
        ],
        [
            26,
            3,
            0.9
        ]
    ],
    "Tables": [
        16,
        2
    ],
    "Joins": [
        "98-21"
    ]
}