{
    "Query Number": "Synthetic_1465",
    "Query": "SELECT COUNT(*) FROM title t,movie_info mi,movie_keyword mk WHERE t.id=mi.movie_id AND t.id=mk.movie_id AND t.kind_id<7 AND mi.info_type_id=7 AND mk.keyword_id>1064;",
    "Cardinality": 9901870,
    "AND Predicate Norm": [
        [
            101,
            1,
            1.0
        ],
        [
            65,
            2,
            0.05504587155963303
        ],
        [
            74,
            3,
            0.007922843577875665
        ]
    ],
    "Tables": [
        16,
        17,
        19
    ],
    "Joins": [
        "98-66",
        "98-75"
    ]
}