{
    "Query Number": "Synthetic_1205",
    "Query": "SELECT COUNT(*) FROM title t,movie_companies mc,movie_info mi WHERE t.id=mc.movie_id AND t.id=mi.movie_id AND t.production_year=1998 AND mc.company_type_id=1 AND mi.info_type_id=3;",
    "Cardinality": 29669,
    "AND Predicate Norm": [
        [
            104,
            2,
            0.8489208633093526
        ],
        [
            59,
            2,
            0.0
        ],
        [
            65,
            2,
            0.01834862385321101
        ]
    ],
    "Tables": [
        16,
        12,
        17
    ],
    "Joins": [
        "98-61",
        "98-66"
    ]
}