{
    "Query Number": "Synthetic_1524",
    "Query": "SELECT COUNT(*) FROM title t,cast_info ci,movie_info mi WHERE t.id=ci.movie_id AND t.id=mi.movie_id AND t.kind_id<7 AND t.production_year>1929 AND mi.info_type_id<7;",
    "Cardinality": 100094515,
    "AND Predicate Norm": [
        [
            101,
            1,
            1.0
        ],
        [
            104,
            3,
            0.35251798561151076
        ],
        [
            65,
            1,
            0.05504587155963303
        ]
    ],
    "Tables": [
        16,
        2,
        17
    ],
    "Joins": [
        "98-21",
        "98-66"
    ]
}