{
    "Query Number": "Synthetic_1787",
    "Query": "SELECT COUNT(*) FROM title t,cast_info ci,movie_info_idx mi_idx WHERE t.id=ci.movie_id AND t.id=mi_idx.movie_id AND t.kind_id=1 AND ci.person_id<2878634 AND ci.role_id<2;",
    "Cardinality": 7421510,
    "AND Predicate Norm": [
        [
            101,
            2,
            0.0
        ],
        [
            24,
            1,
            0.7086868910676588
        ],
        [
            26,
            1,
            0.1
        ]
    ],
    "Tables": [
        16,
        2,
        18
    ],
    "Joins": [
        "98-21",
        "98-71"
    ]
}