{
    "Query Number": "Synthetic_1325",
    "Query": "SELECT COUNT(*) FROM title t,cast_info ci WHERE t.id=ci.movie_id AND t.production_year<2003 AND ci.person_id>1143923 AND ci.role_id<2;",
    "Cardinality": 2196840,
    "AND Predicate Norm": [
        [
            104,
            1,
            0.8848920863309353
        ],
        [
            24,
            3,
            0.2816206601549758
        ],
        [
            26,
            1,
            0.1
        ]
    ],
    "Tables": [
        16,
        2
    ],
    "Joins": [
        "98-21"
    ]
}