{
    "Query Number": "Synthetic_1484",
    "Query": "SELECT COUNT(*) FROM title t,cast_info ci,movie_keyword mk WHERE t.id=ci.movie_id AND t.id=mk.movie_id AND t.kind_id=1 AND t.production_year>2004 AND ci.person_id>395340 AND ci.role_id=1 AND mk.keyword_id>500;",
    "Cardinality": 12494618,
    "AND Predicate Norm": [
        [
            101,
            2,
            0.0
        ],
        [
            104,
            3,
            0.8920863309352518
        ],
        [
            24,
            3,
            0.09732799103873163
        ],
        [
            26,
            2,
            0.0
        ],
        [
            74,
            3,
            0.003719189976820279
        ]
    ],
    "Tables": [
        16,
        2,
        19
    ],
    "Joins": [
        "98-21",
        "98-75"
    ]
}