{
    "Query Number": "Synthetic_1945",
    "Query": "SELECT COUNT(*) FROM title t,movie_companies mc WHERE t.id=mc.movie_id AND t.kind_id<7 AND t.production_year>2008 AND mc.company_id<240 AND mc.company_type_id=1;",
    "Cardinality": 14139,
    "AND Predicate Norm": [
        [
            101,
            1,
            1.0
        ],
        [
            104,
            3,
            0.920863309352518
        ],
        [
            58,
            1,
            0.0010170385878908578
        ],
        [
            59,
            2,
            0.0
        ]
    ],
    "Tables": [
        16,
        12
    ],
    "Joins": [
        "98-61"
    ]
}