{
    "Query Number": "Synthetic_1552",
    "Query": "SELECT COUNT(*) FROM title t,movie_companies mc,movie_keyword mk WHERE t.id=mc.movie_id AND t.id=mk.movie_id AND t.kind_id<7 AND mc.company_id<3721 AND mk.keyword_id>115;",
    "Cardinality": 11906789,
    "AND Predicate Norm": [
        [
            101,
            1,
            1.0
        ],
        [
            58,
            1,
            0.01583005668181586
        ],
        [
            74,
            3,
            0.0008496746640431098
        ]
    ],
    "Tables": [
        16,
        12,
        19
    ],
    "Joins": [
        "98-61",
        "98-75"
    ]
}