{
    "Query Number": "Synthetic_1966",
    "Query": "SELECT COUNT(*) FROM title t,cast_info ci,movie_info mi WHERE t.id=ci.movie_id AND t.id=mi.movie_id AND t.production_year=2012 AND ci.person_id>2648471 AND mi.info_type_id=1;",
    "Cardinality": 278418,
    "AND Predicate Norm": [
        [
            104,
            2,
            0.9496402877697842
        ],
        [
            24,
            3,
            0.6520233633068065
        ],
        [
            65,
            2,
            0.0
        ]
    ],
    "Tables": [
        16,
        2,
        17
    ],
    "Joins": [
        "98-21",
        "98-66"
    ]
}