{
    "Query Number": "Synthetic_1534",
    "Query": "SELECT COUNT(*) FROM title t,movie_companies mc,movie_info mi WHERE t.id=mc.movie_id AND t.id=mi.movie_id AND mc.company_id<11245 AND mc.company_type_id<2 AND mi.info_type_id>4;",
    "Cardinality": 27825240,
    "AND Predicate Norm": [
        [
            58,
            1,
            0.04784762293826278
        ],
        [
            59,
            1,
            1.0
        ],
        [
            65,
            3,
            0.027522935779816515
        ]
    ],
    "Tables": [
        16,
        12,
        17
    ],
    "Joins": [
        "98-61",
        "98-66"
    ]
}