{
    "Query Number": "Synthetic_1050",
    "Query": "SELECT COUNT(*) FROM title t,movie_companies mc,cast_info ci WHERE t.id=mc.movie_id AND t.id=ci.movie_id AND t.kind_id=7 AND t.production_year=2005 AND mc.company_id<17738 AND ci.person_id>2037695 AND ci.role_id=2;",
    "Cardinality": 69165,
    "AND Predicate Norm": [
        [
            101,
            2,
            1.0
        ],
        [
            104,
            2,
            0.8992805755395683
        ],
        [
            58,
            1,
            0.07547788047456126
        ],
        [
            24,
            3,
            0.5016572191756372
        ],
        [
            26,
            2,
            0.1
        ]
    ],
    "Tables": [
        16,
        12,
        2
    ],
    "Joins": [
        "98-61",
        "98-21"
    ]
}