{
    "Query Number": "Synthetic_1053",
    "Query": "SELECT COUNT(*) FROM title t,cast_info ci,movie_info_idx mi_idx WHERE t.id=ci.movie_id AND t.id=mi_idx.movie_id AND t.kind_id=7 AND t.production_year>1996 AND ci.person_id<3477122 AND ci.role_id>2;",
    "Cardinality": 4827450,
    "AND Predicate Norm": [
        [
            101,
            2,
            1.0
        ],
        [
            104,
            3,
            0.8345323741007195
        ],
        [
            24,
            1,
            0.8560278685598577
        ],
        [
            26,
            3,
            0.1
        ]
    ],
    "Tables": [
        16,
        2,
        18
    ],
    "Joins": [
        "98-21",
        "98-71"
    ]
}