{
    "Query Number": "Synthetic_1396",
    "Query": "SELECT COUNT(*) FROM title t,movie_info_idx mi_idx,movie_keyword mk WHERE t.id=mi_idx.movie_id AND t.id=mk.movie_id AND mi_idx.info_type_id>99 AND mk.keyword_id<4333;",
    "Cardinality": 3312722,
    "AND Predicate Norm": [
        [
            70,
            3,
            0.0
        ],
        [
            74,
            1,
            0.03228763723363817
        ]
    ],
    "Tables": [
        16,
        18,
        19
    ],
    "Joins": [
        "98-71",
        "98-75"
    ]
}