{
    "Query Number": "Synthetic_1576",
    "Query": "SELECT COUNT(*) FROM title t,movie_companies mc,cast_info ci WHERE t.id=mc.movie_id AND t.id=ci.movie_id AND t.kind_id<7 AND ci.person_id<2787296 AND ci.role_id>1;",
    "Cardinality": 21318452,
    "AND Predicate Norm": [
        [
            101,
            1,
            1.0
        ],
        [
            24,
            1,
            0.6862005083796476
        ],
        [
            26,
            3,
            0.0
        ]
    ],
    "Tables": [
        16,
        12,
        2
    ],
    "Joins": [
        "98-61",
        "98-21"
    ]
}