{
    "Query Number": "Synthetic_1394",
    "Query": "SELECT COUNT(*) FROM title t,movie_info mi WHERE t.id=mi.movie_id AND t.kind_id=7 AND t.production_year>1936 AND mi.info_type_id=107;",
    "Cardinality": 145,
    "AND Predicate Norm": [
        [
            101,
            2,
            1.0
        ],
        [
            104,
            3,
            0.4028776978417266
        ],
        [
            65,
            2,
            0.9724770642201835
        ]
    ],
    "Tables": [
        16,
        17
    ],
    "Joins": [
        "98-66"
    ]
}