{
    "Query Number": "Synthetic_1415",
    "Query": "SELECT COUNT(*) FROM title t,movie_info_idx mi_idx,movie_keyword mk WHERE t.id=mi_idx.movie_id AND t.id=mk.movie_id AND t.kind_id<7 AND mk.keyword_id>1131;",
    "Cardinality": 7112129,
    "AND Predicate Norm": [
        [
            101,
            1,
            1.0
        ],
        [
            74,
            3,
            0.008422213775164158
        ]
    ],
    "Tables": [
        16,
        18,
        19
    ],
    "Joins": [
        "98-71",
        "98-75"
    ]
}