{
    "Query Number": "Synthetic_1599",
    "Query": "SELECT COUNT(*) FROM title t,cast_info ci WHERE t.id=ci.movie_id AND t.kind_id>1 AND t.production_year=2011 AND ci.role_id>10;",
    "Cardinality": 13007,
    "AND Predicate Norm": [
        [
            101,
            3,
            0.0
        ],
        [
            104,
            2,
            0.9424460431654677
        ],
        [
            26,
            3,
            0.9
        ]
    ],
    "Tables": [
        16,
        2
    ],
    "Joins": [
        "98-21"
    ]
}