{
    "Query Number": "Synthetic_1620",
    "Query": "SELECT COUNT(*) FROM title t,movie_info_idx mi_idx,movie_keyword mk WHERE t.id=mi_idx.movie_id AND t.id=mk.movie_id AND t.kind_id<7 AND t.production_year=2008 AND mi_idx.info_type_id>101 AND mk.keyword_id>795;",
    "Cardinality": 1092,
    "AND Predicate Norm": [
        [
            101,
            1,
            1.0
        ],
        [
            104,
            2,
            0.920863309352518
        ],
        [
            70,
            3,
            0.14285714285714285
        ],
        [
            74,
            3,
            0.005917909502194993
        ]
    ],
    "Tables": [
        16,
        18,
        19
    ],
    "Joins": [
        "98-71",
        "98-75"
    ]
}