{
    "Query Number": "Synthetic_1843",
    "Query": "SELECT COUNT(*) FROM title t,movie_companies mc,movie_info mi WHERE t.id=mc.movie_id AND t.id=mi.movie_id AND mc.company_id>15676 AND mi.info_type_id>105;",
    "Cardinality": 1376446,
    "AND Predicate Norm": [
        [
            58,
            3,
            0.06670326303426441
        ],
        [
            65,
            3,
            0.9541284403669725
        ]
    ],
    "Tables": [
        16,
        12,
        17
    ],
    "Joins": [
        "98-61",
        "98-66"
    ]
}