{
    "Query Number": "Synthetic_1366",
    "Query": "SELECT COUNT(*) FROM title t,cast_info ci,movie_keyword mk WHERE t.id=ci.movie_id AND t.id=mk.movie_id AND ci.person_id<777025 AND mk.keyword_id>110;",
    "Cardinality": 48851757,
    "AND Predicate Norm": [
        [
            24,
            1,
            0.19129452168614636
        ],
        [
            74,
            3,
            0.0008124082314096401
        ]
    ],
    "Tables": [
        16,
        2,
        19
    ],
    "Joins": [
        "98-21",
        "98-75"
    ]
}