{
    "Query Number": "Synthetic_1077",
    "Query": "SELECT COUNT(*) FROM title t,cast_info ci,movie_keyword mk WHERE t.id=ci.movie_id AND t.id=mk.movie_id AND t.production_year<2006 AND ci.person_id<4037687;",
    "Cardinality": 141992727,
    "AND Predicate Norm": [
        [
            104,
            1,
            0.9064748201438849
        ],
        [
            24,
            1,
            0.9940326323110348
        ]
    ],
    "Tables": [
        16,
        2,
        19
    ],
    "Joins": [
        "98-21",
        "98-75"
    ]
}