{
    "Query Number": "Synthetic_1977",
    "Query": "SELECT COUNT(*) FROM title t,movie_companies mc,cast_info ci WHERE t.id=mc.movie_id AND t.id=ci.movie_id AND mc.company_id=29106 AND mc.company_type_id>1;",
    "Cardinality": 154,
    "AND Predicate Norm": [
        [
            58,
            2,
            0.12385317196888458
        ],
        [
            59,
            3,
            0.0
        ]
    ],
    "Tables": [
        16,
        12,
        2
    ],
    "Joins": [
        "98-61",
        "98-21"
    ]
}