{
    "Query Number": "Synthetic_1141",
    "Query": "SELECT COUNT(*) FROM title t,cast_info ci,movie_keyword mk WHERE t.id=ci.movie_id AND t.id=mk.movie_id AND t.kind_id=4 AND mk.keyword_id=429;",
    "Cardinality": 2550,
    "AND Predicate Norm": [
        [
            101,
            2,
            0.5
        ],
        [
            74,
            2,
            0.0031900066334250086
        ]
    ],
    "Tables": [
        16,
        2,
        19
    ],
    "Joins": [
        "98-21",
        "98-75"
    ]
}