{
    "Query Number": "Synthetic_1994",
    "Query": "SELECT COUNT(*) FROM title t,movie_companies mc,cast_info ci WHERE t.id=mc.movie_id AND t.id=ci.movie_id AND t.production_year=1998 AND ci.role_id=2;",
    "Cardinality": 247424,
    "AND Predicate Norm": [
        [
            104,
            2,
            0.8489208633093526
        ],
        [
            26,
            2,
            0.1
        ]
    ],
    "Tables": [
        16,
        12,
        2
    ],
    "Joins": [
        "98-61",
        "98-21"
    ]
}