{
    "Query Number": "Synthetic_1407",
    "Query": "SELECT COUNT(*) FROM title t,movie_keyword mk WHERE t.id=mk.movie_id AND t.kind_id=7 AND t.production_year>2002 AND mk.keyword_id<613;",
    "Cardinality": 43123,
    "AND Predicate Norm": [
        [
            101,
            2,
            1.0
        ],
        [
            104,
            3,
            0.8776978417266187
        ],
        [
            74,
            1,
            0.004561411354336695
        ]
    ],
    "Tables": [
        16,
        19
    ],
    "Joins": [
        "98-75"
    ]
}