{
    "Query Number": "Synthetic_1582",
    "Query": "SELECT COUNT(*) FROM title t,movie_companies mc WHERE t.id=mc.movie_id AND t.kind_id<4 AND t.production_year<2001 AND mc.company_id<2560 AND mc.company_type_id=1;",
    "Cardinality": 175871,
    "AND Predicate Norm": [
        [
            101,
            1,
            0.5
        ],
        [
            104,
            1,
            0.8705035971223022
        ],
        [
            58,
            1,
            0.010889547056120105
        ],
        [
            59,
            2,
            0.0
        ]
    ],
    "Tables": [
        16,
        12
    ],
    "Joins": [
        "98-61"
    ]
}