{
    "Query Number": "Synthetic_1374",
    "Query": "SELECT COUNT(*) FROM title t,movie_info mi,movie_keyword mk WHERE t.id=mi.movie_id AND t.id=mk.movie_id AND t.production_year=2012 AND mk.keyword_id>39084;",
    "Cardinality": 565980,
    "AND Predicate Norm": [
        [
            104,
            2,
            0.9496402877697842
        ],
        [
            74,
            3,
            0.29129679732277947
        ]
    ],
    "Tables": [
        16,
        17,
        19
    ],
    "Joins": [
        "98-66",
        "98-75"
    ]
}