{
    "Query Number": "Synthetic_1844",
    "Query": "SELECT COUNT(*) FROM title t,movie_companies mc,movie_keyword mk WHERE t.id=mc.movie_id AND t.id=mk.movie_id AND t.kind_id=1 AND t.production_year<1998 AND mk.keyword_id>54814;",
    "Cardinality": 1005989,
    "AND Predicate Norm": [
        [
            101,
            2,
            0.0
        ],
        [
            104,
            1,
            0.8489208633093526
        ],
        [
            74,
            3,
            0.40853699438767527
        ]
    ],
    "Tables": [
        16,
        12,
        19
    ],
    "Joins": [
        "98-61",
        "98-75"
    ]
}