{
    "Query Number": "Synthetic_1958",
    "Query": "SELECT COUNT(*) FROM title t,movie_companies mc,movie_info mi WHERE t.id=mc.movie_id AND t.id=mi.movie_id AND mc.company_id=3638 AND mi.info_type_id>1;",
    "Cardinality": 2323,
    "AND Predicate Norm": [
        [
            58,
            2,
            0.015476859180581797
        ],
        [
            65,
            3,
            0.0
        ]
    ],
    "Tables": [
        16,
        12,
        17
    ],
    "Joins": [
        "98-61",
        "98-66"
    ]
}