{
    "Query Number": "Synthetic_1710",
    "Query": "SELECT COUNT(*) FROM title t,movie_companies mc,movie_info_idx mi_idx WHERE t.id=mc.movie_id AND t.id=mi_idx.movie_id AND mc.company_id<2642 AND mc.company_type_id=1;",
    "Cardinality": 1152708,
    "AND Predicate Norm": [
        [
            58,
            1,
            0.011238489165773035
        ],
        [
            59,
            2,
            0.0
        ]
    ],
    "Tables": [
        16,
        12,
        18
    ],
    "Joins": [
        "98-61",
        "98-71"
    ]
}