{
    "Query Number": "Synthetic_1067",
    "Query": "SELECT COUNT(*) FROM title t,movie_companies mc,cast_info ci WHERE t.id=mc.movie_id AND t.id=ci.movie_id AND t.production_year<2001 AND mc.company_id<166 AND mc.company_type_id>1;",
    "Cardinality": 810422,
    "AND Predicate Norm": [
        [
            104,
            1,
            0.8705035971223022
        ],
        [
            58,
            1,
            0.0007021396108869938
        ],
        [
            59,
            3,
            0.0
        ]
    ],
    "Tables": [
        16,
        12,
        2
    ],
    "Joins": [
        "98-61",
        "98-21"
    ]
}