{
    "Query Number": "Synthetic_1259",
    "Query": "SELECT COUNT(*) FROM title t,movie_companies mc,movie_keyword mk WHERE t.id=mc.movie_id AND t.id=mk.movie_id AND t.production_year>2011 AND mc.company_id=7500 AND mk.keyword_id>11058;",
    "Cardinality": 1,
    "AND Predicate Norm": [
        [
            104,
            3,
            0.9424460431654677
        ],
        [
            58,
            2,
            0.031911181466918584
        ],
        [
            74,
            3,
            0.08241098912565496
        ]
    ],
    "Tables": [
        16,
        12,
        19
    ],
    "Joins": [
        "98-61",
        "98-75"
    ]
}