{
    "Query Number": "Synthetic_1308",
    "Query": "SELECT COUNT(*) FROM title t,movie_keyword mk WHERE t.id=mk.movie_id AND t.kind_id<7 AND t.production_year>1987 AND mk.keyword_id>1096;",
    "Cardinality": 1808399,
    "AND Predicate Norm": [
        [
            101,
            1,
            1.0
        ],
        [
            104,
            3,
            0.7697841726618705
        ],
        [
            74,
            3,
            0.008161348746729871
        ]
    ],
    "Tables": [
        16,
        19
    ],
    "Joins": [
        "98-75"
    ]
}