{
    "Query Number": "Synthetic_1875",
    "Query": "SELECT COUNT(*) FROM title t,movie_companies mc WHERE t.id=mc.movie_id AND t.kind_id=1 AND t.production_year>1982 AND mc.company_id<3051;",
    "Cardinality": 122728,
    "AND Predicate Norm": [
        [
            101,
            2,
            0.0
        ],
        [
            104,
            3,
            0.7338129496402878
        ],
        [
            58,
            1,
            0.012978944322456552
        ]
    ],
    "Tables": [
        16,
        12
    ],
    "Joins": [
        "98-61"
    ]
}