{
    "Query Number": "Synthetic_1591",
    "Query": "SELECT COUNT(*) FROM title t,movie_companies mc WHERE t.id=mc.movie_id AND t.kind_id=1 AND mc.company_id>11146 AND mc.company_type_id>1;",
    "Cardinality": 559185,
    "AND Predicate Norm": [
        [
            101,
            2,
            0.0
        ],
        [
            58,
            3,
            0.047426339171730586
        ],
        [
            59,
            3,
            0.0
        ]
    ],
    "Tables": [
        16,
        12
    ],
    "Joins": [
        "98-61"
    ]
}