{
    "Query Number": "Synthetic_1728",
    "Query": "SELECT COUNT(*) FROM title t,movie_companies mc,movie_keyword mk WHERE t.id=mc.movie_id AND t.id=mk.movie_id AND t.kind_id=7 AND t.production_year>2007 AND mc.company_id<7851 AND mc.company_type_id>1 AND mk.keyword_id=1326;",
    "Cardinality": 7,
    "AND Predicate Norm": [
        [
            101,
            2,
            1.0
        ],
        [
            104,
            3,
            0.9136690647482014
        ],
        [
            58,
            1,
            0.03340482391189637
        ],
        [
            59,
            3,
            0.0
        ],
        [
            74,
            2,
            0.009875604647869478
        ]
    ],
    "Tables": [
        16,
        12,
        19
    ],
    "Joins": [
        "98-61",
        "98-75"
    ]
}