{
    "Query Number": "Synthetic_1652",
    "Query": "SELECT COUNT(*) FROM title t,cast_info ci,movie_info mi WHERE t.id=ci.movie_id AND t.id=mi.movie_id AND t.kind_id>4 AND t.production_year<2010 AND ci.person_id<439960;",
    "Cardinality": 10204622,
    "AND Predicate Norm": [
        [
            101,
            3,
            0.5
        ],
        [
            104,
            1,
            0.935251798561151
        ],
        [
            24,
            1,
            0.10831293044553998
        ]
    ],
    "Tables": [
        16,
        2,
        17
    ],
    "Joins": [
        "98-21",
        "98-66"
    ]
}