{
    "Query Number": "Synthetic_1819",
    "Query": "SELECT COUNT(*) FROM title t,movie_companies mc,movie_keyword mk WHERE t.id=mc.movie_id AND t.id=mk.movie_id AND t.production_year=2011 AND mc.company_type_id=1 AND mk.keyword_id=310;",
    "Cardinality": 54,
    "AND Predicate Norm": [
        [
            104,
            2,
            0.9424460431654677
        ],
        [
            59,
            2,
            0.0
        ],
        [
            74,
            2,
            0.002303065536748429
        ]
    ],
    "Tables": [
        16,
        12,
        19
    ],
    "Joins": [
        "98-61",
        "98-75"
    ]
}