{
    "Query Number": "Synthetic_1467",
    "Query": "SELECT COUNT(*) FROM title t,cast_info ci WHERE t.id=ci.movie_id AND t.kind_id=7 AND t.production_year=1985 AND ci.person_id<3984235 AND ci.role_id=3;",
    "Cardinality": 17752,
    "AND Predicate Norm": [
        [
            101,
            2,
            1.0
        ],
        [
            104,
            2,
            0.7553956834532374
        ],
        [
            24,
            1,
            0.9808733543824665
        ],
        [
            26,
            2,
            0.2
        ]
    ],
    "Tables": [
        16,
        2
    ],
    "Joins": [
        "98-21"
    ]
}