{
    "Query Number": "Synthetic_1927",
    "Query": "SELECT COUNT(*) FROM title t,cast_info ci WHERE t.id=ci.movie_id AND t.kind_id=7 AND ci.person_id=2834594 AND ci.role_id>1;",
    "Cardinality": 230,
    "AND Predicate Norm": [
        [
            101,
            2,
            1.0
        ],
        [
            24,
            2,
            0.6978447411018175
        ],
        [
            26,
            3,
            0.0
        ]
    ],
    "Tables": [
        16,
        2
    ],
    "Joins": [
        "98-21"
    ]
}