{
    "Query Number": "Synthetic_1539",
    "Query": "SELECT COUNT(*) FROM title t,movie_info mi,movie_keyword mk WHERE t.id=mi.movie_id AND t.id=mk.movie_id AND t.production_year=2003 AND mi.info_type_id>7;",
    "Cardinality": 8101208,
    "AND Predicate Norm": [
        [
            104,
            2,
            0.8848920863309353
        ],
        [
            65,
            3,
            0.05504587155963303
        ]
    ],
    "Tables": [
        16,
        17,
        19
    ],
    "Joins": [
        "98-66",
        "98-75"
    ]
}