{
    "Query Number": "Synthetic_1172",
    "Query": "SELECT COUNT(*) FROM title t,cast_info ci,movie_info mi WHERE t.id=ci.movie_id AND t.id=mi.movie_id AND ci.person_id>1835045 AND mi.info_type_id=105;",
    "Cardinality": 1366388,
    "AND Predicate Norm": [
        [
            24,
            3,
            0.4517670808791398
        ],
        [
            65,
            2,
            0.9541284403669725
        ]
    ],
    "Tables": [
        16,
        2,
        17
    ],
    "Joins": [
        "98-21",
        "98-66"
    ]
}