{
    "Query Number": "Synthetic_1514",
    "Query": "SELECT COUNT(*) FROM title t,movie_info_idx mi_idx,movie_keyword mk WHERE t.id=mi_idx.movie_id AND t.id=mk.movie_id AND t.kind_id<7 AND t.production_year=1997 AND mi_idx.info_type_id>99 AND mk.keyword_id>26087;",
    "Cardinality": 16006,
    "AND Predicate Norm": [
        [
            101,
            1,
            1.0
        ],
        [
            104,
            2,
            0.841726618705036
        ],
        [
            70,
            3,
            0.0
        ],
        [
            74,
            3,
            0.19442643233533827
        ]
    ],
    "Tables": [
        16,
        18,
        19
    ],
    "Joins": [
        "98-71",
        "98-75"
    ]
}