{
    "Query Number": "Synthetic_1118",
    "Query": "SELECT COUNT(*) FROM title t,movie_companies mc,movie_keyword mk WHERE t.id=mc.movie_id AND t.id=mk.movie_id AND mc.company_id<302 AND mc.company_type_id>1 AND mk.keyword_id<3945;",
    "Cardinality": 185594,
    "AND Predicate Norm": [
        [
            58,
            1,
            0.001280872865921122
        ],
        [
            59,
            3,
            0.0
        ],
        [
            74,
            1,
            0.02939576206128092
        ]
    ],
    "Tables": [
        16,
        12,
        19
    ],
    "Joins": [
        "98-61",
        "98-75"
    ]
}