{
    "Query Number": "Synthetic_1720",
    "Query": "SELECT COUNT(*) FROM title t,cast_info ci,movie_info_idx mi_idx WHERE t.id=ci.movie_id AND t.id=mi_idx.movie_id AND ci.person_id=1470830 AND mi_idx.info_type_id>100;",
    "Cardinality": 22,
    "AND Predicate Norm": [
        [
            24,
            2,
            0.36210146666912857
        ],
        [
            70,
            3,
            0.07142857142857142
        ]
    ],
    "Tables": [
        16,
        2,
        18
    ],
    "Joins": [
        "98-21",
        "98-71"
    ]
}