{
    "Query Number": "Synthetic_1716",
    "Query": "SELECT COUNT(*) FROM title t,cast_info ci,movie_info_idx mi_idx WHERE t.id=ci.movie_id AND t.id=mi_idx.movie_id AND ci.person_id<2859833 AND ci.role_id>1;",
    "Cardinality": 16773187,
    "AND Predicate Norm": [
        [
            24,
            1,
            0.7040582974821051
        ],
        [
            26,
            3,
            0.0
        ]
    ],
    "Tables": [
        16,
        2,
        18
    ],
    "Joins": [
        "98-21",
        "98-71"
    ]
}