{
    "Query Number": "Synthetic_1091",
    "Query": "SELECT COUNT(*) FROM title t,movie_info mi,movie_info_idx mi_idx WHERE t.id=mi.movie_id AND t.id=mi_idx.movie_id AND t.kind_id<3 AND t.production_year>2005 AND mi.info_type_id=8 AND mi_idx.info_type_id<101;",
    "Cardinality": 163578,
    "AND Predicate Norm": [
        [
            101,
            1,
            0.3333333333333333
        ],
        [
            104,
            3,
            0.8992805755395683
        ],
        [
            65,
            2,
            0.06422018348623854
        ],
        [
            70,
            1,
            0.14285714285714285
        ]
    ],
    "Tables": [
        16,
        17,
        18
    ],
    "Joins": [
        "98-66",
        "98-71"
    ]
}