{
    "Query Number": "Synthetic_1482",
    "Query": "SELECT COUNT(*) FROM title t,cast_info ci,movie_info mi WHERE t.id=ci.movie_id AND t.id=mi.movie_id AND t.kind_id=7 AND t.production_year=2011 AND ci.person_id>959880 AND ci.role_id=3 AND mi.info_type_id>8;",
    "Cardinality": 514397,
    "AND Predicate Norm": [
        [
            101,
            2,
            1.0
        ],
        [
            104,
            2,
            0.9424460431654677
        ],
        [
            24,
            3,
            0.23631135483791552
        ],
        [
            26,
            2,
            0.2
        ],
        [
            65,
            3,
            0.06422018348623854
        ]
    ],
    "Tables": [
        16,
        2,
        17
    ],
    "Joins": [
        "98-21",
        "98-66"
    ]
}