{
    "Query Number": "Synthetic_1741",
    "Query": "SELECT COUNT(*) FROM title t,movie_info mi,movie_info_idx mi_idx WHERE t.id=mi.movie_id AND t.id=mi_idx.movie_id AND t.kind_id<7 AND t.production_year>2011 AND mi.info_type_id<16 AND mi_idx.info_type_id=99;",
    "Cardinality": 111888,
    "AND Predicate Norm": [
        [
            101,
            1,
            1.0
        ],
        [
            104,
            3,
            0.9424460431654677
        ],
        [
            65,
            1,
            0.13761467889908258
        ],
        [
            70,
            2,
            0.0
        ]
    ],
    "Tables": [
        16,
        17,
        18
    ],
    "Joins": [
        "98-66",
        "98-71"
    ]
}