{
    "Query Number": "Synthetic_1769",
    "Query": "SELECT COUNT(*) FROM title t,cast_info ci,movie_keyword mk WHERE t.id=ci.movie_id AND t.id=mk.movie_id AND t.kind_id<7 AND ci.person_id>2334804 AND ci.role_id=10 AND mk.keyword_id>33543;",
    "Cardinality": 5116993,
    "AND Predicate Norm": [
        [
            101,
            1,
            1.0
        ],
        [
            24,
            3,
            0.5748020950657632
        ],
        [
            26,
            2,
            0.9
        ],
        [
            74,
            3,
            0.24999813667836832
        ]
    ],
    "Tables": [
        16,
        2,
        19
    ],
    "Joins": [
        "98-21",
        "98-75"
    ]
}