{
    "Query Number": "Synthetic_1071",
    "Query": "SELECT COUNT(*) FROM title t,movie_companies mc,movie_keyword mk WHERE t.id=mc.movie_id AND t.id=mk.movie_id AND t.production_year=1984 AND mc.company_id>483 AND mc.company_type_id>1;",
    "Cardinality": 55020,
    "AND Predicate Norm": [
        [
            104,
            2,
            0.7482014388489209
        ],
        [
            58,
            3,
            0.0020510987421062487
        ],
        [
            59,
            3,
            0.0
        ]
    ],
    "Tables": [
        16,
        12,
        19
    ],
    "Joins": [
        "98-61",
        "98-75"
    ]
}