{
    "Query Number": "Synthetic_1381",
    "Query": "SELECT COUNT(*) FROM title t,movie_companies mc,cast_info ci WHERE t.id=mc.movie_id AND t.id=ci.movie_id AND t.production_year<2012 AND mc.company_type_id>1 AND ci.role_id<4;",
    "Cardinality": 18417760,
    "AND Predicate Norm": [
        [
            104,
            1,
            0.9496402877697842
        ],
        [
            59,
            3,
            0.0
        ],
        [
            26,
            1,
            0.3
        ]
    ],
    "Tables": [
        16,
        12,
        2
    ],
    "Joins": [
        "98-61",
        "98-21"
    ]
}