{
    "Query Number": "Synthetic_1849",
    "Query": "SELECT COUNT(*) FROM title t,cast_info ci,movie_info mi WHERE t.id=ci.movie_id AND t.id=mi.movie_id AND ci.person_id=2239043 AND mi.info_type_id<2;",
    "Cardinality": 1,
    "AND Predicate Norm": [
        [
            24,
            2,
            0.5512268197960327
        ],
        [
            65,
            1,
            0.009174311926605505
        ]
    ],
    "Tables": [
        16,
        2,
        17
    ],
    "Joins": [
        "98-21",
        "98-66"
    ]
}