{
    "Query Number": "Synthetic_1711",
    "Query": "SELECT COUNT(*) FROM title t,cast_info ci WHERE t.id=ci.movie_id AND t.production_year<1980 AND ci.person_id>714457 AND ci.role_id=1;",
    "Cardinality": 1539843,
    "AND Predicate Norm": [
        [
            104,
            1,
            0.7194244604316546
        ],
        [
            24,
            3,
            0.1758909876474824
        ],
        [
            26,
            2,
            0.0
        ]
    ],
    "Tables": [
        16,
        2
    ],
    "Joins": [
        "98-21"
    ]
}