{
    "Query Number": "Synthetic_1015",
    "Query": "SELECT COUNT(*) FROM title t,movie_companies mc,movie_keyword mk WHERE t.id=mc.movie_id AND t.id=mk.movie_id AND t.kind_id>1 AND mc.company_id<230900 AND mc.company_type_id<2 AND mk.keyword_id=39485;",
    "Cardinality": 2,
    "AND Predicate Norm": [
        [
            101,
            3,
            0.0
        ],
        [
            58,
            1,
            0.9825656606920968
        ],
        [
            59,
            1,
            1.0
        ],
        [
            74,
            2,
            0.2942855652199837
        ]
    ],
    "Tables": [
        16,
        12,
        19
    ],
    "Joins": [
        "98-61",
        "98-75"
    ]
}