{
    "Query Number": "Synthetic_1730",
    "Query": "SELECT COUNT(*) FROM title t,movie_companies mc WHERE t.id=mc.movie_id AND t.kind_id>1 AND t.production_year<2006 AND mc.company_id<1435 AND mc.company_type_id>1;",
    "Cardinality": 129891,
    "AND Predicate Norm": [
        [
            101,
            3,
            0.0
        ],
        [
            104,
            1,
            0.9064748201438849
        ],
        [
            58,
            1,
            0.006102231527345146
        ],
        [
            59,
            3,
            0.0
        ]
    ],
    "Tables": [
        16,
        12
    ],
    "Joins": [
        "98-61"
    ]
}