{
    "Query Number": "Synthetic_1889",
    "Query": "SELECT COUNT(*) FROM title t,movie_companies mc,movie_keyword mk WHERE t.id=mc.movie_id AND t.id=mk.movie_id AND t.kind_id>1 AND mc.company_id<11812 AND mk.keyword_id=70;",
    "Cardinality": 4654,
    "AND Predicate Norm": [
        [
            101,
            3,
            0.0
        ],
        [
            58,
            1,
            0.05026042996476536
        ],
        [
            74,
            2,
            0.0005142767703418822
        ]
    ],
    "Tables": [
        16,
        12,
        19
    ],
    "Joins": [
        "98-61",
        "98-75"
    ]
}