{
    "Query Number": "Synthetic_1900",
    "Query": "SELECT COUNT(*) FROM title t,cast_info ci,movie_keyword mk WHERE t.id=ci.movie_id AND t.id=mk.movie_id AND ci.person_id=3505702 AND mk.keyword_id<103;",
    "Cardinality": 2,
    "AND Predicate Norm": [
        [
            24,
            2,
            0.8630639413578537
        ],
        [
            74,
            1,
            0.0007602352257227824
        ]
    ],
    "Tables": [
        16,
        2,
        19
    ],
    "Joins": [
        "98-21",
        "98-75"
    ]
}