{
    "Query Number": "Synthetic_1284",
    "Query": "SELECT COUNT(*) FROM title t,movie_info_idx mi_idx WHERE t.id=mi_idx.movie_id AND t.production_year=1974 AND mi_idx.info_type_id<100;",
    "Cardinality": 3351,
    "AND Predicate Norm": [
        [
            104,
            2,
            0.6762589928057554
        ],
        [
            70,
            1,
            0.07142857142857142
        ]
    ],
    "Tables": [
        16,
        18
    ],
    "Joins": [
        "98-71"
    ]
}