{
    "Query Number": "Synthetic_1085",
    "Query": "SELECT COUNT(*) FROM title t,movie_companies mc,movie_info mi WHERE t.id=mc.movie_id AND t.id=mi.movie_id AND mc.company_id>19 AND mi.info_type_id>8;",
    "Cardinality": 41885384,
    "AND Predicate Norm": [
        [
            58,
            3,
            7.659704846039932e-05
        ],
        [
            65,
            3,
            0.06422018348623854
        ]
    ],
    "Tables": [
        16,
        12,
        17
    ],
    "Joins": [
        "98-61",
        "98-66"
    ]
}