{
    "Query Number": "Synthetic_1032",
    "Query": "SELECT COUNT(*) FROM title t,movie_info mi WHERE t.id=mi.movie_id AND t.kind_id=1 AND t.production_year<1974 AND mi.info_type_id>3;",
    "Cardinality": 2186458,
    "AND Predicate Norm": [
        [
            101,
            2,
            0.0
        ],
        [
            104,
            1,
            0.6762589928057554
        ],
        [
            65,
            3,
            0.01834862385321101
        ]
    ],
    "Tables": [
        16,
        17
    ],
    "Joins": [
        "98-66"
    ]
}