{
    "Query Number": "Synthetic_1221",
    "Query": "SELECT COUNT(*) FROM title t,cast_info ci WHERE t.id=ci.movie_id AND t.kind_id>3 AND t.production_year<2009 AND ci.person_id<2392764 AND ci.role_id=1;",
    "Cardinality": 5557176,
    "AND Predicate Norm": [
        [
            101,
            3,
            0.3333333333333333
        ],
        [
            104,
            1,
            0.9280575539568345
        ],
        [
            24,
            1,
            0.5890711916148131
        ],
        [
            26,
            2,
            0.0
        ]
    ],
    "Tables": [
        16,
        2
    ],
    "Joins": [
        "98-21"
    ]
}