{
    "Query Number": "Synthetic_1189",
    "Query": "SELECT COUNT(*) FROM title t,cast_info ci,movie_keyword mk WHERE t.id=ci.movie_id AND t.id=mk.movie_id AND t.kind_id=4 AND ci.person_id<1911238;",
    "Cardinality": 4706589,
    "AND Predicate Norm": [
        [
            101,
            2,
            0.5
        ],
        [
            24,
            1,
            0.47052493583707233
        ]
    ],
    "Tables": [
        16,
        2,
        19
    ],
    "Joins": [
        "98-21",
        "98-75"
    ]
}