{
    "Query Number": "Synthetic_1336",
    "Query": "SELECT COUNT(*) FROM title t,movie_companies mc,movie_info mi WHERE t.id=mc.movie_id AND t.id=mi.movie_id AND t.kind_id=7 AND mc.company_id=865 AND mi.info_type_id>16;",
    "Cardinality": 29,
    "AND Predicate Norm": [
        [
            101,
            2,
            1.0
        ],
        [
            58,
            2,
            0.003676658326099168
        ],
        [
            65,
            3,
            0.13761467889908258
        ]
    ],
    "Tables": [
        16,
        12,
        17
    ],
    "Joins": [
        "98-61",
        "98-66"
    ]
}