{
    "Query Number": "Synthetic_1098",
    "Query": "SELECT COUNT(*) FROM title t,movie_companies mc,cast_info ci WHERE t.id=mc.movie_id AND t.id=ci.movie_id AND t.production_year=2002 AND mc.company_type_id=2 AND ci.person_id>40863 AND ci.role_id<3;",
    "Cardinality": 431436,
    "AND Predicate Norm": [
        [
            104,
            2,
            0.8776978417266187
        ],
        [
            59,
            2,
            1.0
        ],
        [
            24,
            3,
            0.010059762304818528
        ],
        [
            26,
            1,
            0.2
        ]
    ],
    "Tables": [
        16,
        12,
        2
    ],
    "Joins": [
        "98-61",
        "98-21"
    ]
}