{
    "Query Number": "Synthetic_1786",
    "Query": "SELECT COUNT(*) FROM title t,movie_companies mc,movie_keyword mk WHERE t.id=mc.movie_id AND t.id=mk.movie_id AND mc.company_type_id<2 AND mk.keyword_id>583;",
    "Cardinality": 23352154,
    "AND Predicate Norm": [
        [
            59,
            1,
            1.0
        ],
        [
            74,
            3,
            0.004337812758535876
        ]
    ],
    "Tables": [
        16,
        12,
        19
    ],
    "Joins": [
        "98-61",
        "98-75"
    ]
}