{
    "Query Number": "Synthetic_1147",
    "Query": "SELECT COUNT(*) FROM title t,movie_info mi,movie_keyword mk WHERE t.id=mi.movie_id AND t.id=mk.movie_id AND t.production_year=2009 AND mi.info_type_id<2;",
    "Cardinality": 192317,
    "AND Predicate Norm": [
        [
            104,
            2,
            0.9280575539568345
        ],
        [
            65,
            1,
            0.009174311926605505
        ]
    ],
    "Tables": [
        16,
        17,
        19
    ],
    "Joins": [
        "98-66",
        "98-75"
    ]
}