{
    "Query Number": "Synthetic_1836",
    "Query": "SELECT COUNT(*) FROM title t,movie_info_idx mi_idx WHERE t.id=mi_idx.movie_id AND t.production_year>1916 AND mi_idx.info_type_id=100;",
    "Cardinality": 455074,
    "AND Predicate Norm": [
        [
            104,
            3,
            0.2589928057553957
        ],
        [
            70,
            2,
            0.07142857142857142
        ]
    ],
    "Tables": [
        16,
        18
    ],
    "Joins": [
        "98-71"
    ]
}