{
    "Query Number": "Synthetic_1884",
    "Query": "SELECT COUNT(*) FROM title t,movie_companies mc,cast_info ci WHERE t.id=mc.movie_id AND t.id=ci.movie_id AND mc.company_id>19 AND mc.company_type_id<2;",
    "Cardinality": 44884068,
    "AND Predicate Norm": [
        [
            58,
            3,
            7.659704846039932e-05
        ],
        [
            59,
            1,
            1.0
        ]
    ],
    "Tables": [
        16,
        12,
        2
    ],
    "Joins": [
        "98-61",
        "98-21"
    ]
}