{
    "Query Number": "Synthetic_1362",
    "Query": "SELECT COUNT(*) FROM title t,movie_companies mc,movie_keyword mk WHERE t.id=mc.movie_id AND t.id=mk.movie_id AND t.production_year<1985 AND mk.keyword_id<15057;",
    "Cardinality": 7320605,
    "AND Predicate Norm": [
        [
            104,
            1,
            0.7553956834532374
        ],
        [
            74,
            1,
            0.11221668194590405
        ]
    ],
    "Tables": [
        16,
        12,
        19
    ],
    "Joins": [
        "98-61",
        "98-75"
    ]
}