{
    "Query Number": "Synthetic_1503",
    "Query": "SELECT COUNT(*) FROM title t,movie_companies mc,movie_info mi WHERE t.id=mc.movie_id AND t.id=mi.movie_id AND t.kind_id<7 AND t.production_year<2007 AND mc.company_id=1640;",
    "Cardinality": 410,
    "AND Predicate Norm": [
        [
            101,
            1,
            1.0
        ],
        [
            104,
            1,
            0.9136690647482014
        ],
        [
            58,
            2,
            0.006974586801477472
        ]
    ],
    "Tables": [
        16,
        12,
        17
    ],
    "Joins": [
        "98-61",
        "98-66"
    ]
}