{
    "Query Number": "Synthetic_1646",
    "Query": "SELECT COUNT(*) FROM title t,cast_info ci,movie_keyword mk WHERE t.id=ci.movie_id AND t.id=mk.movie_id AND ci.person_id<2053301 AND ci.role_id=4 AND mk.keyword_id<7376;",
    "Cardinality": 2846661,
    "AND Predicate Norm": [
        [
            24,
            1,
            0.5054992398924155
        ],
        [
            26,
            2,
            0.3
        ],
        [
            74,
            1,
            0.05496798813436785
        ]
    ],
    "Tables": [
        16,
        2,
        19
    ],
    "Joins": [
        "98-21",
        "98-75"
    ]
}