{
    "Query Number": "Synthetic_1963",
    "Query": "SELECT COUNT(*) FROM title t,movie_info mi,movie_keyword mk WHERE t.id=mi.movie_id AND t.id=mk.movie_id AND t.kind_id<7 AND t.production_year=1978 AND mi.info_type_id<2;",
    "Cardinality": 34560,
    "AND Predicate Norm": [
        [
            101,
            1,
            1.0
        ],
        [
            104,
            2,
            0.7050359712230215
        ],
        [
            65,
            1,
            0.009174311926605505
        ]
    ],
    "Tables": [
        16,
        17,
        19
    ],
    "Joins": [
        "98-66",
        "98-75"
    ]
}