{
    "Query Number": "Synthetic_1941",
    "Query": "SELECT COUNT(*) FROM title t,movie_companies mc,movie_keyword mk WHERE t.id=mc.movie_id AND t.id=mk.movie_id AND t.production_year>1989 AND mc.company_id<7512 AND mc.company_type_id>1 AND mk.keyword_id=43792;",
    "Cardinality": 25,
    "AND Predicate Norm": [
        [
            104,
            3,
            0.7841726618705036
        ],
        [
            58,
            1,
            0.03196224616589219
        ],
        [
            59,
            3,
            0.0
        ],
        [
            74,
            2,
            0.3263868702904546
        ]
    ],
    "Tables": [
        16,
        12,
        19
    ],
    "Joins": [
        "98-61",
        "98-75"
    ]
}