{
    "Query Number": "Synthetic_1832",
    "Query": "SELECT COUNT(*) FROM title t,cast_info ci,movie_info_idx mi_idx WHERE t.id=ci.movie_id AND t.id=mi_idx.movie_id AND ci.person_id=216318 AND ci.role_id<8 AND mi_idx.info_type_id=101;",
    "Cardinality": 53,
    "AND Predicate Norm": [
        [
            24,
            2,
            0.053254799140801466
        ],
        [
            26,
            1,
            0.7
        ],
        [
            70,
            2,
            0.14285714285714285
        ]
    ],
    "Tables": [
        16,
        2,
        18
    ],
    "Joins": [
        "98-21",
        "98-71"
    ]
}