{
    "Query Number": "Synthetic_1715",
    "Query": "SELECT COUNT(*) FROM title t,cast_info ci,movie_keyword mk WHERE t.id=ci.movie_id AND t.id=mk.movie_id AND ci.person_id<2459200 AND ci.role_id=3 AND mk.keyword_id>54546;",
    "Cardinality": 485199,
    "AND Predicate Norm": [
        [
            24,
            1,
            0.6054269835115124
        ],
        [
            26,
            2,
            0.2
        ],
        [
            74,
            3,
            0.40653951359852125
        ]
    ],
    "Tables": [
        16,
        2,
        19
    ],
    "Joins": [
        "98-21",
        "98-75"
    ]
}