{
    "Query Number": "Synthetic_1932",
    "Query": "SELECT COUNT(*) FROM title t,movie_keyword mk WHERE t.id=mk.movie_id AND t.kind_id<7 AND t.production_year=1980 AND mk.keyword_id=11863;",
    "Cardinality": 4,
    "AND Predicate Norm": [
        [
            101,
            1,
            1.0
        ],
        [
            104,
            2,
            0.7194244604316546
        ],
        [
            74,
            2,
            0.08841088477964358
        ]
    ],
    "Tables": [
        16,
        19
    ],
    "Joins": [
        "98-75"
    ]
}