{
    "Query Number": "Synthetic_1703",
    "Query": "SELECT COUNT(*) FROM title t,movie_companies mc,cast_info ci WHERE t.id=mc.movie_id AND t.id=ci.movie_id AND t.kind_id=7 AND mc.company_type_id=1 AND ci.person_id<463447 AND ci.role_id>10;",
    "Cardinality": 10071,
    "AND Predicate Norm": [
        [
            101,
            2,
            1.0
        ],
        [
            59,
            2,
            0.0
        ],
        [
            24,
            1,
            0.1140951642386307
        ],
        [
            26,
            3,
            0.9
        ]
    ],
    "Tables": [
        16,
        12,
        2
    ],
    "Joins": [
        "98-61",
        "98-21"
    ]
}