{
    "Query Number": "Synthetic_1390",
    "Query": "SELECT COUNT(*) FROM title t,movie_companies mc,movie_info_idx mi_idx WHERE t.id=mc.movie_id AND t.id=mi_idx.movie_id AND mc.company_id>1750 AND mi_idx.info_type_id>100;",
    "Cardinality": 919315,
    "AND Predicate Norm": [
        [
            58,
            3,
            0.007442679875402134
        ],
        [
            70,
            3,
            0.07142857142857142
        ]
    ],
    "Tables": [
        16,
        12,
        18
    ],
    "Joins": [
        "98-61",
        "98-71"
    ]
}