{
    "Query Number": "Synthetic_1584",
    "Query": "SELECT COUNT(*) FROM title t,cast_info ci WHERE t.id=ci.movie_id AND t.kind_id<7 AND t.production_year<2011 AND ci.person_id>1310196 AND ci.role_id>2;",
    "Cardinality": 4086471,
    "AND Predicate Norm": [
        [
            101,
            1,
            1.0
        ],
        [
            104,
            1,
            0.9424460431654677
        ],
        [
            24,
            3,
            0.32255519242723585
        ],
        [
            26,
            3,
            0.1
        ]
    ],
    "Tables": [
        16,
        2
    ],
    "Joins": [
        "98-21"
    ]
}