{
    "Query Number": "Synthetic_1740",
    "Query": "SELECT COUNT(*) FROM title t,movie_companies mc,movie_keyword mk WHERE t.id=mc.movie_id AND t.id=mk.movie_id AND t.production_year=1998 AND mc.company_id>1709 AND mk.keyword_id>16264;",
    "Cardinality": 114331,
    "AND Predicate Norm": [
        [
            104,
            2,
            0.8489208633093526
        ],
        [
            58,
            3,
            0.007268208820575669
        ],
        [
            74,
            3,
            0.12121279878362363
        ]
    ],
    "Tables": [
        16,
        12,
        19
    ],
    "Joins": [
        "98-61",
        "98-75"
    ]
}