{
    "Query Number": "Synthetic_1165",
    "Query": "SELECT COUNT(*) FROM title t,movie_companies mc,movie_keyword mk WHERE t.id=mc.movie_id AND t.id=mk.movie_id AND t.production_year=2011 AND mk.keyword_id<15425;",
    "Cardinality": 869551,
    "AND Predicate Norm": [
        [
            104,
            2,
            0.9424460431654677
        ],
        [
            74,
            1,
            0.11495949138772742
        ]
    ],
    "Tables": [
        16,
        12,
        19
    ],
    "Joins": [
        "98-61",
        "98-75"
    ]
}