{
    "Query Number": "Synthetic_1750",
    "Query": "SELECT COUNT(*) FROM title t,cast_info ci,movie_info_idx mi_idx WHERE t.id=ci.movie_id AND t.id=mi_idx.movie_id AND t.kind_id=1 AND ci.person_id<1245139 AND ci.role_id>10 AND mi_idx.info_type_id=100;",
    "Cardinality": 13376,
    "AND Predicate Norm": [
        [
            101,
            2,
            0.0
        ],
        [
            24,
            1,
            0.3065388947358703
        ],
        [
            26,
            3,
            0.9
        ],
        [
            70,
            2,
            0.07142857142857142
        ]
    ],
    "Tables": [
        16,
        2,
        18
    ],
    "Joins": [
        "98-21",
        "98-71"
    ]
}