{
    "Query Number": "Synthetic_1043",
    "Query": "SELECT COUNT(*) FROM title t,cast_info ci,movie_info_idx mi_idx WHERE t.id=ci.movie_id AND t.id=mi_idx.movie_id AND t.production_year<1969 AND ci.role_id<3;",
    "Cardinality": 3379892,
    "AND Predicate Norm": [
        [
            104,
            1,
            0.6402877697841727
        ],
        [
            26,
            1,
            0.2
        ]
    ],
    "Tables": [
        16,
        2,
        18
    ],
    "Joins": [
        "98-21",
        "98-71"
    ]
}