{
    "Query Number": "Synthetic_1048",
    "Query": "SELECT COUNT(*) FROM title t,movie_companies mc,movie_info_idx mi_idx WHERE t.id=mc.movie_id AND t.id=mi_idx.movie_id AND t.kind_id<7 AND t.production_year>2010 AND mc.company_id>3755 AND mc.company_type_id<2;",
    "Cardinality": 77744,
    "AND Predicate Norm": [
        [
            101,
            1,
            1.0
        ],
        [
            104,
            3,
            0.935251798561151
        ],
        [
            58,
            3,
            0.015974739995574392
        ],
        [
            59,
            1,
            1.0
        ]
    ],
    "Tables": [
        16,
        12,
        18
    ],
    "Joins": [
        "98-61",
        "98-71"
    ]
}