{
    "Query Number": "Synthetic_1021",
    "Query": "SELECT COUNT(*) FROM title t,movie_companies mc,cast_info ci WHERE t.id=mc.movie_id AND t.id=ci.movie_id AND mc.company_id<41793 AND ci.person_id>2062673 AND ci.role_id>2;",
    "Cardinality": 20500552,
    "AND Predicate Norm": [
        [
            58,
            1,
            0.1778413249587227
        ],
        [
            24,
            3,
            0.5078065203074896
        ],
        [
            26,
            3,
            0.1
        ]
    ],
    "Tables": [
        16,
        12,
        2
    ],
    "Joins": [
        "98-61",
        "98-21"
    ]
}