{
    "Query Number": "Synthetic_1093",
    "Query": "SELECT COUNT(*) FROM title t,cast_info ci WHERE t.id=ci.movie_id AND t.production_year=2005 AND ci.person_id=1213931 AND ci.role_id<2;",
    "Cardinality": 3,
    "AND Predicate Norm": [
        [
            104,
            2,
            0.8992805755395683
        ],
        [
            24,
            2,
            0.2988558380570788
        ],
        [
            26,
            1,
            0.1
        ]
    ],
    "Tables": [
        16,
        2
    ],
    "Joins": [
        "98-21"
    ]
}