{
    "Query Number": "Synthetic_1609",
    "Query": "SELECT COUNT(*) FROM title t,cast_info ci,movie_info mi WHERE t.id=ci.movie_id AND t.id=mi.movie_id AND t.kind_id=1 AND t.production_year=1998 AND ci.person_id<3058577 AND ci.role_id<3 AND mi.info_type_id<2;",
    "Cardinality": 71951,
    "AND Predicate Norm": [
        [
            101,
            2,
            0.0
        ],
        [
            104,
            2,
            0.8489208633093526
        ],
        [
            24,
            1,
            0.7529868227502969
        ],
        [
            26,
            1,
            0.2
        ],
        [
            65,
            1,
            0.009174311926605505
        ]
    ],
    "Tables": [
        16,
        2,
        17
    ],
    "Joins": [
        "98-21",
        "98-66"
    ]
}