{
    "Query Number": "Synthetic_1111",
    "Query": "SELECT COUNT(*) FROM title t,cast_info ci,movie_keyword mk WHERE t.id=ci.movie_id AND t.id=mk.movie_id AND t.kind_id<7 AND t.production_year=2009 AND ci.person_id>1412687 AND ci.role_id>1;",
    "Cardinality": 5996434,
    "AND Predicate Norm": [
        [
            101,
            1,
            1.0
        ],
        [
            104,
            2,
            0.9280575539568345
        ],
        [
            24,
            3,
            0.34778731758956655
        ],
        [
            26,
            3,
            0.0
        ]
    ],
    "Tables": [
        16,
        2,
        19
    ],
    "Joins": [
        "98-21",
        "98-75"
    ]
}