{
    "Query Number": "Synthetic_1946",
    "Query": "SELECT COUNT(*) FROM title t,movie_companies mc,movie_keyword mk WHERE t.id=mc.movie_id AND t.id=mk.movie_id AND mc.company_id>6 AND mc.company_type_id=1 AND mk.keyword_id<45802;",
    "Cardinality": 23985495,
    "AND Predicate Norm": [
        [
            58,
            3,
            2.127695790566648e-05
        ],
        [
            59,
            2,
            0.0
        ],
        [
            74,
            1,
            0.3413679762091094
        ]
    ],
    "Tables": [
        16,
        12,
        19
    ],
    "Joins": [
        "98-61",
        "98-75"
    ]
}