{
    "Query Number": "Synthetic_1751",
    "Query": "SELECT COUNT(*) FROM title t,movie_info_idx mi_idx WHERE t.id=mi_idx.movie_id AND t.production_year<1968 AND mi_idx.info_type_id<100;",
    "Cardinality": 66698,
    "AND Predicate Norm": [
        [
            104,
            1,
            0.6330935251798561
        ],
        [
            70,
            1,
            0.07142857142857142
        ]
    ],
    "Tables": [
        16,
        18
    ],
    "Joins": [
        "98-71"
    ]
}