{
    "Query Number": "Synthetic_1312",
    "Query": "SELECT COUNT(*) FROM title t,movie_info_idx mi_idx,movie_keyword mk WHERE t.id=mi_idx.movie_id AND t.id=mk.movie_id AND t.kind_id<7 AND mi_idx.info_type_id>99 AND mk.keyword_id=65172;",
    "Cardinality": 2,
    "AND Predicate Norm": [
        [
            101,
            1,
            1.0
        ],
        [
            70,
            3,
            0.0
        ],
        [
            74,
            2,
            0.4857381362311711
        ]
    ],
    "Tables": [
        16,
        18,
        19
    ],
    "Joins": [
        "98-71",
        "98-75"
    ]
}