{
    "Query Number": "Synthetic_1812",
    "Query": "SELECT COUNT(*) FROM title t,movie_info_idx mi_idx,movie_keyword mk WHERE t.id=mi_idx.movie_id AND t.id=mk.movie_id AND t.kind_id=4 AND t.production_year=2005 AND mk.keyword_id>11992;",
    "Cardinality": 11709,
    "AND Predicate Norm": [
        [
            101,
            2,
            0.5
        ],
        [
            104,
            2,
            0.8992805755395683
        ],
        [
            74,
            3,
            0.0893723587415871
        ]
    ],
    "Tables": [
        16,
        18,
        19
    ],
    "Joins": [
        "98-71",
        "98-75"
    ]
}