{
    "Query Number": "Synthetic_1905",
    "Query": "SELECT COUNT(*) FROM title t,cast_info ci,movie_keyword mk WHERE t.id=ci.movie_id AND t.id=mk.movie_id AND ci.person_id=825318 AND mk.keyword_id>20318;",
    "Cardinality": 40,
    "AND Predicate Norm": [
        [
            24,
            2,
            0.2031837121561821
        ],
        [
            74,
            3,
            0.1514284223628409
        ]
    ],
    "Tables": [
        16,
        2,
        19
    ],
    "Joins": [
        "98-21",
        "98-75"
    ]
}