{
    "Query Number": "Synthetic_1831",
    "Query": "SELECT COUNT(*) FROM title t,movie_companies mc,movie_keyword mk WHERE t.id=mc.movie_id AND t.id=mk.movie_id AND t.production_year<1972 AND mc.company_id=1461 AND mc.company_type_id=1;",
    "Cardinality": 24445,
    "AND Predicate Norm": [
        [
            104,
            1,
            0.6618705035971223
        ],
        [
            58,
            2,
            0.006212871708454612
        ],
        [
            59,
            2,
            0.0
        ]
    ],
    "Tables": [
        16,
        12,
        19
    ],
    "Joins": [
        "98-61",
        "98-75"
    ]
}