{
    "Query Number": "Synthetic_1901",
    "Query": "SELECT COUNT(*) FROM title t,movie_info_idx mi_idx WHERE t.id=mi_idx.movie_id AND t.production_year=2001 AND mi_idx.info_type_id=101;",
    "Cardinality": 12483,
    "AND Predicate Norm": [
        [
            104,
            2,
            0.8705035971223022
        ],
        [
            70,
            2,
            0.14285714285714285
        ]
    ],
    "Tables": [
        16,
        18
    ],
    "Joins": [
        "98-71"
    ]
}