{
    "Query Number": "Synthetic_1483",
    "Query": "SELECT COUNT(*) FROM title t,cast_info ci WHERE t.id=ci.movie_id AND t.kind_id<7 AND t.production_year=2007 AND ci.role_id=5;",
    "Cardinality": 22925,
    "AND Predicate Norm": [
        [
            101,
            1,
            1.0
        ],
        [
            104,
            2,
            0.9136690647482014
        ],
        [
            26,
            2,
            0.4
        ]
    ],
    "Tables": [
        16,
        2
    ],
    "Joins": [
        "98-21"
    ]
}