{
    "Query Number": "Synthetic_1737",
    "Query": "SELECT COUNT(*) FROM title t,cast_info ci,movie_info mi WHERE t.id=ci.movie_id AND t.id=mi.movie_id AND t.production_year<2010 AND ci.person_id=431903 AND ci.role_id<8 AND mi.info_type_id<7;",
    "Cardinality": 385,
    "AND Predicate Norm": [
        [
            104,
            1,
            0.935251798561151
        ],
        [
            24,
            2,
            0.1063293881595549
        ],
        [
            26,
            1,
            0.7
        ],
        [
            65,
            1,
            0.05504587155963303
        ]
    ],
    "Tables": [
        16,
        2,
        17
    ],
    "Joins": [
        "98-21",
        "98-66"
    ]
}