{
    "Query Number": "Synthetic_1904",
    "Query": "SELECT COUNT(*) FROM title t,movie_info mi,movie_info_idx mi_idx WHERE t.id=mi.movie_id AND t.id=mi_idx.movie_id AND t.kind_id=7 AND mi.info_type_id>13 AND mi_idx.info_type_id<101;",
    "Cardinality": 1314176,
    "AND Predicate Norm": [
        [
            101,
            2,
            1.0
        ],
        [
            65,
            3,
            0.11009174311926606
        ],
        [
            70,
            1,
            0.14285714285714285
        ]
    ],
    "Tables": [
        16,
        17,
        18
    ],
    "Joins": [
        "98-66",
        "98-71"
    ]
}