{
    "Query Number": "Synthetic_1565",
    "Query": "SELECT COUNT(*) FROM title t,movie_info mi WHERE t.id=mi.movie_id AND t.kind_id=7 AND t.production_year=2011 AND mi.info_type_id>7;",
    "Cardinality": 164111,
    "AND Predicate Norm": [
        [
            101,
            2,
            1.0
        ],
        [
            104,
            2,
            0.9424460431654677
        ],
        [
            65,
            3,
            0.05504587155963303
        ]
    ],
    "Tables": [
        16,
        17
    ],
    "Joins": [
        "98-66"
    ]
}