{
    "Query Number": "Synthetic_1560",
    "Query": "SELECT COUNT(*) FROM title t,cast_info ci,movie_info_idx mi_idx WHERE t.id=ci.movie_id AND t.id=mi_idx.movie_id AND ci.person_id>1488047 AND ci.role_id=2 AND mi_idx.info_type_id<101;",
    "Cardinality": 4709454,
    "AND Predicate Norm": [
        [
            24,
            3,
            0.3663400973676274
        ],
        [
            26,
            2,
            0.1
        ],
        [
            70,
            1,
            0.14285714285714285
        ]
    ],
    "Tables": [
        16,
        2,
        18
    ],
    "Joins": [
        "98-21",
        "98-71"
    ]
}