{
    "Query Number": "Synthetic_1846",
    "Query": "SELECT COUNT(*) FROM title t,movie_companies mc WHERE t.id=mc.movie_id AND t.production_year=2001 AND mc.company_id=166 AND mc.company_type_id<2;",
    "Cardinality": 11,
    "AND Predicate Norm": [
        [
            104,
            2,
            0.8705035971223022
        ],
        [
            58,
            2,
            0.0007021396108869938
        ],
        [
            59,
            1,
            1.0
        ]
    ],
    "Tables": [
        16,
        12
    ],
    "Joins": [
        "98-61"
    ]
}