{
    "Query Number": "Synthetic_1992",
    "Query": "SELECT COUNT(*) FROM title t,movie_info_idx mi_idx,movie_keyword mk WHERE t.id=mi_idx.movie_id AND t.id=mk.movie_id AND t.production_year>1929 AND mi_idx.info_type_id<100 AND mk.keyword_id=275;",
    "Cardinality": 4054,
    "AND Predicate Norm": [
        [
            104,
            3,
            0.35251798561151076
        ],
        [
            70,
            1,
            0.07142857142857142
        ],
        [
            74,
            2,
            0.0020422005083141413
        ]
    ],
    "Tables": [
        16,
        18,
        19
    ],
    "Joins": [
        "98-71",
        "98-75"
    ]
}