{
    "Query Number": "Synthetic_1274",
    "Query": "SELECT COUNT(*) FROM title t,cast_info ci,movie_info mi WHERE t.id=ci.movie_id AND t.id=mi.movie_id AND ci.person_id<618546 AND mi.info_type_id>2;",
    "Cardinality": 77105179,
    "AND Predicate Norm": [
        [
            24,
            1,
            0.15227878407405357
        ],
        [
            65,
            3,
            0.009174311926605505
        ]
    ],
    "Tables": [
        16,
        2,
        17
    ],
    "Joins": [
        "98-21",
        "98-66"
    ]
}