{
    "Query Number": "Synthetic_1654",
    "Query": "SELECT COUNT(*) FROM title t,movie_info_idx mi_idx,movie_keyword mk WHERE t.id=mi_idx.movie_id AND t.id=mk.movie_id AND t.production_year<1996 AND mk.keyword_id=3186;",
    "Cardinality": 427,
    "AND Predicate Norm": [
        [
            104,
            1,
            0.8345323741007195
        ],
        [
            74,
            2,
            0.023738717587520216
        ]
    ],
    "Tables": [
        16,
        18,
        19
    ],
    "Joins": [
        "98-71",
        "98-75"
    ]
}