{
    "Query Number": "Synthetic_1239",
    "Query": "SELECT COUNT(*) FROM title t,cast_info ci,movie_keyword mk WHERE t.id=ci.movie_id AND t.id=mk.movie_id AND t.kind_id=7 AND t.production_year=2004 AND ci.person_id<1664359 AND mk.keyword_id<117;",
    "Cardinality": 11168,
    "AND Predicate Norm": [
        [
            101,
            2,
            1.0
        ],
        [
            104,
            2,
            0.8920863309352518
        ],
        [
            24,
            1,
            0.4097461179120737
        ],
        [
            74,
            1,
            0.0008645812370964977
        ]
    ],
    "Tables": [
        16,
        2,
        19
    ],
    "Joins": [
        "98-21",
        "98-75"
    ]
}