{
    "Query Number": "Synthetic_1641",
    "Query": "SELECT COUNT(*) FROM title t,movie_companies mc,movie_keyword mk WHERE t.id=mc.movie_id AND t.id=mk.movie_id AND t.kind_id>1 AND mc.company_id<12420 AND mc.company_type_id<2 AND mk.keyword_id>6421;",
    "Cardinality": 1073704,
    "AND Predicate Norm": [
        [
            101,
            3,
            0.0
        ],
        [
            58,
            1,
            0.0528477080460944
        ],
        [
            59,
            1,
            1.0
        ],
        [
            74,
            3,
            0.04785009950137513
        ]
    ],
    "Tables": [
        16,
        12,
        19
    ],
    "Joins": [
        "98-61",
        "98-75"
    ]
}