{
    "Query Number": "Synthetic_1004",
    "Query": "SELECT COUNT(*) FROM title t,movie_companies mc,cast_info ci WHERE t.id=mc.movie_id AND t.id=ci.movie_id AND t.production_year<2008 AND mc.company_id<16522 AND ci.person_id<2795119 AND ci.role_id>8;",
    "Cardinality": 2930362,
    "AND Predicate Norm": [
        [
            104,
            1,
            0.920863309352518
        ],
        [
            58,
            1,
            0.07030332431190318
        ],
        [
            24,
            1,
            0.6881264425118632
        ],
        [
            26,
            3,
            0.7
        ]
    ],
    "Tables": [
        16,
        12,
        2
    ],
    "Joins": [
        "98-61",
        "98-21"
    ]
}