{
    "Query Number": "Synthetic_1150",
    "Query": "SELECT COUNT(*) FROM title t,movie_keyword mk WHERE t.id=mk.movie_id AND t.kind_id<7 AND t.production_year<1994 AND mk.keyword_id<1657;",
    "Cardinality": 500278,
    "AND Predicate Norm": [
        [
            101,
            1,
            1.0
        ],
        [
            104,
            1,
            0.8201438848920863
        ],
        [
            74,
            1,
            0.012342642488205173
        ]
    ],
    "Tables": [
        16,
        19
    ],
    "Joins": [
        "98-75"
    ]
}