{
    "Query Number": "Synthetic_1694",
    "Query": "SELECT COUNT(*) FROM title t,cast_info ci,movie_info mi WHERE t.id=ci.movie_id AND t.id=mi.movie_id AND t.kind_id=7 AND t.production_year=1967 AND ci.person_id>1942435 AND ci.role_id>1 AND mi.info_type_id<15;",
    "Cardinality": 154035,
    "AND Predicate Norm": [
        [
            101,
            2,
            1.0
        ],
        [
            104,
            2,
            0.6258992805755396
        ],
        [
            24,
            3,
            0.4782052844402592
        ],
        [
            26,
            3,
            0.0
        ],
        [
            65,
            1,
            0.12844036697247707
        ]
    ],
    "Tables": [
        16,
        2,
        17
    ],
    "Joins": [
        "98-21",
        "98-66"
    ]
}