{
    "Query Number": "Synthetic_1104",
    "Query": "SELECT COUNT(*) FROM title t,movie_companies mc,movie_keyword mk WHERE t.id=mc.movie_id AND t.id=mk.movie_id AND mc.company_id>11319 AND mc.company_type_id=1;",
    "Cardinality": 9639324,
    "AND Predicate Norm": [
        [
            58,
            3,
            0.04816252191526664
        ],
        [
            59,
            2,
            0.0
        ]
    ],
    "Tables": [
        16,
        12,
        19
    ],
    "Joins": [
        "98-61",
        "98-75"
    ]
}