{
    "Query Number": "Synthetic_1574",
    "Query": "SELECT COUNT(*) FROM title t,cast_info ci,movie_keyword mk WHERE t.id=ci.movie_id AND t.id=mk.movie_id AND t.kind_id=4 AND t.production_year<2007 AND mk.keyword_id<266;",
    "Cardinality": 320659,
    "AND Predicate Norm": [
        [
            101,
            2,
            0.5
        ],
        [
            104,
            1,
            0.9136690647482014
        ],
        [
            74,
            1,
            0.0019751209295738956
        ]
    ],
    "Tables": [
        16,
        2,
        19
    ],
    "Joins": [
        "98-21",
        "98-75"
    ]
}