{
    "Query Number": "Synthetic_1806",
    "Query": "SELECT COUNT(*) FROM title t,cast_info ci,movie_info mi WHERE t.id=ci.movie_id AND t.id=mi.movie_id AND t.production_year<2010 AND ci.person_id>2916473 AND ci.role_id>2 AND mi.info_type_id<16;",
    "Cardinality": 48830895,
    "AND Predicate Norm": [
        [
            104,
            1,
            0.935251798561151
        ],
        [
            24,
            3,
            0.7180024249586096
        ],
        [
            26,
            3,
            0.1
        ],
        [
            65,
            1,
            0.13761467889908258
        ]
    ],
    "Tables": [
        16,
        2,
        17
    ],
    "Joins": [
        "98-21",
        "98-66"
    ]
}