{
    "Query Number": "Synthetic_1714",
    "Query": "SELECT COUNT(*) FROM title t,movie_info mi,movie_info_idx mi_idx WHERE t.id=mi.movie_id AND t.id=mi_idx.movie_id AND t.production_year=1971 AND mi.info_type_id>13 AND mi_idx.info_type_id<100;",
    "Cardinality": 19725,
    "AND Predicate Norm": [
        [
            104,
            2,
            0.6546762589928058
        ],
        [
            65,
            3,
            0.11009174311926606
        ],
        [
            70,
            1,
            0.07142857142857142
        ]
    ],
    "Tables": [
        16,
        17,
        18
    ],
    "Joins": [
        "98-66",
        "98-71"
    ]
}