{
    "Query Number": "Synthetic_1604",
    "Query": "SELECT COUNT(*) FROM title t,movie_companies mc,movie_info_idx mi_idx WHERE t.id=mc.movie_id AND t.id=mi_idx.movie_id AND t.production_year>1987 AND mc.company_id<49086 AND mi_idx.info_type_id>99;",
    "Cardinality": 1362404,
    "AND Predicate Norm": [
        [
            104,
            3,
            0.7697841726618705
        ],
        [
            58,
            1,
            0.20887589575992782
        ],
        [
            70,
            3,
            0.0
        ]
    ],
    "Tables": [
        16,
        12,
        18
    ],
    "Joins": [
        "98-61",
        "98-71"
    ]
}