{
    "Query Number": "Synthetic_1466",
    "Query": "SELECT COUNT(*) FROM title t,movie_companies mc,movie_info mi WHERE t.id=mc.movie_id AND t.id=mi.movie_id AND t.kind_id=7 AND t.production_year=2003 AND mc.company_id<18794 AND mc.company_type_id<2 AND mi.info_type_id=6;",
    "Cardinality": 1425,
    "AND Predicate Norm": [
        [
            101,
            2,
            1.0
        ],
        [
            104,
            2,
            0.8848920863309353
        ],
        [
            58,
            1,
            0.07997157398423803
        ],
        [
            59,
            1,
            1.0
        ],
        [
            65,
            2,
            0.045871559633027525
        ]
    ],
    "Tables": [
        16,
        12,
        17
    ],
    "Joins": [
        "98-61",
        "98-66"
    ]
}