{
    "Query Number": "Synthetic_1550",
    "Query": "SELECT COUNT(*) FROM title t,movie_companies mc,cast_info ci WHERE t.id=mc.movie_id AND t.id=ci.movie_id AND mc.company_type_id>1 AND ci.role_id>7;",
    "Cardinality": 8370000,
    "AND Predicate Norm": [
        [
            59,
            3,
            0.0
        ],
        [
            26,
            3,
            0.6
        ]
    ],
    "Tables": [
        16,
        12,
        2
    ],
    "Joins": [
        "98-61",
        "98-21"
    ]
}