{
    "Query Number": "Synthetic_1416",
    "Query": "SELECT COUNT(*) FROM title t,cast_info ci WHERE t.id=ci.movie_id AND t.kind_id=7 AND t.production_year>1983 AND ci.person_id=1044842;",
    "Cardinality": 17,
    "AND Predicate Norm": [
        [
            101,
            2,
            1.0
        ],
        [
            104,
            3,
            0.7410071942446043
        ],
        [
            24,
            2,
            0.2572280384300547
        ]
    ],
    "Tables": [
        16,
        2
    ],
    "Joins": [
        "98-21"
    ]
}