{
    "Query Number": "Synthetic_1365",
    "Query": "SELECT COUNT(*) FROM title t,movie_info_idx mi_idx WHERE t.id=mi_idx.movie_id AND t.production_year>2005 AND mi_idx.info_type_id=100;",
    "Cardinality": 143567,
    "AND Predicate Norm": [
        [
            104,
            3,
            0.8992805755395683
        ],
        [
            70,
            2,
            0.07142857142857142
        ]
    ],
    "Tables": [
        16,
        18
    ],
    "Joins": [
        "98-71"
    ]
}