{
    "Query Number": "Synthetic_1232",
    "Query": "SELECT COUNT(*) FROM title t,cast_info ci,movie_keyword mk WHERE t.id=ci.movie_id AND t.id=mk.movie_id AND t.kind_id<7 AND ci.role_id>2 AND mk.keyword_id>2562;",
    "Cardinality": 57369295,
    "AND Predicate Norm": [
        [
            101,
            1,
            1.0
        ],
        [
            26,
            3,
            0.1
        ],
        [
            74,
            3,
            0.019087866794863195
        ]
    ],
    "Tables": [
        16,
        2,
        19
    ],
    "Joins": [
        "98-21",
        "98-75"
    ]
}