{
    "Query Number": "Synthetic_1808",
    "Query": "SELECT COUNT(*) FROM title t,cast_info ci WHERE t.id=ci.movie_id AND t.kind_id=7 AND ci.person_id=2822025 AND ci.role_id<4;",
    "Cardinality": 656,
    "AND Predicate Norm": [
        [
            101,
            2,
            1.0
        ],
        [
            24,
            2,
            0.6947503954405855
        ],
        [
            26,
            1,
            0.3
        ]
    ],
    "Tables": [
        16,
        2
    ],
    "Joins": [
        "98-21"
    ]
}