{
    "Query Number": "Synthetic_1250",
    "Query": "SELECT COUNT(*) FROM title t,movie_companies mc,movie_keyword mk WHERE t.id=mc.movie_id AND t.id=mk.movie_id AND t.kind_id<7 AND t.production_year<2006 AND mc.company_type_id>1 AND mk.keyword_id=3155;",
    "Cardinality": 307,
    "AND Predicate Norm": [
        [
            101,
            1,
            1.0
        ],
        [
            104,
            1,
            0.9064748201438849
        ],
        [
            59,
            3,
            0.0
        ],
        [
            74,
            2,
            0.023507665705192703
        ]
    ],
    "Tables": [
        16,
        12,
        19
    ],
    "Joins": [
        "98-61",
        "98-75"
    ]
}