{
    "Query Number": "Synthetic_1942",
    "Query": "SELECT COUNT(*) FROM title t,movie_info mi WHERE t.id=mi.movie_id AND t.kind_id<3 AND t.production_year=2011 AND mi.info_type_id>2;",
    "Cardinality": 371120,
    "AND Predicate Norm": [
        [
            101,
            1,
            0.3333333333333333
        ],
        [
            104,
            2,
            0.9424460431654677
        ],
        [
            65,
            3,
            0.009174311926605505
        ]
    ],
    "Tables": [
        16,
        17
    ],
    "Joins": [
        "98-66"
    ]
}