{
    "Query Number": "Synthetic_1296",
    "Query": "SELECT COUNT(*) FROM title t,movie_companies mc,cast_info ci WHERE t.id=mc.movie_id AND t.id=ci.movie_id AND t.production_year<2008 AND mc.company_id=145 AND ci.person_id<405635;",
    "Cardinality": 21300,
    "AND Predicate Norm": [
        [
            104,
            1,
            0.920863309352518
        ],
        [
            58,
            2,
            0.0006127763876831946
        ],
        [
            24,
            1,
            0.09986250361589641
        ]
    ],
    "Tables": [
        16,
        12,
        2
    ],
    "Joins": [
        "98-61",
        "98-21"
    ]
}