{
    "Query Number": "Synthetic_1517",
    "Query": "SELECT COUNT(*) FROM title t,movie_companies mc WHERE t.id=mc.movie_id AND t.kind_id=3 AND t.production_year>2008 AND mc.company_id=7264 AND mc.company_type_id=2;",
    "Cardinality": 7,
    "AND Predicate Norm": [
        [
            101,
            2,
            0.3333333333333333
        ],
        [
            104,
            3,
            0.920863309352518
        ],
        [
            58,
            2,
            0.03090690905377113
        ],
        [
            59,
            2,
            1.0
        ]
    ],
    "Tables": [
        16,
        12
    ],
    "Joins": [
        "98-61"
    ]
}