{
    "Query Number": "Synthetic_1016",
    "Query": "SELECT COUNT(*) FROM title t,cast_info ci,movie_keyword mk WHERE t.id=ci.movie_id AND t.id=mk.movie_id AND ci.person_id>2853043 AND mk.keyword_id<3169;",
    "Cardinality": 22039208,
    "AND Predicate Norm": [
        [
            24,
            3,
            0.7023866762680256
        ],
        [
            74,
            1,
            0.02361201171656642
        ]
    ],
    "Tables": [
        16,
        2,
        19
    ],
    "Joins": [
        "98-21",
        "98-75"
    ]
}