{
    "Query Number": "Synthetic_1682",
    "Query": "SELECT COUNT(*) FROM title t,movie_info_idx mi_idx,movie_keyword mk WHERE t.id=mi_idx.movie_id AND t.id=mk.movie_id AND t.production_year=1963 AND mk.keyword_id>2487;",
    "Cardinality": 29568,
    "AND Predicate Norm": [
        [
            104,
            2,
            0.5971223021582733
        ],
        [
            74,
            3,
            0.01852887030536115
        ]
    ],
    "Tables": [
        16,
        18,
        19
    ],
    "Joins": [
        "98-71",
        "98-75"
    ]
}