{
    "Query Number": "Synthetic_1911",
    "Query": "SELECT COUNT(*) FROM title t,cast_info ci,movie_keyword mk WHERE t.id=ci.movie_id AND t.id=mk.movie_id AND t.production_year>2009 AND ci.person_id=986009 AND ci.role_id>3 AND mk.keyword_id>84;",
    "Cardinality": 30,
    "AND Predicate Norm": [
        [
            104,
            3,
            0.9280575539568345
        ],
        [
            24,
            2,
            0.24274401915348018
        ],
        [
            26,
            3,
            0.2
        ],
        [
            74,
            3,
            0.0006186227817155975
        ]
    ],
    "Tables": [
        16,
        2,
        19
    ],
    "Joins": [
        "98-21",
        "98-75"
    ]
}