{
    "Query Number": "Synthetic_1983",
    "Query": "SELECT COUNT(*) FROM title t,movie_info_idx mi_idx WHERE t.id=mi_idx.movie_id AND t.kind_id<7 AND t.production_year<1983 AND mi_idx.info_type_id>99;",
    "Cardinality": 179982,
    "AND Predicate Norm": [
        [
            101,
            1,
            1.0
        ],
        [
            104,
            1,
            0.7410071942446043
        ],
        [
            70,
            3,
            0.0
        ]
    ],
    "Tables": [
        16,
        18
    ],
    "Joins": [
        "98-71"
    ]
}