{
    "Query Number": "Synthetic_1072",
    "Query": "SELECT COUNT(*) FROM title t,movie_companies mc,movie_info mi WHERE t.id=mc.movie_id AND t.id=mi.movie_id AND mc.company_id<1427 AND mc.company_type_id<2;",
    "Cardinality": 14320684,
    "AND Predicate Norm": [
        [
            58,
            1,
            0.00606818839469608
        ],
        [
            59,
            1,
            1.0
        ]
    ],
    "Tables": [
        16,
        12,
        17
    ],
    "Joins": [
        "98-61",
        "98-66"
    ]
}