{
    "Query Number": "Synthetic_1898",
    "Query": "SELECT COUNT(*) FROM title t,cast_info ci,movie_keyword mk WHERE t.id=ci.movie_id AND t.id=mk.movie_id AND t.production_year<2011 AND ci.person_id>1698890 AND ci.role_id=10 AND mk.keyword_id>46085;",
    "Cardinality": 3481364,
    "AND Predicate Norm": [
        [
            104,
            1,
            0.9424460431654677
        ],
        [
            24,
            3,
            0.4182472596121297
        ],
        [
            26,
            2,
            0.9
        ],
        [
            74,
            3,
            0.34347725629616377
        ]
    ],
    "Tables": [
        16,
        2,
        19
    ],
    "Joins": [
        "98-21",
        "98-75"
    ]
}