{
    "Query Number": "Synthetic_1425",
    "Query": "SELECT COUNT(*) FROM title t,movie_info mi,movie_keyword mk WHERE t.id=mi.movie_id AND t.id=mk.movie_id AND t.kind_id>1 AND t.production_year>0 AND mi.info_type_id<105;",
    "Cardinality": 23909157,
    "AND Predicate Norm": [
        [
            101,
            3,
            0.0
        ],
        [
            104,
            3,
            -13.525179856115107
        ],
        [
            65,
            1,
            0.9541284403669725
        ]
    ],
    "Tables": [
        16,
        17,
        19
    ],
    "Joins": [
        "98-66",
        "98-75"
    ]
}