{
    "Query Number": "Synthetic_3915",
    "Query": "SELECT COUNT(*) FROM title t,movie_companies mc,cast_info ci WHERE t.id=mc.movie_id AND t.id=ci.movie_id AND mc.company_id=3982 AND mc.company_type_id>1 AND ci.person_id<402408;",
    "Cardinality": 25,
    "AND Predicate Norm": [
        [
            58,
            2,
            0.01694071388449165
        ],
        [
            59,
            3,
            0.0
        ],
        [
            24,
            1,
            0.09906805270899881
        ]
    ],
    "Tables": [
        16,
        12,
        2
    ],
    "Joins": [
        "98-61",
        "98-21"
    ]
}