{
    "Query Number": "Synthetic_3070",
    "Query": "SELECT COUNT(*) FROM title t,movie_companies mc,movie_keyword mk WHERE t.id=mc.movie_id AND t.id=mk.movie_id AND t.kind_id=1 AND mc.company_id>24088 AND mc.company_type_id=2;",
    "Cardinality": 4131893,
    "AND Predicate Norm": [
        [
            101,
            2,
            0.0
        ],
        [
            58,
            3,
            0.1024996170147577
        ],
        [
            59,
            2,
            1.0
        ]
    ],
    "Tables": [
        16,
        12,
        19
    ],
    "Joins": [
        "98-61",
        "98-75"
    ]
}