{
    "Query Number": "Synthetic_3645",
    "Query": "SELECT COUNT(*) FROM title t,movie_companies mc,movie_keyword mk WHERE t.id=mc.movie_id AND t.id=mk.movie_id AND t.kind_id<7 AND t.production_year>2010 AND mk.keyword_id=53226;",
    "Cardinality": 1,
    "AND Predicate Norm": [
        [
            101,
            1,
            1.0
        ],
        [
            104,
            3,
            0.935251798561151
        ],
        [
            74,
            2,
            0.39670117538328525
        ]
    ],
    "Tables": [
        16,
        12,
        19
    ],
    "Joins": [
        "98-61",
        "98-75"
    ]
}