{
    "Query Number": "Synthetic_3922",
    "Query": "SELECT COUNT(*) FROM title t,movie_companies mc WHERE t.id=mc.movie_id AND t.kind_id<7 AND t.production_year<1953 AND mc.company_id<19 AND mc.company_type_id<2;",
    "Cardinality": 406,
    "AND Predicate Norm": [
        [
            101,
            1,
            1.0
        ],
        [
            104,
            1,
            0.5251798561151079
        ],
        [
            58,
            1,
            7.659704846039932e-05
        ],
        [
            59,
            1,
            1.0
        ]
    ],
    "Tables": [
        16,
        12
    ],
    "Joins": [
        "98-61"
    ]
}