{
    "Query Number": "Synthetic_3307",
    "Query": "SELECT COUNT(*) FROM title t,cast_info ci,movie_info_idx mi_idx WHERE t.id=ci.movie_id AND t.id=mi_idx.movie_id AND t.kind_id=7 AND t.production_year>1998 AND ci.person_id<1781828 AND ci.role_id<2 AND mi_idx.info_type_id<101;",
    "Cardinality": 1684318,
    "AND Predicate Norm": [
        [
            101,
            2,
            1.0
        ],
        [
            104,
            3,
            0.8489208633093526
        ],
        [
            24,
            1,
            0.43866565729303225
        ],
        [
            26,
            1,
            0.1
        ],
        [
            70,
            1,
            0.14285714285714285
        ]
    ],
    "Tables": [
        16,
        2,
        18
    ],
    "Joins": [
        "98-21",
        "98-71"
    ]
}