{
    "Query Number": "Synthetic_3978",
    "Query": "SELECT COUNT(*) FROM title t,movie_info_idx mi_idx,movie_keyword mk WHERE t.id=mi_idx.movie_id AND t.id=mk.movie_id AND t.kind_id<7 AND t.production_year=2009 AND mi_idx.info_type_id>100 AND mk.keyword_id>2551;",
    "Cardinality": 76882,
    "AND Predicate Norm": [
        [
            101,
            1,
            1.0
        ],
        [
            104,
            2,
            0.9280575539568345
        ],
        [
            70,
            3,
            0.07142857142857142
        ],
        [
            74,
            3,
            0.019005880643069562
        ]
    ],
    "Tables": [
        16,
        18,
        19
    ],
    "Joins": [
        "98-71",
        "98-75"
    ]
}