{
    "Query Number": "Synthetic_3388",
    "Query": "SELECT COUNT(*) FROM title t,movie_companies mc,movie_keyword mk WHERE t.id=mc.movie_id AND t.id=mk.movie_id AND t.kind_id=7 AND t.production_year<2008 AND mc.company_id<38180 AND mk.keyword_id=11879;",
    "Cardinality": 46,
    "AND Predicate Norm": [
        [
            101,
            2,
            1.0
        ],
        [
            104,
            1,
            0.920863309352518
        ],
        [
            58,
            1,
            0.1624665951760881
        ],
        [
            74,
            2,
            0.08853013736407069
        ]
    ],
    "Tables": [
        16,
        12,
        19
    ],
    "Joins": [
        "98-61",
        "98-75"
    ]
}