{
    "Query Number": "Synthetic_3966",
    "Query": "SELECT COUNT(*) FROM title t,movie_info mi,movie_keyword mk WHERE t.id=mi.movie_id AND t.id=mk.movie_id AND mi.info_type_id>3 AND mk.keyword_id<32880;",
    "Cardinality": 188735246,
    "AND Predicate Norm": [
        [
            65,
            3,
            0.01834862385321101
        ],
        [
            74,
            1,
            0.24505660771117024
        ]
    ],
    "Tables": [
        16,
        17,
        19
    ],
    "Joins": [
        "98-66",
        "98-75"
    ]
}