{
    "Query Number": "Synthetic_3898",
    "Query": "SELECT COUNT(*) FROM title t,movie_companies mc,cast_info ci WHERE t.id=mc.movie_id AND t.id=ci.movie_id AND t.kind_id>1 AND ci.person_id<2346137;",
    "Cardinality": 19221295,
    "AND Predicate Norm": [
        [
            101,
            3,
            0.0
        ],
        [
            24,
            1,
            0.5775921515045206
        ]
    ],
    "Tables": [
        16,
        12,
        2
    ],
    "Joins": [
        "98-61",
        "98-21"
    ]
}