{
    "Query Number": "Synthetic_3335",
    "Query": "SELECT COUNT(*) FROM title t,movie_companies mc,movie_keyword mk WHERE t.id=mc.movie_id AND t.id=mk.movie_id AND t.production_year<2007 AND mc.company_id<50752 AND mc.company_type_id>1 AND mk.keyword_id=27111;",
    "Cardinality": 22,
    "AND Predicate Norm": [
        [
            104,
            1,
            0.9136690647482014
        ],
        [
            58,
            1,
            0.2159653781340959
        ],
        [
            59,
            3,
            0.0
        ],
        [
            74,
            2,
            0.20205859773867288
        ]
    ],
    "Tables": [
        16,
        12,
        19
    ],
    "Joins": [
        "98-61",
        "98-75"
    ]
}