{
    "Query Number": "Synthetic_3475",
    "Query": "SELECT COUNT(*) FROM title t,movie_companies mc,movie_keyword mk WHERE t.id=mc.movie_id AND t.id=mk.movie_id AND mc.company_id=836 AND mc.company_type_id=1 AND mk.keyword_id<355;",
    "Cardinality": 33,
    "AND Predicate Norm": [
        [
            58,
            2,
            0.003553251970246302
        ],
        [
            59,
            2,
            0.0
        ],
        [
            74,
            1,
            0.0026384634304496566
        ]
    ],
    "Tables": [
        16,
        12,
        19
    ],
    "Joins": [
        "98-61",
        "98-75"
    ]
}