{
    "Query Number": "Synthetic_3905",
    "Query": "SELECT COUNT(*) FROM title t,movie_info mi,movie_info_idx mi_idx WHERE t.id=mi.movie_id AND t.id=mi_idx.movie_id AND t.kind_id=7 AND t.production_year<2007 AND mi.info_type_id<107;",
    "Cardinality": 2596371,
    "AND Predicate Norm": [
        [
            101,
            2,
            1.0
        ],
        [
            104,
            1,
            0.9136690647482014
        ],
        [
            65,
            1,
            0.9724770642201835
        ]
    ],
    "Tables": [
        16,
        17,
        18
    ],
    "Joins": [
        "98-66",
        "98-71"
    ]
}