{
    "Query Number": "Synthetic_3113",
    "Query": "SELECT COUNT(*) FROM title t,movie_companies mc,movie_keyword mk WHERE t.id=mc.movie_id AND t.id=mk.movie_id AND t.kind_id=3 AND t.production_year=2008 AND mk.keyword_id>35668;",
    "Cardinality": 3888,
    "AND Predicate Norm": [
        [
            101,
            2,
            0.3333333333333333
        ],
        [
            104,
            2,
            0.920863309352518
        ],
        [
            74,
            3,
            0.26583637054759296
        ]
    ],
    "Tables": [
        16,
        12,
        19
    ],
    "Joins": [
        "98-61",
        "98-75"
    ]
}