{
    "Query Number": "Synthetic_3700",
    "Query": "SELECT COUNT(*) FROM title t,movie_info_idx mi_idx,movie_keyword mk WHERE t.id=mi_idx.movie_id AND t.id=mk.movie_id AND t.kind_id=1 AND t.production_year>1991 AND mi_idx.info_type_id=99 AND mk.keyword_id<4678;",
    "Cardinality": 640693,
    "AND Predicate Norm": [
        [
            101,
            2,
            0.0
        ],
        [
            104,
            3,
            0.7985611510791367
        ],
        [
            70,
            2,
            0.0
        ],
        [
            74,
            1,
            0.03485902108534759
        ]
    ],
    "Tables": [
        16,
        18,
        19
    ],
    "Joins": [
        "98-71",
        "98-75"
    ]
}