{
    "Query Number": "Synthetic_3586",
    "Query": "SELECT COUNT(*) FROM title t,movie_companies mc,movie_keyword mk WHERE t.id=mc.movie_id AND t.id=mk.movie_id AND mc.company_id>4025 AND mk.keyword_id>115;",
    "Cardinality": 20868520,
    "AND Predicate Norm": [
        [
            58,
            3,
            0.017123695722480382
        ],
        [
            74,
            3,
            0.0008496746640431098
        ]
    ],
    "Tables": [
        16,
        12,
        19
    ],
    "Joins": [
        "98-61",
        "98-75"
    ]
}