{
    "Query Number": "Synthetic_3506",
    "Query": "SELECT COUNT(*) FROM title t,movie_info mi WHERE t.id=mi.movie_id AND t.kind_id=7 AND t.production_year<2008 AND mi.info_type_id<7;",
    "Cardinality": 856871,
    "AND Predicate Norm": [
        [
            101,
            2,
            1.0
        ],
        [
            104,
            1,
            0.920863309352518
        ],
        [
            65,
            1,
            0.05504587155963303
        ]
    ],
    "Tables": [
        16,
        17
    ],
    "Joins": [
        "98-66"
    ]
}