{
    "Query Number": "Synthetic_3257",
    "Query": "SELECT COUNT(*) FROM title t,cast_info ci,movie_keyword mk WHERE t.id=ci.movie_id AND t.id=mk.movie_id AND t.kind_id=7 AND mk.keyword_id=16191;",
    "Cardinality": 803,
    "AND Predicate Norm": [
        [
            101,
            2,
            1.0
        ],
        [
            74,
            2,
            0.12066870886717498
        ]
    ],
    "Tables": [
        16,
        2,
        19
    ],
    "Joins": [
        "98-21",
        "98-75"
    ]
}