{
    "Query Number": "Synthetic_3065",
    "Query": "SELECT COUNT(*) FROM title t,movie_info mi,movie_info_idx mi_idx WHERE t.id=mi.movie_id AND t.id=mi_idx.movie_id AND mi.info_type_id=61 AND mi_idx.info_type_id=100;",
    "Cardinality": 6584,
    "AND Predicate Norm": [
        [
            65,
            2,
            0.5504587155963303
        ],
        [
            70,
            2,
            0.07142857142857142
        ]
    ],
    "Tables": [
        16,
        17,
        18
    ],
    "Joins": [
        "98-66",
        "98-71"
    ]
}