{
    "Query Number": "Synthetic_3374",
    "Query": "SELECT COUNT(*) FROM title t,movie_companies mc,cast_info ci WHERE t.id=mc.movie_id AND t.id=ci.movie_id AND mc.company_id=44292 AND mc.company_type_id=1 AND ci.role_id<2;",
    "Cardinality": 20,
    "AND Predicate Norm": [
        [
            58,
            2,
            0.1884755485199748
        ],
        [
            59,
            2,
            0.0
        ],
        [
            26,
            1,
            0.1
        ]
    ],
    "Tables": [
        16,
        12,
        2
    ],
    "Joins": [
        "98-61",
        "98-21"
    ]
}