{
    "Query Number": "Synthetic_3923",
    "Query": "SELECT COUNT(*) FROM title t,movie_companies mc,movie_keyword mk WHERE t.id=mc.movie_id AND t.id=mk.movie_id AND t.production_year<1904 AND mc.company_id>97694 AND mk.keyword_id<2109;",
    "Cardinality": 57,
    "AND Predicate Norm": [
        [
            104,
            1,
            0.17266187050359713
        ],
        [
            58,
            3,
            0.41572196973565506
        ],
        [
            74,
            1,
            0.015711527998270837
        ]
    ],
    "Tables": [
        16,
        12,
        19
    ],
    "Joins": [
        "98-61",
        "98-75"
    ]
}