{
    "Query Number": "Synthetic_3627",
    "Query": "SELECT COUNT(*) FROM title t,movie_companies mc,movie_info mi WHERE t.id=mc.movie_id AND t.id=mi.movie_id AND mc.company_id=4625 AND mc.company_type_id=1;",
    "Cardinality": 68225,
    "AND Predicate Norm": [
        [
            58,
            2,
            0.01967693067116036
        ],
        [
            59,
            2,
            0.0
        ]
    ],
    "Tables": [
        16,
        12,
        17
    ],
    "Joins": [
        "98-61",
        "98-66"
    ]
}