{
    "Query Number": "Synthetic_3466",
    "Query": "SELECT COUNT(*) FROM title t,movie_companies mc,movie_info mi WHERE t.id=mc.movie_id AND t.id=mi.movie_id AND t.kind_id<7 AND t.production_year>2010 AND mc.company_id<131104 AND mc.company_type_id=1 AND mi.info_type_id<4;",
    "Cardinality": 271896,
    "AND Predicate Norm": [
        [
            101,
            1,
            1.0
        ],
        [
            104,
            3,
            0.935251798561151
        ],
        [
            58,
            1,
            0.5578946024613185
        ],
        [
            59,
            2,
            0.0
        ],
        [
            65,
            1,
            0.027522935779816515
        ]
    ],
    "Tables": [
        16,
        12,
        17
    ],
    "Joins": [
        "98-61",
        "98-66"
    ]
}