{
    "Query Number": "Synthetic_3312",
    "Query": "SELECT COUNT(*) FROM title t,movie_info_idx mi_idx,movie_keyword mk WHERE t.id=mi_idx.movie_id AND t.id=mk.movie_id AND t.production_year=2004 AND mk.keyword_id=7405;",
    "Cardinality": 12,
    "AND Predicate Norm": [
        [
            104,
            2,
            0.8920863309352518
        ],
        [
            74,
            2,
            0.055184133443641974
        ]
    ],
    "Tables": [
        16,
        18,
        19
    ],
    "Joins": [
        "98-71",
        "98-75"
    ]
}