{
    "Query Number": "Synthetic_3638",
    "Query": "SELECT COUNT(*) FROM title t,cast_info ci,movie_info_idx mi_idx WHERE t.id=ci.movie_id AND t.id=mi_idx.movie_id AND t.kind_id<7 AND t.production_year>2011 AND ci.person_id>2173234 AND ci.role_id>3 AND mi_idx.info_type_id=100;",
    "Cardinality": 97576,
    "AND Predicate Norm": [
        [
            101,
            1,
            1.0
        ],
        [
            104,
            3,
            0.9424460431654677
        ],
        [
            24,
            3,
            0.5350253882087926
        ],
        [
            26,
            3,
            0.2
        ],
        [
            70,
            2,
            0.07142857142857142
        ]
    ],
    "Tables": [
        16,
        2,
        18
    ],
    "Joins": [
        "98-21",
        "98-71"
    ]
}