{
    "Query Number": "Synthetic_3308",
    "Query": "SELECT COUNT(*) FROM title t,movie_info mi WHERE t.id=mi.movie_id AND t.kind_id<7 AND t.production_year=1974 AND mi.info_type_id>18;",
    "Cardinality": 4536,
    "AND Predicate Norm": [
        [
            101,
            1,
            1.0
        ],
        [
            104,
            2,
            0.6762589928057554
        ],
        [
            65,
            3,
            0.1559633027522936
        ]
    ],
    "Tables": [
        16,
        17
    ],
    "Joins": [
        "98-66"
    ]
}