{
    "Query Number": "Synthetic_3558",
    "Query": "SELECT COUNT(*) FROM title t,movie_companies mc,cast_info ci WHERE t.id=mc.movie_id AND t.id=ci.movie_id AND mc.company_id>234 AND ci.person_id<987868;",
    "Cardinality": 19524378,
    "AND Predicate Norm": [
        [
            58,
            3,
            0.0009915062384040579
        ],
        [
            24,
            1,
            0.24320168393064864
        ]
    ],
    "Tables": [
        16,
        12,
        2
    ],
    "Joins": [
        "98-61",
        "98-21"
    ]
}