{
    "Query Number": "Synthetic_3164",
    "Query": "SELECT COUNT(*) FROM title t,cast_info ci,movie_info mi WHERE t.id=ci.movie_id AND t.id=mi.movie_id AND ci.person_id=2318950 AND ci.role_id<8 AND mi.info_type_id<13;",
    "Cardinality": 613,
    "AND Predicate Norm": [
        [
            24,
            2,
            0.5708990195535368
        ],
        [
            26,
            1,
            0.7
        ],
        [
            65,
            1,
            0.11009174311926606
        ]
    ],
    "Tables": [
        16,
        2,
        17
    ],
    "Joins": [
        "98-21",
        "98-66"
    ]
}