{
    "Query Number": "Synthetic_3576",
    "Query": "SELECT COUNT(*) FROM title t,cast_info ci,movie_info mi WHERE t.id=ci.movie_id AND t.id=mi.movie_id AND t.production_year>2012 AND ci.person_id>1272734 AND mi.info_type_id>17;",
    "Cardinality": 947534,
    "AND Predicate Norm": [
        [
            104,
            3,
            0.9496402877697842
        ],
        [
            24,
            3,
            0.3133324716729137
        ],
        [
            65,
            3,
            0.14678899082568808
        ]
    ],
    "Tables": [
        16,
        2,
        17
    ],
    "Joins": [
        "98-21",
        "98-66"
    ]
}