{
    "Query Number": "Synthetic_3875",
    "Query": "SELECT COUNT(*) FROM title t,cast_info ci,movie_keyword mk WHERE t.id=ci.movie_id AND t.id=mk.movie_id AND ci.person_id<2664312 AND mk.keyword_id<33730;",
    "Cardinality": 132311278,
    "AND Predicate Norm": [
        [
            24,
            1,
            0.6559232383660456
        ],
        [
            74,
            1,
            0.2513919012588601
        ]
    ],
    "Tables": [
        16,
        2,
        19
    ],
    "Joins": [
        "98-21",
        "98-75"
    ]
}