{
    "Query Number": "Synthetic_3529",
    "Query": "SELECT COUNT(*) FROM title t,movie_companies mc WHERE t.id=mc.movie_id AND t.production_year<2005 AND mc.company_id>7696 AND mc.company_type_id=2;",
    "Cardinality": 593926,
    "AND Predicate Norm": [
        [
            104,
            1,
            0.8992805755395683
        ],
        [
            58,
            3,
            0.03274523821682071
        ],
        [
            59,
            2,
            1.0
        ]
    ],
    "Tables": [
        16,
        12
    ],
    "Joins": [
        "98-61"
    ]
}