{
    "Query Number": "Synthetic_3250",
    "Query": "SELECT COUNT(*) FROM title t,movie_info mi,movie_keyword mk WHERE t.id=mi.movie_id AND t.id=mk.movie_id AND t.kind_id<7 AND mi.info_type_id=16 AND mk.keyword_id<11662;",
    "Cardinality": 23900796,
    "AND Predicate Norm": [
        [
            101,
            1,
            1.0
        ],
        [
            65,
            2,
            0.13761467889908258
        ],
        [
            74,
            1,
            0.0869127741877781
        ]
    ],
    "Tables": [
        16,
        17,
        19
    ],
    "Joins": [
        "98-66",
        "98-75"
    ]
}