{
    "Query Number": "Synthetic_3622",
    "Query": "SELECT COUNT(*) FROM title t,cast_info ci WHERE t.id=ci.movie_id AND t.kind_id<7 AND ci.person_id<861839 AND ci.role_id=3;",
    "Cardinality": 229269,
    "AND Predicate Norm": [
        [
            101,
            1,
            1.0
        ],
        [
            24,
            1,
            0.21217476935196983
        ],
        [
            26,
            2,
            0.2
        ]
    ],
    "Tables": [
        16,
        2
    ],
    "Joins": [
        "98-21"
    ]
}