{
    "Query Number": "Synthetic_3955",
    "Query": "SELECT COUNT(*) FROM title t,movie_info_idx mi_idx,movie_keyword mk WHERE t.id=mi_idx.movie_id AND t.id=mk.movie_id AND t.production_year>1991 AND mk.keyword_id=807;",
    "Cardinality": 6127,
    "AND Predicate Norm": [
        [
            104,
            3,
            0.7985611510791367
        ],
        [
            74,
            2,
            0.00600734894051532
        ]
    ],
    "Tables": [
        16,
        18,
        19
    ],
    "Joins": [
        "98-71",
        "98-75"
    ]
}