{
    "Query Number": "Synthetic_3508",
    "Query": "SELECT COUNT(*) FROM title t,movie_info mi,movie_keyword mk WHERE t.id=mi.movie_id AND t.id=mk.movie_id AND t.kind_id<3 AND t.production_year=1988 AND mi.info_type_id>16 AND mk.keyword_id<5069;",
    "Cardinality": 504867,
    "AND Predicate Norm": [
        [
            101,
            1,
            0.3333333333333333
        ],
        [
            104,
            2,
            0.7769784172661871
        ],
        [
            65,
            3,
            0.13761467889908258
        ],
        [
            74,
            1,
            0.037773256117284916
        ]
    ],
    "Tables": [
        16,
        17,
        19
    ],
    "Joins": [
        "98-66",
        "98-75"
    ]
}