{
    "Query Number": "Synthetic_3623",
    "Query": "SELECT COUNT(*) FROM title t,movie_companies mc,movie_info_idx mi_idx WHERE t.id=mc.movie_id AND t.id=mi_idx.movie_id AND mc.company_id<2609 AND mc.company_type_id>1 AND mi_idx.info_type_id<101;",
    "Cardinality": 223678,
    "AND Predicate Norm": [
        [
            58,
            1,
            0.011098061243595636
        ],
        [
            59,
            3,
            0.0
        ],
        [
            70,
            1,
            0.14285714285714285
        ]
    ],
    "Tables": [
        16,
        12,
        18
    ],
    "Joins": [
        "98-61",
        "98-71"
    ]
}