{
    "Query Number": "Synthetic_3732",
    "Query": "SELECT COUNT(*) FROM title t,movie_companies mc,movie_keyword mk WHERE t.id=mc.movie_id AND t.id=mk.movie_id AND t.production_year=2004 AND mk.keyword_id>50942;",
    "Cardinality": 99705,
    "AND Predicate Norm": [
        [
            104,
            2,
            0.8920863309352518
        ],
        [
            74,
            3,
            0.3796778689563163
        ]
    ],
    "Tables": [
        16,
        12,
        19
    ],
    "Joins": [
        "98-61",
        "98-75"
    ]
}