{
    "Query Number": "Synthetic_3843",
    "Query": "SELECT COUNT(*) FROM title t,movie_info mi,movie_keyword mk WHERE t.id=mi.movie_id AND t.id=mk.movie_id AND t.kind_id>1 AND t.production_year>2002 AND mi.info_type_id=8 AND mk.keyword_id<5234;",
    "Cardinality": 362662,
    "AND Predicate Norm": [
        [
            101,
            3,
            0.0
        ],
        [
            104,
            3,
            0.8776978417266187
        ],
        [
            65,
            2,
            0.06422018348623854
        ],
        [
            74,
            1,
            0.039003048394189416
        ]
    ],
    "Tables": [
        16,
        17,
        19
    ],
    "Joins": [
        "98-66",
        "98-75"
    ]
}