{
    "Query Number": "Synthetic_3630",
    "Query": "SELECT COUNT(*) FROM title t,movie_companies mc,movie_info mi WHERE t.id=mc.movie_id AND t.id=mi.movie_id AND t.production_year=2001 AND mc.company_id=67;",
    "Cardinality": 1381,
    "AND Predicate Norm": [
        [
            104,
            2,
            0.8705035971223022
        ],
        [
            58,
            2,
            0.00028085584435479755
        ]
    ],
    "Tables": [
        16,
        12,
        17
    ],
    "Joins": [
        "98-61",
        "98-66"
    ]
}