{
    "Query Number": "Synthetic_3353",
    "Query": "SELECT COUNT(*) FROM title t,movie_companies mc,cast_info ci WHERE t.id=mc.movie_id AND t.id=ci.movie_id AND t.kind_id=7 AND mc.company_id<156232 AND mc.company_type_id<2;",
    "Cardinality": 10411010,
    "AND Predicate Norm": [
        [
            101,
            2,
            1.0
        ],
        [
            58,
            1,
            0.6648240821120359
        ],
        [
            59,
            1,
            1.0
        ]
    ],
    "Tables": [
        16,
        12,
        2
    ],
    "Joins": [
        "98-61",
        "98-21"
    ]
}