{
    "Query Number": "Synthetic_3902",
    "Query": "SELECT COUNT(*) FROM title t,movie_companies mc,movie_keyword mk WHERE t.id=mc.movie_id AND t.id=mk.movie_id AND t.kind_id<7 AND mk.keyword_id<3384;",
    "Cardinality": 13625959,
    "AND Predicate Norm": [
        [
            101,
            1,
            1.0
        ],
        [
            74,
            1,
            0.02521446831980562
        ]
    ],
    "Tables": [
        16,
        12,
        19
    ],
    "Joins": [
        "98-61",
        "98-75"
    ]
}