{
    "Query Number": "Synthetic_3970",
    "Query": "SELECT COUNT(*) FROM title t,movie_companies mc,movie_info_idx mi_idx WHERE t.id=mc.movie_id AND t.id=mi_idx.movie_id AND t.production_year<1979 AND mi_idx.info_type_id>100;",
    "Cardinality": 341501,
    "AND Predicate Norm": [
        [
            104,
            1,
            0.7122302158273381
        ],
        [
            70,
            3,
            0.07142857142857142
        ]
    ],
    "Tables": [
        16,
        12,
        18
    ],
    "Joins": [
        "98-61",
        "98-71"
    ]
}