{
    "Query Number": "Synthetic_3262",
    "Query": "SELECT COUNT(*) FROM title t,movie_companies mc,movie_keyword mk WHERE t.id=mc.movie_id AND t.id=mk.movie_id AND mc.company_id<6 AND mc.company_type_id=2;",
    "Cardinality": 2319,
    "AND Predicate Norm": [
        [
            58,
            1,
            2.127695790566648e-05
        ],
        [
            59,
            2,
            1.0
        ]
    ],
    "Tables": [
        16,
        12,
        19
    ],
    "Joins": [
        "98-61",
        "98-75"
    ]
}