{
    "Query Number": "Synthetic_3050",
    "Query": "SELECT COUNT(*) FROM title t,movie_companies mc,movie_info_idx mi_idx WHERE t.id=mc.movie_id AND t.id=mi_idx.movie_id AND t.kind_id=7 AND mc.company_id<102992;",
    "Cardinality": 890676,
    "AND Predicate Norm": [
        [
            101,
            2,
            1.0
        ],
        [
            58,
            1,
            0.43826703433249925
        ]
    ],
    "Tables": [
        16,
        12,
        18
    ],
    "Joins": [
        "98-61",
        "98-71"
    ]
}