{
    "Query Number": "Synthetic_3668",
    "Query": "SELECT COUNT(*) FROM title t,movie_info mi,movie_keyword mk WHERE t.id=mi.movie_id AND t.id=mk.movie_id AND t.production_year=2011 AND mi.info_type_id=3;",
    "Cardinality": 225632,
    "AND Predicate Norm": [
        [
            104,
            2,
            0.9424460431654677
        ],
        [
            65,
            2,
            0.01834862385321101
        ]
    ],
    "Tables": [
        16,
        17,
        19
    ],
    "Joins": [
        "98-66",
        "98-75"
    ]
}