{
    "Query Number": "Synthetic_3135",
    "Query": "SELECT COUNT(*) FROM title t,movie_companies mc,cast_info ci WHERE t.id=mc.movie_id AND t.id=ci.movie_id AND t.kind_id<7 AND ci.role_id<2;",
    "Cardinality": 21399133,
    "AND Predicate Norm": [
        [
            101,
            1,
            1.0
        ],
        [
            26,
            1,
            0.1
        ]
    ],
    "Tables": [
        16,
        12,
        2
    ],
    "Joins": [
        "98-61",
        "98-21"
    ]
}