{
    "Query Number": "Synthetic_3321",
    "Query": "SELECT COUNT(*) FROM title t,movie_info mi,movie_keyword mk WHERE t.id=mi.movie_id AND t.id=mk.movie_id AND t.kind_id>2 AND t.production_year>1986 AND mi.info_type_id<7;",
    "Cardinality": 5454222,
    "AND Predicate Norm": [
        [
            101,
            3,
            0.16666666666666666
        ],
        [
            104,
            3,
            0.762589928057554
        ],
        [
            65,
            1,
            0.05504587155963303
        ]
    ],
    "Tables": [
        16,
        17,
        19
    ],
    "Joins": [
        "98-66",
        "98-75"
    ]
}