{
    "Query Number": "Synthetic_3234",
    "Query": "SELECT COUNT(*) FROM title t,movie_companies mc,cast_info ci WHERE t.id=mc.movie_id AND t.id=ci.movie_id AND t.production_year<1979 AND mc.company_type_id>1 AND ci.person_id>4034290 AND ci.role_id>3;",
    "Cardinality": 23920,
    "AND Predicate Norm": [
        [
            104,
            1,
            0.7122302158273381
        ],
        [
            59,
            3,
            0.0
        ],
        [
            24,
            3,
            0.9931963293266124
        ],
        [
            26,
            3,
            0.2
        ]
    ],
    "Tables": [
        16,
        12,
        2
    ],
    "Joins": [
        "98-61",
        "98-21"
    ]
}