{
    "Query Number": "Synthetic_3026",
    "Query": "SELECT COUNT(*) FROM title t,cast_info ci WHERE t.id=ci.movie_id AND t.kind_id<7 AND t.production_year>2011 AND ci.person_id<1038895 AND ci.role_id<4;",
    "Cardinality": 274387,
    "AND Predicate Norm": [
        [
            101,
            1,
            1.0
        ],
        [
            104,
            3,
            0.9424460431654677
        ],
        [
            24,
            1,
            0.25576395428276
        ],
        [
            26,
            1,
            0.3
        ]
    ],
    "Tables": [
        16,
        2
    ],
    "Joins": [
        "98-21"
    ]
}