{
    "Query Number": "Synthetic_3229",
    "Query": "SELECT COUNT(*) FROM title t,movie_info_idx mi_idx,movie_keyword mk WHERE t.id=mi_idx.movie_id AND t.id=mk.movie_id AND t.production_year>2010 AND mk.keyword_id<3322;",
    "Cardinality": 210693,
    "AND Predicate Norm": [
        [
            104,
            3,
            0.935251798561151
        ],
        [
            74,
            1,
            0.024752364555150595
        ]
    ],
    "Tables": [
        16,
        18,
        19
    ],
    "Joins": [
        "98-71",
        "98-75"
    ]
}