{
    "Query Number": "Synthetic_3504",
    "Query": "SELECT COUNT(*) FROM title t,cast_info ci WHERE t.id=ci.movie_id AND t.kind_id=1 AND ci.person_id=1325281 AND ci.role_id<10;",
    "Cardinality": 5,
    "AND Predicate Norm": [
        [
            101,
            2,
            0.0
        ],
        [
            24,
            2,
            0.32626894883583524
        ],
        [
            26,
            1,
            0.9
        ]
    ],
    "Tables": [
        16,
        2
    ],
    "Joins": [
        "98-21"
    ]
}