{
    "Query Number": "Synthetic_3755",
    "Query": "SELECT COUNT(*) FROM title t,movie_info_idx mi_idx,movie_keyword mk WHERE t.id=mi_idx.movie_id AND t.id=mk.movie_id AND t.kind_id>1 AND mk.keyword_id=658;",
    "Cardinality": 2304,
    "AND Predicate Norm": [
        [
            101,
            3,
            0.0
        ],
        [
            74,
            2,
            0.004896809248037922
        ]
    ],
    "Tables": [
        16,
        18,
        19
    ],
    "Joins": [
        "98-71",
        "98-75"
    ]
}