{
    "Query Number": "Synthetic_3232",
    "Query": "SELECT COUNT(*) FROM title t,cast_info ci,movie_info mi WHERE t.id=ci.movie_id AND t.id=mi.movie_id AND t.kind_id<4 AND t.production_year<2006 AND ci.person_id>3975924;",
    "Cardinality": 4665625,
    "AND Predicate Norm": [
        [
            101,
            1,
            0.5
        ],
        [
            104,
            1,
            0.9064748201438849
        ],
        [
            24,
            3,
            0.9788272801688854
        ]
    ],
    "Tables": [
        16,
        2,
        17
    ],
    "Joins": [
        "98-21",
        "98-66"
    ]
}