{
    "Query Number": "Synthetic_3696",
    "Query": "SELECT COUNT(*) FROM title t,movie_companies mc,movie_info_idx mi_idx WHERE t.id=mc.movie_id AND t.id=mi_idx.movie_id AND t.kind_id=1 AND mc.company_id=419 AND mc.company_type_id>1;",
    "Cardinality": 1051,
    "AND Predicate Norm": [
        [
            101,
            2,
            0.0
        ],
        [
            58,
            2,
            0.0017787536809137177
        ],
        [
            59,
            3,
            0.0
        ]
    ],
    "Tables": [
        16,
        12,
        18
    ],
    "Joins": [
        "98-61",
        "98-71"
    ]
}