{
    "Query Number": "Synthetic_3590",
    "Query": "SELECT COUNT(*) FROM title t,cast_info ci WHERE t.id=ci.movie_id AND t.production_year=2006 AND ci.person_id>1165308 AND ci.role_id>1;",
    "Cardinality": 977911,
    "AND Predicate Norm": [
        [
            104,
            2,
            0.9064748201438849
        ],
        [
            24,
            3,
            0.28688540531890666
        ],
        [
            26,
            3,
            0.0
        ]
    ],
    "Tables": [
        16,
        2
    ],
    "Joins": [
        "98-21"
    ]
}