{
    "Query Number": "Synthetic_3299",
    "Query": "SELECT COUNT(*) FROM title t,cast_info ci,movie_keyword mk WHERE t.id=ci.movie_id AND t.id=mk.movie_id AND ci.person_id=3046083 AND mk.keyword_id>875;",
    "Cardinality": 132,
    "AND Predicate Norm": [
        [
            24,
            2,
            0.7499109412409141
        ],
        [
            74,
            3,
            0.006514172424330509
        ]
    ],
    "Tables": [
        16,
        2,
        19
    ],
    "Joins": [
        "98-21",
        "98-75"
    ]
}