{
    "Query Number": "Synthetic_3886",
    "Query": "SELECT COUNT(*) FROM title t,cast_info ci,movie_keyword mk WHERE t.id=ci.movie_id AND t.id=mk.movie_id AND t.production_year=1999 AND mk.keyword_id>2163;",
    "Cardinality": 3671786,
    "AND Predicate Norm": [
        [
            104,
            2,
            0.8561151079136691
        ],
        [
            74,
            3,
            0.01611400547071231
        ]
    ],
    "Tables": [
        16,
        2,
        19
    ],
    "Joins": [
        "98-21",
        "98-75"
    ]
}