{
    "Query Number": "Synthetic_3568",
    "Query": "SELECT COUNT(*) FROM title t,movie_companies mc,movie_keyword mk WHERE t.id=mc.movie_id AND t.id=mk.movie_id AND mc.company_id<11339 AND mk.keyword_id<10093;",
    "Cardinality": 12467749,
    "AND Predicate Norm": [
        [
            58,
            1,
            0.04824762974688931
        ],
        [
            74,
            1,
            0.0752185676273953
        ]
    ],
    "Tables": [
        16,
        12,
        19
    ],
    "Joins": [
        "98-61",
        "98-75"
    ]
}