{
    "Query Number": "Synthetic_3465",
    "Query": "SELECT COUNT(*) FROM title t,movie_companies mc,movie_info mi WHERE t.id=mc.movie_id AND t.id=mi.movie_id AND t.kind_id=1 AND t.production_year>2000 AND mi.info_type_id=18;",
    "Cardinality": 1032553,
    "AND Predicate Norm": [
        [
            101,
            2,
            0.0
        ],
        [
            104,
            3,
            0.8633093525179856
        ],
        [
            65,
            2,
            0.1559633027522936
        ]
    ],
    "Tables": [
        16,
        12,
        17
    ],
    "Joins": [
        "98-61",
        "98-66"
    ]
}