{
    "Query Number": "Synthetic_3228",
    "Query": "SELECT COUNT(*) FROM title t,cast_info ci,movie_info mi WHERE t.id=ci.movie_id AND t.id=mi.movie_id AND ci.role_id=10 AND mi.info_type_id<8;",
    "Cardinality": 26428454,
    "AND Predicate Norm": [
        [
            26,
            2,
            0.9
        ],
        [
            65,
            1,
            0.06422018348623854
        ]
    ],
    "Tables": [
        16,
        2,
        17
    ],
    "Joins": [
        "98-21",
        "98-66"
    ]
}