{
    "Query Number": "Synthetic_3839",
    "Query": "SELECT COUNT(*) FROM title t,cast_info ci WHERE t.id=ci.movie_id AND t.kind_id>1 AND t.production_year<2003 AND ci.role_id=3;",
    "Cardinality": 1006019,
    "AND Predicate Norm": [
        [
            101,
            3,
            0.0
        ],
        [
            104,
            1,
            0.8848920863309353
        ],
        [
            26,
            2,
            0.2
        ]
    ],
    "Tables": [
        16,
        2
    ],
    "Joins": [
        "98-21"
    ]
}