{
    "Query Number": "Synthetic_3649",
    "Query": "SELECT COUNT(*) FROM title t,cast_info ci,movie_info_idx mi_idx WHERE t.id=ci.movie_id AND t.id=mi_idx.movie_id AND t.kind_id<7 AND t.production_year=2007 AND ci.person_id=3800935 AND ci.role_id>5 AND mi_idx.info_type_id<101;",
    "Cardinality": 6,
    "AND Predicate Norm": [
        [
            101,
            1,
            1.0
        ],
        [
            104,
            2,
            0.9136690647482014
        ],
        [
            24,
            2,
            0.9357469672630587
        ],
        [
            26,
            3,
            0.4
        ],
        [
            70,
            1,
            0.14285714285714285
        ]
    ],
    "Tables": [
        16,
        2,
        18
    ],
    "Joins": [
        "98-21",
        "98-71"
    ]
}