{
    "Query Number": "Synthetic_3810",
    "Query": "SELECT COUNT(*) FROM title t,movie_info_idx mi_idx,movie_keyword mk WHERE t.id=mi_idx.movie_id AND t.id=mk.movie_id AND t.kind_id=1 AND t.production_year>1964 AND mi_idx.info_type_id=99 AND mk.keyword_id=1046;",
    "Cardinality": 730,
    "AND Predicate Norm": [
        [
            101,
            2,
            0.0
        ],
        [
            104,
            3,
            0.60431654676259
        ],
        [
            70,
            2,
            0.0
        ],
        [
            74,
            2,
            0.007788684420395173
        ]
    ],
    "Tables": [
        16,
        18,
        19
    ],
    "Joins": [
        "98-71",
        "98-75"
    ]
}