{
    "Query Number": "Synthetic_3269",
    "Query": "SELECT COUNT(*) FROM title t,movie_companies mc WHERE t.id=mc.movie_id AND t.production_year<2008 AND mc.company_id<930 AND mc.company_type_id>1;",
    "Cardinality": 141096,
    "AND Predicate Norm": [
        [
            104,
            1,
            0.920863309352518
        ],
        [
            58,
            1,
            0.003953258778872832
        ],
        [
            59,
            3,
            0.0
        ]
    ],
    "Tables": [
        16,
        12
    ],
    "Joins": [
        "98-61"
    ]
}