{
    "Query Number": "Synthetic_3079",
    "Query": "SELECT COUNT(*) FROM title t,cast_info ci,movie_info_idx mi_idx WHERE t.id=ci.movie_id AND t.id=mi_idx.movie_id AND t.production_year<1961 AND mi_idx.info_type_id>100;",
    "Cardinality": 1140327,
    "AND Predicate Norm": [
        [
            104,
            1,
            0.5827338129496403
        ],
        [
            70,
            3,
            0.07142857142857142
        ]
    ],
    "Tables": [
        16,
        2,
        18
    ],
    "Joins": [
        "98-21",
        "98-71"
    ]
}