{
    "Query Number": "Synthetic_3694",
    "Query": "SELECT COUNT(*) FROM title t,cast_info ci,movie_info mi WHERE t.id=ci.movie_id AND t.id=mi.movie_id AND t.kind_id=7 AND t.production_year<2013 AND ci.person_id<2713831 AND mi.info_type_id>6;",
    "Cardinality": 45200582,
    "AND Predicate Norm": [
        [
            101,
            2,
            1.0
        ],
        [
            104,
            1,
            0.9568345323741008
        ],
        [
            24,
            1,
            0.6681142561716428
        ],
        [
            65,
            3,
            0.045871559633027525
        ]
    ],
    "Tables": [
        16,
        2,
        17
    ],
    "Joins": [
        "98-21",
        "98-66"
    ]
}