{
    "Query Number": "Synthetic_3625",
    "Query": "SELECT COUNT(*) FROM title t,cast_info ci WHERE t.id=ci.movie_id AND t.kind_id=7 AND t.production_year=2010 AND ci.role_id<2;",
    "Cardinality": 447516,
    "AND Predicate Norm": [
        [
            101,
            2,
            1.0
        ],
        [
            104,
            2,
            0.935251798561151
        ],
        [
            26,
            1,
            0.1
        ]
    ],
    "Tables": [
        16,
        2
    ],
    "Joins": [
        "98-21"
    ]
}