{
    "Query Number": "Synthetic_3526",
    "Query": "SELECT COUNT(*) FROM title t,movie_companies mc WHERE t.id=mc.movie_id AND t.production_year<1981 AND mc.company_id<125342 AND mc.company_type_id>1;",
    "Cardinality": 377510,
    "AND Predicate Norm": [
        [
            104,
            1,
            0.7266187050359713
        ],
        [
            58,
            1,
            0.5333750361708285
        ],
        [
            59,
            3,
            0.0
        ]
    ],
    "Tables": [
        16,
        12
    ],
    "Joins": [
        "98-61"
    ]
}