{
    "Query Number": "Synthetic_3022",
    "Query": "SELECT COUNT(*) FROM title t,cast_info ci,movie_keyword mk WHERE t.id=ci.movie_id AND t.id=mk.movie_id AND t.kind_id<7 AND t.production_year=2005 AND mk.keyword_id>4196;",
    "Cardinality": 4830689,
    "AND Predicate Norm": [
        [
            101,
            1,
            1.0
        ],
        [
            104,
            2,
            0.8992805755395683
        ],
        [
            74,
            3,
            0.031266536979481105
        ]
    ],
    "Tables": [
        16,
        2,
        19
    ],
    "Joins": [
        "98-21",
        "98-75"
    ]
}