{
    "Query Number": "Synthetic_3522",
    "Query": "SELECT COUNT(*) FROM title t,movie_info_idx mi_idx,movie_keyword mk WHERE t.id=mi_idx.movie_id AND t.id=mk.movie_id AND t.kind_id>4 AND t.production_year>1969;",
    "Cardinality": 1158588,
    "AND Predicate Norm": [
        [
            101,
            3,
            0.5
        ],
        [
            104,
            3,
            0.6402877697841727
        ]
    ],
    "Tables": [
        16,
        18,
        19
    ],
    "Joins": [
        "98-71",
        "98-75"
    ]
}