{
    "Query Number": "Synthetic_3415",
    "Query": "SELECT COUNT(*) FROM title t,movie_companies mc,cast_info ci WHERE t.id=mc.movie_id AND t.id=ci.movie_id AND mc.company_id>525 AND mc.company_type_id<2 AND ci.person_id<1067255 AND ci.role_id<11;",
    "Cardinality": 10678683,
    "AND Predicate Norm": [
        [
            58,
            3,
            0.002229825188513847
        ],
        [
            59,
            1,
            1.0
        ],
        [
            24,
            1,
            0.2627458655686651
        ],
        [
            26,
            1,
            1.0
        ]
    ],
    "Tables": [
        16,
        12,
        2
    ],
    "Joins": [
        "98-61",
        "98-21"
    ]
}