{
    "Query Number": "Synthetic_3184",
    "Query": "SELECT COUNT(*) FROM title t,movie_companies mc,movie_info mi WHERE t.id=mc.movie_id AND t.id=mi.movie_id AND t.kind_id=1 AND t.production_year=1960 AND mi.info_type_id<7;",
    "Cardinality": 54358,
    "AND Predicate Norm": [
        [
            101,
            2,
            0.0
        ],
        [
            104,
            2,
            0.5755395683453237
        ],
        [
            65,
            1,
            0.05504587155963303
        ]
    ],
    "Tables": [
        16,
        12,
        17
    ],
    "Joins": [
        "98-61",
        "98-66"
    ]
}