{
    "Query Number": "Synthetic_3687",
    "Query": "SELECT COUNT(*) FROM title t,movie_companies mc,movie_info_idx mi_idx WHERE t.id=mc.movie_id AND t.id=mi_idx.movie_id AND mc.company_id=111169 AND mc.company_type_id>1;",
    "Cardinality": 9,
    "AND Predicate Norm": [
        [
            58,
            2,
            0.4730633712914262
        ],
        [
            59,
            3,
            0.0
        ]
    ],
    "Tables": [
        16,
        12,
        18
    ],
    "Joins": [
        "98-61",
        "98-71"
    ]
}