{
    "Query Number": "Synthetic_3941",
    "Query": "SELECT COUNT(*) FROM title t,cast_info ci,movie_info_idx mi_idx WHERE t.id=ci.movie_id AND t.id=mi_idx.movie_id AND t.kind_id>2 AND t.production_year>2008 AND ci.person_id>1015120;",
    "Cardinality": 3750033,
    "AND Predicate Norm": [
        [
            101,
            3,
            0.16666666666666666
        ],
        [
            104,
            3,
            0.920863309352518
        ],
        [
            24,
            3,
            0.24991081814656843
        ]
    ],
    "Tables": [
        16,
        2,
        18
    ],
    "Joins": [
        "98-21",
        "98-71"
    ]
}