{
    "Query Number": "Synthetic_3242",
    "Query": "SELECT COUNT(*) FROM title t,movie_info mi WHERE t.id=mi.movie_id AND t.kind_id=7 AND t.production_year<1989 AND mi.info_type_id>16;",
    "Cardinality": 139011,
    "AND Predicate Norm": [
        [
            101,
            2,
            1.0
        ],
        [
            104,
            1,
            0.7841726618705036
        ],
        [
            65,
            3,
            0.13761467889908258
        ]
    ],
    "Tables": [
        16,
        17
    ],
    "Joins": [
        "98-66"
    ]
}