{
    "Query Number": "Synthetic_3648",
    "Query": "SELECT COUNT(*) FROM title t,movie_companies mc,movie_keyword mk WHERE t.id=mc.movie_id AND t.id=mk.movie_id AND t.kind_id<3 AND t.production_year=2009 AND mk.keyword_id>57731;",
    "Cardinality": 137115,
    "AND Predicate Norm": [
        [
            101,
            1,
            0.3333333333333333
        ],
        [
            104,
            2,
            0.9280575539568345
        ],
        [
            74,
            3,
            0.43027823118604147
        ]
    ],
    "Tables": [
        16,
        12,
        19
    ],
    "Joins": [
        "98-61",
        "98-75"
    ]
}