{
    "Query Number": "Synthetic_3831",
    "Query": "SELECT COUNT(*) FROM title t,movie_companies mc WHERE t.id=mc.movie_id AND t.production_year=2004 AND mc.company_id<229543 AND mc.company_type_id<2;",
    "Cardinality": 38508,
    "AND Predicate Norm": [
        [
            104,
            2,
            0.8920863309352518
        ],
        [
            58,
            1,
            0.976791094316499
        ],
        [
            59,
            1,
            1.0
        ]
    ],
    "Tables": [
        16,
        12
    ],
    "Joins": [
        "98-61"
    ]
}