{
    "Query Number": "Synthetic_3105",
    "Query": "SELECT COUNT(*) FROM title t,movie_info_idx mi_idx,movie_keyword mk WHERE t.id=mi_idx.movie_id AND t.id=mk.movie_id AND mi_idx.info_type_id<100 AND mk.keyword_id>7844;",
    "Cardinality": 1349045,
    "AND Predicate Norm": [
        [
            70,
            1,
            0.07142857142857142
        ],
        [
            74,
            3,
            0.058456126228860615
        ]
    ],
    "Tables": [
        16,
        18,
        19
    ],
    "Joins": [
        "98-71",
        "98-75"
    ]
}