{
    "Query Number": "Synthetic_3812",
    "Query": "SELECT COUNT(*) FROM title t,cast_info ci,movie_keyword mk WHERE t.id=ci.movie_id AND t.id=mk.movie_id AND t.production_year>1995 AND ci.person_id>50842 AND ci.role_id>1;",
    "Cardinality": 95236636,
    "AND Predicate Norm": [
        [
            104,
            3,
            0.8273381294964028
        ],
        [
            24,
            3,
            0.012516479255525398
        ],
        [
            26,
            3,
            0.0
        ]
    ],
    "Tables": [
        16,
        2,
        19
    ],
    "Joins": [
        "98-21",
        "98-75"
    ]
}