{
    "Query Number": "Synthetic_3064",
    "Query": "SELECT COUNT(*) FROM title t,movie_companies mc,movie_keyword mk WHERE t.id=mc.movie_id AND t.id=mk.movie_id AND mc.company_id<1501 AND mc.company_type_id<2;",
    "Cardinality": 7146129,
    "AND Predicate Norm": [
        [
            58,
            1,
            0.006383087371699944
        ],
        [
            59,
            1,
            1.0
        ]
    ],
    "Tables": [
        16,
        12,
        19
    ],
    "Joins": [
        "98-61",
        "98-75"
    ]
}