{
    "Query Number": "Synthetic_3077",
    "Query": "SELECT COUNT(*) FROM title t,movie_info mi,movie_keyword mk WHERE t.id=mi.movie_id AND t.id=mk.movie_id AND t.kind_id=2 AND t.production_year<2008 AND mk.keyword_id=21304;",
    "Cardinality": 203,
    "AND Predicate Norm": [
        [
            101,
            2,
            0.16666666666666666
        ],
        [
            104,
            1,
            0.920863309352518
        ],
        [
            74,
            2,
            0.15877736287816113
        ]
    ],
    "Tables": [
        16,
        17,
        19
    ],
    "Joins": [
        "98-66",
        "98-75"
    ]
}