{
    "Query Number": "Synthetic_3014",
    "Query": "SELECT COUNT(*) FROM title t,cast_info ci WHERE t.id=ci.movie_id AND t.kind_id=7 AND t.production_year=2002 AND ci.person_id>2737181;",
    "Cardinality": 130700,
    "AND Predicate Norm": [
        [
            101,
            2,
            1.0
        ],
        [
            104,
            2,
            0.8776978417266187
        ],
        [
            24,
            3,
            0.6738627621140223
        ]
    ],
    "Tables": [
        16,
        2
    ],
    "Joins": [
        "98-21"
    ]
}