{
    "Query Number": "Synthetic_3891",
    "Query": "SELECT COUNT(*) FROM title t,movie_companies mc WHERE t.id=mc.movie_id AND t.production_year=1995 AND mc.company_id>83825 AND mc.company_type_id>1;",
    "Cardinality": 4142,
    "AND Predicate Norm": [
        [
            104,
            2,
            0.8273381294964028
        ],
        [
            58,
            3,
            0.3567039438969174
        ],
        [
            59,
            3,
            0.0
        ]
    ],
    "Tables": [
        16,
        12
    ],
    "Joins": [
        "98-61"
    ]
}