{
    "Query Number": "Synthetic_3331",
    "Query": "SELECT COUNT(*) FROM title t,cast_info ci,movie_info mi WHERE t.id=ci.movie_id AND t.id=mi.movie_id AND ci.person_id>2659644 AND ci.role_id<3;",
    "Cardinality": 3306547,
    "AND Predicate Norm": [
        [
            24,
            3,
            0.6547740295549523
        ],
        [
            26,
            1,
            0.2
        ]
    ],
    "Tables": [
        16,
        2,
        17
    ],
    "Joins": [
        "98-21",
        "98-66"
    ]
}