{
    "Query Number": "Synthetic_3185",
    "Query": "SELECT COUNT(*) FROM title t,cast_info ci,movie_info_idx mi_idx WHERE t.id=ci.movie_id AND t.id=mi_idx.movie_id AND t.kind_id=7 AND ci.person_id<3099303 AND mi_idx.info_type_id>100;",
    "Cardinality": 4155104,
    "AND Predicate Norm": [
        [
            101,
            2,
            1.0
        ],
        [
            24,
            1,
            0.7630131033930957
        ],
        [
            70,
            3,
            0.07142857142857142
        ]
    ],
    "Tables": [
        16,
        2,
        18
    ],
    "Joins": [
        "98-21",
        "98-71"
    ]
}