{
    "Query Number": "Synthetic_3364",
    "Query": "SELECT COUNT(*) FROM title t,movie_companies mc,movie_info mi WHERE t.id=mc.movie_id AND t.id=mi.movie_id AND t.production_year>2012 AND mi.info_type_id=18;",
    "Cardinality": 53935,
    "AND Predicate Norm": [
        [
            104,
            3,
            0.9496402877697842
        ],
        [
            65,
            2,
            0.1559633027522936
        ]
    ],
    "Tables": [
        16,
        12,
        17
    ],
    "Joins": [
        "98-61",
        "98-66"
    ]
}