{
    "Query Number": "Synthetic_3039",
    "Query": "SELECT COUNT(*) FROM title t,movie_info mi,movie_info_idx mi_idx WHERE t.id=mi.movie_id AND t.id=mi_idx.movie_id AND t.production_year=2006 AND mi_idx.info_type_id=99;",
    "Cardinality": 299349,
    "AND Predicate Norm": [
        [
            104,
            2,
            0.9064748201438849
        ],
        [
            70,
            2,
            0.0
        ]
    ],
    "Tables": [
        16,
        17,
        18
    ],
    "Joins": [
        "98-66",
        "98-71"
    ]
}