{
    "Query Number": "Synthetic_3245",
    "Query": "SELECT COUNT(*) FROM title t,movie_companies mc,movie_info mi WHERE t.id=mc.movie_id AND t.id=mi.movie_id AND t.production_year<2010 AND mc.company_id<401 AND mc.company_type_id>1;",
    "Cardinality": 1102723,
    "AND Predicate Norm": [
        [
            104,
            1,
            0.935251798561151
        ],
        [
            58,
            1,
            0.0017021566324533183
        ],
        [
            59,
            3,
            0.0
        ]
    ],
    "Tables": [
        16,
        12,
        17
    ],
    "Joins": [
        "98-61",
        "98-66"
    ]
}