{
    "Query Number": "Synthetic_3270",
    "Query": "SELECT COUNT(*) FROM title t,cast_info ci WHERE t.id=ci.movie_id AND t.kind_id=1 AND t.production_year=1993 AND ci.person_id>1013195 AND ci.role_id<3;",
    "Cardinality": 32592,
    "AND Predicate Norm": [
        [
            101,
            2,
            0.0
        ],
        [
            104,
            2,
            0.8129496402877698
        ],
        [
            24,
            3,
            0.2494369049157727
        ],
        [
            26,
            1,
            0.2
        ]
    ],
    "Tables": [
        16,
        2
    ],
    "Joins": [
        "98-21"
    ]
}