{
    "Query Number": "Synthetic_3271",
    "Query": "SELECT COUNT(*) FROM title t,movie_info mi,movie_keyword mk WHERE t.id=mi.movie_id AND t.id=mk.movie_id AND t.production_year=2001 AND mk.keyword_id>335;",
    "Cardinality": 7209513,
    "AND Predicate Norm": [
        [
            104,
            2,
            0.8705035971223022
        ],
        [
            74,
            3,
            0.002489397699915778
        ]
    ],
    "Tables": [
        16,
        17,
        19
    ],
    "Joins": [
        "98-66",
        "98-75"
    ]
}