{
    "Query Number": "Synthetic_3914",
    "Query": "SELECT COUNT(*) FROM title t,movie_info_idx mi_idx,movie_keyword mk WHERE t.id=mi_idx.movie_id AND t.id=mk.movie_id AND t.production_year<2008 AND mi_idx.info_type_id>101;",
    "Cardinality": 34165,
    "AND Predicate Norm": [
        [
            104,
            1,
            0.920863309352518
        ],
        [
            70,
            3,
            0.14285714285714285
        ]
    ],
    "Tables": [
        16,
        18,
        19
    ],
    "Joins": [
        "98-71",
        "98-75"
    ]
}