{
    "Query Number": "Synthetic_3770",
    "Query": "SELECT COUNT(*) FROM title t,movie_info mi,movie_keyword mk WHERE t.id=mi.movie_id AND t.id=mk.movie_id AND t.kind_id=1 AND t.production_year=2010 AND mi.info_type_id=16 AND mk.keyword_id=3510;",
    "Cardinality": 379,
    "AND Predicate Norm": [
        [
            101,
            2,
            0.0
        ],
        [
            104,
            2,
            0.935251798561151
        ],
        [
            65,
            2,
            0.13761467889908258
        ],
        [
            74,
            2,
            0.026153582422169055
        ]
    ],
    "Tables": [
        16,
        17,
        19
    ],
    "Joins": [
        "98-66",
        "98-75"
    ]
}