{
    "Query Number": "Synthetic_3068",
    "Query": "SELECT COUNT(*) FROM title t,movie_info mi WHERE t.id=mi.movie_id AND t.kind_id=1 AND t.production_year=2005 AND mi.info_type_id>2;",
    "Cardinality": 206587,
    "AND Predicate Norm": [
        [
            101,
            2,
            0.0
        ],
        [
            104,
            2,
            0.8992805755395683
        ],
        [
            65,
            3,
            0.009174311926605505
        ]
    ],
    "Tables": [
        16,
        17
    ],
    "Joins": [
        "98-66"
    ]
}