{
    "Query Number": "Synthetic_3854",
    "Query": "SELECT COUNT(*) FROM title t,cast_info ci,movie_keyword mk WHERE t.id=ci.movie_id AND t.id=mk.movie_id AND t.kind_id<7 AND t.production_year>1980 AND ci.role_id<10 AND mk.keyword_id>236;",
    "Cardinality": 96114712,
    "AND Predicate Norm": [
        [
            101,
            1,
            1.0
        ],
        [
            104,
            3,
            0.7194244604316546
        ],
        [
            26,
            1,
            0.9
        ],
        [
            74,
            3,
            0.0017515223337730773
        ]
    ],
    "Tables": [
        16,
        2,
        19
    ],
    "Joins": [
        "98-21",
        "98-75"
    ]
}