{
    "Query Number": "Synthetic_3316",
    "Query": "SELECT COUNT(*) FROM title t,cast_info ci,movie_info mi WHERE t.id=ci.movie_id AND t.id=mi.movie_id AND t.kind_id<3 AND t.production_year>2012 AND mi.info_type_id=7;",
    "Cardinality": 453746,
    "AND Predicate Norm": [
        [
            101,
            1,
            0.3333333333333333
        ],
        [
            104,
            3,
            0.9496402877697842
        ],
        [
            65,
            2,
            0.05504587155963303
        ]
    ],
    "Tables": [
        16,
        2,
        17
    ],
    "Joins": [
        "98-21",
        "98-66"
    ]
}