{
    "Query Number": "Synthetic_3988",
    "Query": "SELECT COUNT(*) FROM title t,cast_info ci,movie_info mi WHERE t.id=ci.movie_id AND t.id=mi.movie_id AND t.production_year<2012 AND mi.info_type_id=8;",
    "Cardinality": 21368329,
    "AND Predicate Norm": [
        [
            104,
            1,
            0.9496402877697842
        ],
        [
            65,
            2,
            0.06422018348623854
        ]
    ],
    "Tables": [
        16,
        2,
        17
    ],
    "Joins": [
        "98-21",
        "98-66"
    ]
}