{
    "Query Number": "Synthetic_3446",
    "Query": "SELECT COUNT(*) FROM title t,movie_info_idx mi_idx,movie_keyword mk WHERE t.id=mi_idx.movie_id AND t.id=mk.movie_id AND t.production_year>2000 AND mi_idx.info_type_id>99;",
    "Cardinality": 2818289,
    "AND Predicate Norm": [
        [
            104,
            3,
            0.8633093525179856
        ],
        [
            70,
            3,
            0.0
        ]
    ],
    "Tables": [
        16,
        18,
        19
    ],
    "Joins": [
        "98-71",
        "98-75"
    ]
}