{
    "Query Number": "Synthetic_3847",
    "Query": "SELECT COUNT(*) FROM title t,movie_companies mc,movie_info mi WHERE t.id=mc.movie_id AND t.id=mi.movie_id AND t.production_year=2005 AND mi.info_type_id=16;",
    "Cardinality": 502550,
    "AND Predicate Norm": [
        [
            104,
            2,
            0.8992805755395683
        ],
        [
            65,
            2,
            0.13761467889908258
        ]
    ],
    "Tables": [
        16,
        12,
        17
    ],
    "Joins": [
        "98-61",
        "98-66"
    ]
}