{
    "Query Number": "Synthetic_3592",
    "Query": "SELECT COUNT(*) FROM title t,cast_info ci WHERE t.id=ci.movie_id AND t.kind_id=7 AND t.production_year>2010 AND ci.person_id<1902253 AND ci.role_id>2;",
    "Cardinality": 487854,
    "AND Predicate Norm": [
        [
            101,
            2,
            1.0
        ],
        [
            104,
            3,
            0.935251798561151
        ],
        [
            24,
            1,
            0.46831293044554
        ],
        [
            26,
            3,
            0.1
        ]
    ],
    "Tables": [
        16,
        2
    ],
    "Joins": [
        "98-21"
    ]
}