{
    "Query Number": "Synthetic_3829",
    "Query": "SELECT COUNT(*) FROM title t,cast_info ci WHERE t.id=ci.movie_id AND t.kind_id=7 AND t.production_year>2008 AND ci.person_id<929257 AND ci.role_id>2;",
    "Cardinality": 441804,
    "AND Predicate Norm": [
        [
            101,
            2,
            1.0
        ],
        [
            104,
            3,
            0.920863309352518
        ],
        [
            24,
            1,
            0.2287723185435477
        ],
        [
            26,
            3,
            0.1
        ]
    ],
    "Tables": [
        16,
        2
    ],
    "Joins": [
        "98-21"
    ]
}