{
    "Query Number": "Synthetic_3695",
    "Query": "SELECT COUNT(*) FROM title t,movie_info_idx mi_idx,movie_keyword mk WHERE t.id=mi_idx.movie_id AND t.id=mk.movie_id AND t.production_year>2000 AND mi_idx.info_type_id=100 AND mk.keyword_id>20152;",
    "Cardinality": 298798,
    "AND Predicate Norm": [
        [
            104,
            3,
            0.8633093525179856
        ],
        [
            70,
            2,
            0.07142857142857142
        ],
        [
            74,
            3,
            0.1501911767994097
        ]
    ],
    "Tables": [
        16,
        18,
        19
    ],
    "Joins": [
        "98-71",
        "98-75"
    ]
}