{
    "Query Number": "Synthetic_3513",
    "Query": "SELECT COUNT(*) FROM title t,movie_companies mc,cast_info ci WHERE t.id=mc.movie_id AND t.id=ci.movie_id AND t.kind_id=1 AND t.production_year=1967 AND ci.person_id<3638036;",
    "Cardinality": 207836,
    "AND Predicate Norm": [
        [
            101,
            2,
            0.0
        ],
        [
            104,
            2,
            0.6258992805755396
        ],
        [
            24,
            1,
            0.8956430756353206
        ]
    ],
    "Tables": [
        16,
        12,
        2
    ],
    "Joins": [
        "98-61",
        "98-21"
    ]
}