{
    "Query Number": "Synthetic_3865",
    "Query": "SELECT COUNT(*) FROM title t,movie_companies mc,movie_info_idx mi_idx WHERE t.id=mc.movie_id AND t.id=mi_idx.movie_id AND t.kind_id>1 AND t.production_year>1919 AND mc.company_id<5259 AND mc.company_type_id=1;",
    "Cardinality": 766296,
    "AND Predicate Norm": [
        [
            101,
            3,
            0.0
        ],
        [
            104,
            3,
            0.2805755395683453
        ],
        [
            58,
            1,
            0.02237484893359887
        ],
        [
            59,
            2,
            0.0
        ]
    ],
    "Tables": [
        16,
        12,
        18
    ],
    "Joins": [
        "98-61",
        "98-71"
    ]
}