{
    "Query Number": "Synthetic_3172",
    "Query": "SELECT COUNT(*) FROM title t,movie_companies mc,movie_info_idx mi_idx WHERE t.id=mc.movie_id AND t.id=mi_idx.movie_id AND t.kind_id<7 AND t.production_year<1993;",
    "Cardinality": 1285877,
    "AND Predicate Norm": [
        [
            101,
            1,
            1.0
        ],
        [
            104,
            1,
            0.8129496402877698
        ]
    ],
    "Tables": [
        16,
        12,
        18
    ],
    "Joins": [
        "98-61",
        "98-71"
    ]
}