{
    "Query Number": "Synthetic_3621",
    "Query": "SELECT COUNT(*) FROM title t,movie_info_idx mi_idx,movie_keyword mk WHERE t.id=mi_idx.movie_id AND t.id=mk.movie_id AND t.kind_id=1 AND t.production_year>1952 AND mi_idx.info_type_id>99 AND mk.keyword_id>12109;",
    "Cardinality": 1220136,
    "AND Predicate Norm": [
        [
            101,
            2,
            0.0
        ],
        [
            104,
            3,
            0.5179856115107914
        ],
        [
            70,
            3,
            0.0
        ],
        [
            74,
            3,
            0.09024439326521029
        ]
    ],
    "Tables": [
        16,
        18,
        19
    ],
    "Joins": [
        "98-71",
        "98-75"
    ]
}