{
    "Query Number": "Synthetic_3236",
    "Query": "SELECT COUNT(*) FROM title t,movie_keyword mk WHERE t.id=mk.movie_id AND t.kind_id>1 AND t.production_year<1984 AND mk.keyword_id>910;",
    "Cardinality": 165885,
    "AND Predicate Norm": [
        [
            101,
            3,
            0.0
        ],
        [
            104,
            1,
            0.7482014388489209
        ],
        [
            74,
            3,
            0.006775037452764796
        ]
    ],
    "Tables": [
        16,
        19
    ],
    "Joins": [
        "98-75"
    ]
}