{
    "Query Number": "Synthetic_3862",
    "Query": "SELECT COUNT(*) FROM title t,movie_companies mc,movie_info_idx mi_idx WHERE t.id=mc.movie_id AND t.id=mi_idx.movie_id AND t.kind_id>4 AND t.production_year=2010;",
    "Cardinality": 57348,
    "AND Predicate Norm": [
        [
            101,
            3,
            0.5
        ],
        [
            104,
            2,
            0.935251798561151
        ]
    ],
    "Tables": [
        16,
        12,
        18
    ],
    "Joins": [
        "98-61",
        "98-71"
    ]
}