{
    "Query Number": "Synthetic_3869",
    "Query": "SELECT COUNT(*) FROM title t,cast_info ci,movie_info mi WHERE t.id=ci.movie_id AND t.id=mi.movie_id AND t.production_year=2008 AND ci.role_id=4 AND mi.info_type_id<15;",
    "Cardinality": 499827,
    "AND Predicate Norm": [
        [
            104,
            2,
            0.920863309352518
        ],
        [
            26,
            2,
            0.3
        ],
        [
            65,
            1,
            0.12844036697247707
        ]
    ],
    "Tables": [
        16,
        2,
        17
    ],
    "Joins": [
        "98-21",
        "98-66"
    ]
}