{
    "Query Number": "Synthetic_3906",
    "Query": "SELECT COUNT(*) FROM title t,movie_companies mc,movie_info mi WHERE t.id=mc.movie_id AND t.id=mi.movie_id AND t.production_year<2009 AND mc.company_id<33083 AND mi.info_type_id<3;",
    "Cardinality": 2604582,
    "AND Predicate Norm": [
        [
            104,
            1,
            0.9280575539568345
        ],
        [
            58,
            1,
            0.1407768642870517
        ],
        [
            65,
            1,
            0.01834862385321101
        ]
    ],
    "Tables": [
        16,
        12,
        17
    ],
    "Joins": [
        "98-61",
        "98-66"
    ]
}