{
    "Query Number": "Synthetic_3031",
    "Query": "SELECT COUNT(*) FROM title t,cast_info ci,movie_info mi WHERE t.id=ci.movie_id AND t.id=mi.movie_id AND t.production_year<2006 AND ci.person_id=962623 AND ci.role_id<2;",
    "Cardinality": 6,
    "AND Predicate Norm": [
        [
            104,
            1,
            0.9064748201438849
        ],
        [
            24,
            2,
            0.23698665041821304
        ],
        [
            26,
            1,
            0.1
        ]
    ],
    "Tables": [
        16,
        2,
        17
    ],
    "Joins": [
        "98-21",
        "98-66"
    ]
}