{
    "Query Number": "Synthetic_3897",
    "Query": "SELECT COUNT(*) FROM title t,movie_companies mc,movie_info_idx mi_idx WHERE t.id=mc.movie_id AND t.id=mi_idx.movie_id AND t.production_year<2010 AND mi_idx.info_type_id=99;",
    "Cardinality": 1170959,
    "AND Predicate Norm": [
        [
            104,
            1,
            0.935251798561151
        ],
        [
            70,
            2,
            0.0
        ]
    ],
    "Tables": [
        16,
        12,
        18
    ],
    "Joins": [
        "98-61",
        "98-71"
    ]
}