{
    "Query Number": "Synthetic_3603",
    "Query": "SELECT COUNT(*) FROM title t,cast_info ci,movie_info mi WHERE t.id=ci.movie_id AND t.id=mi.movie_id AND t.production_year>2012 AND ci.person_id=2127820 AND ci.role_id=2 AND mi.info_type_id>3;",
    "Cardinality": 6,
    "AND Predicate Norm": [
        [
            104,
            3,
            0.9496402877697842
        ],
        [
            24,
            2,
            0.5238449749810743
        ],
        [
            26,
            2,
            0.1
        ],
        [
            65,
            3,
            0.01834862385321101
        ]
    ],
    "Tables": [
        16,
        2,
        17
    ],
    "Joins": [
        "98-21",
        "98-66"
    ]
}