{
    "Query Number": "Synthetic_3661",
    "Query": "SELECT COUNT(*) FROM title t,movie_info_idx mi_idx,movie_keyword mk WHERE t.id=mi_idx.movie_id AND t.id=mk.movie_id AND mi_idx.info_type_id=101 AND mk.keyword_id>4869;",
    "Cardinality": 1724615,
    "AND Predicate Norm": [
        [
            70,
            2,
            0.14285714285714285
        ],
        [
            74,
            3,
            0.03628259881194613
        ]
    ],
    "Tables": [
        16,
        18,
        19
    ],
    "Joins": [
        "98-71",
        "98-75"
    ]
}