{
    "Query Number": "Synthetic_3864",
    "Query": "SELECT COUNT(*) FROM title t,movie_companies mc,movie_keyword mk WHERE t.id=mc.movie_id AND t.id=mk.movie_id AND t.kind_id=1 AND t.production_year<1958 AND mc.company_type_id=1 AND mk.keyword_id<2197;",
    "Cardinality": 1109914,
    "AND Predicate Norm": [
        [
            101,
            2,
            0.0
        ],
        [
            104,
            1,
            0.5611510791366906
        ],
        [
            59,
            2,
            0.0
        ],
        [
            74,
            1,
            0.016367417212619906
        ]
    ],
    "Tables": [
        16,
        12,
        19
    ],
    "Joins": [
        "98-61",
        "98-75"
    ]
}