{
    "Query Number": "Synthetic_3571",
    "Query": "SELECT COUNT(*) FROM title t,cast_info ci WHERE t.id=ci.movie_id AND t.production_year>2012 AND ci.person_id=2922734 AND ci.role_id<8;",
    "Cardinality": 19,
    "AND Predicate Norm": [
        [
            104,
            3,
            0.9496402877697842
        ],
        [
            24,
            2,
            0.7195438123549794
        ],
        [
            26,
            1,
            0.7
        ]
    ],
    "Tables": [
        16,
        2
    ],
    "Joins": [
        "98-21"
    ]
}