{
    "Query Number": "Synthetic_3040",
    "Query": "SELECT COUNT(*) FROM title t,cast_info ci WHERE t.id=ci.movie_id AND t.production_year<1912 AND ci.person_id>245049 AND ci.role_id>2;",
    "Cardinality": 29932,
    "AND Predicate Norm": [
        [
            104,
            1,
            0.2302158273381295
        ],
        [
            24,
            3,
            0.060328046431187186
        ],
        [
            26,
            3,
            0.1
        ]
    ],
    "Tables": [
        16,
        2
    ],
    "Joins": [
        "98-21"
    ]
}