{
    "Query Number": "Synthetic_3167",
    "Query": "SELECT COUNT(*) FROM title t,movie_keyword mk WHERE t.id=mk.movie_id AND t.kind_id<7 AND t.production_year=2005 AND mk.keyword_id=2155;",
    "Cardinality": 16,
    "AND Predicate Norm": [
        [
            101,
            1,
            1.0
        ],
        [
            104,
            2,
            0.8992805755395683
        ],
        [
            74,
            2,
            0.016054379178498758
        ]
    ],
    "Tables": [
        16,
        19
    ],
    "Joins": [
        "98-75"
    ]
}