{
    "Query Number": "Synthetic_3329",
    "Query": "SELECT COUNT(*) FROM title t,movie_companies mc,movie_info_idx mi_idx WHERE t.id=mc.movie_id AND t.id=mi_idx.movie_id AND t.production_year=2009 AND mc.company_type_id=2;",
    "Cardinality": 86217,
    "AND Predicate Norm": [
        [
            104,
            2,
            0.9280575539568345
        ],
        [
            59,
            2,
            1.0
        ]
    ],
    "Tables": [
        16,
        12,
        18
    ],
    "Joins": [
        "98-61",
        "98-71"
    ]
}