{
    "Query Number": "Synthetic_3769",
    "Query": "SELECT COUNT(*) FROM title t,cast_info ci,movie_info mi WHERE t.id=ci.movie_id AND t.id=mi.movie_id AND t.kind_id>1 AND t.production_year>2009 AND mi.info_type_id<8;",
    "Cardinality": 7595932,
    "AND Predicate Norm": [
        [
            101,
            3,
            0.0
        ],
        [
            104,
            3,
            0.9280575539568345
        ],
        [
            65,
            1,
            0.06422018348623854
        ]
    ],
    "Tables": [
        16,
        2,
        17
    ],
    "Joins": [
        "98-21",
        "98-66"
    ]
}