{
    "Query Number": "Synthetic_3436",
    "Query": "SELECT COUNT(*) FROM title t,movie_info mi,movie_keyword mk WHERE t.id=mi.movie_id AND t.id=mk.movie_id AND t.kind_id=4 AND mi.info_type_id<3 AND mk.keyword_id<8012;",
    "Cardinality": 481190,
    "AND Predicate Norm": [
        [
            101,
            2,
            0.5
        ],
        [
            65,
            1,
            0.01834862385321101
        ],
        [
            74,
            1,
            0.0597082783653452
        ]
    ],
    "Tables": [
        16,
        17,
        19
    ],
    "Joins": [
        "98-66",
        "98-75"
    ]
}