{
    "Query Number": "Synthetic_3085",
    "Query": "SELECT COUNT(*) FROM title t,cast_info ci WHERE t.id=ci.movie_id AND t.production_year<2011 AND ci.person_id=1661259 AND ci.role_id>4;",
    "Cardinality": 37,
    "AND Predicate Norm": [
        [
            104,
            1,
            0.9424460431654677
        ],
        [
            24,
            2,
            0.4089829329689741
        ],
        [
            26,
            3,
            0.3
        ]
    ],
    "Tables": [
        16,
        2
    ],
    "Joins": [
        "98-21"
    ]
}