{
    "Query Number": "Synthetic_3073",
    "Query": "SELECT COUNT(*) FROM title t,movie_companies mc,cast_info ci WHERE t.id=mc.movie_id AND t.id=ci.movie_id AND mc.company_type_id=2 AND ci.person_id=232691;",
    "Cardinality": 8,
    "AND Predicate Norm": [
        [
            59,
            2,
            1.0
        ],
        [
            24,
            2,
            0.05728564658382417
        ]
    ],
    "Tables": [
        16,
        12,
        2
    ],
    "Joins": [
        "98-61",
        "98-21"
    ]
}