{
    "Query Number": "Synthetic_3835",
    "Query": "SELECT COUNT(*) FROM title t,movie_companies mc,cast_info ci WHERE t.id=mc.movie_id AND t.id=ci.movie_id AND t.production_year<1997 AND ci.person_id=984234;",
    "Cardinality": 180,
    "AND Predicate Norm": [
        [
            104,
            1,
            0.841726618705036
        ],
        [
            24,
            2,
            0.2423070342263828
        ]
    ],
    "Tables": [
        16,
        12,
        2
    ],
    "Joins": [
        "98-61",
        "98-21"
    ]
}