{
    "Query Number": "Synthetic_3894",
    "Query": "SELECT COUNT(*) FROM title t,movie_info mi,movie_keyword mk WHERE t.id=mi.movie_id AND t.id=mk.movie_id AND mi.info_type_id=3 AND mk.keyword_id=24241;",
    "Cardinality": 141,
    "AND Predicate Norm": [
        [
            65,
            2,
            0.01834862385321101
        ],
        [
            74,
            2,
            0.18066766540706125
        ]
    ],
    "Tables": [
        16,
        17,
        19
    ],
    "Joins": [
        "98-66",
        "98-75"
    ]
}