{
    "Query Number": "Synthetic_3061",
    "Query": "SELECT COUNT(*) FROM title t,movie_companies mc,movie_info mi WHERE t.id=mc.movie_id AND t.id=mi.movie_id AND t.kind_id>1 AND t.production_year>2012 AND mi.info_type_id<4;",
    "Cardinality": 35459,
    "AND Predicate Norm": [
        [
            101,
            3,
            0.0
        ],
        [
            104,
            3,
            0.9496402877697842
        ],
        [
            65,
            1,
            0.027522935779816515
        ]
    ],
    "Tables": [
        16,
        12,
        17
    ],
    "Joins": [
        "98-61",
        "98-66"
    ]
}