{
    "Query Number": "Synthetic_3775",
    "Query": "SELECT COUNT(*) FROM title t,movie_info mi WHERE t.id=mi.movie_id AND t.kind_id=7 AND t.production_year>2013 AND mi.info_type_id<15;",
    "Cardinality": 10,
    "AND Predicate Norm": [
        [
            101,
            2,
            1.0
        ],
        [
            104,
            3,
            0.9568345323741008
        ],
        [
            65,
            1,
            0.12844036697247707
        ]
    ],
    "Tables": [
        16,
        17
    ],
    "Joins": [
        "98-66"
    ]
}