{
    "Query Number": "Synthetic_3653",
    "Query": "SELECT COUNT(*) FROM title t,movie_companies mc,cast_info ci WHERE t.id=mc.movie_id AND t.id=ci.movie_id AND t.production_year<2000 AND mc.company_id<15005 AND ci.role_id<2;",
    "Cardinality": 9369020,
    "AND Predicate Norm": [
        [
            104,
            1,
            0.8633093525179856
        ],
        [
            58,
            1,
            0.06384789528332398
        ],
        [
            26,
            1,
            0.1
        ]
    ],
    "Tables": [
        16,
        12,
        2
    ],
    "Joins": [
        "98-61",
        "98-21"
    ]
}