{
    "Query Number": "Synthetic_3582",
    "Query": "SELECT COUNT(*) FROM title t,movie_companies mc,cast_info ci WHERE t.id=mc.movie_id AND t.id=ci.movie_id AND mc.company_type_id=2 AND ci.role_id>3;",
    "Cardinality": 12463027,
    "AND Predicate Norm": [
        [
            59,
            2,
            1.0
        ],
        [
            26,
            3,
            0.2
        ]
    ],
    "Tables": [
        16,
        12,
        2
    ],
    "Joins": [
        "98-61",
        "98-21"
    ]
}