{
    "Query Number": "Synthetic_3080",
    "Query": "SELECT COUNT(*) FROM title t,cast_info ci,movie_keyword mk WHERE t.id=ci.movie_id AND t.id=mk.movie_id AND ci.person_id=2801527 AND ci.role_id>1 AND mk.keyword_id<47;",
    "Cardinality": 11,
    "AND Predicate Norm": [
        [
            24,
            2,
            0.6897040196458576
        ],
        [
            26,
            3,
            0.0
        ],
        [
            74,
            1,
            0.0003428511802279215
        ]
    ],
    "Tables": [
        16,
        2,
        19
    ],
    "Joins": [
        "98-21",
        "98-75"
    ]
}