{
    "Query Number": "Synthetic_3581",
    "Query": "SELECT COUNT(*) FROM title t,movie_companies mc,movie_info mi WHERE t.id=mc.movie_id AND t.id=mi.movie_id AND mc.company_id>18630 AND mi.info_type_id=2;",
    "Cardinality": 877154,
    "AND Predicate Norm": [
        [
            58,
            3,
            0.07927368976493217
        ],
        [
            65,
            2,
            0.009174311926605505
        ]
    ],
    "Tables": [
        16,
        12,
        17
    ],
    "Joins": [
        "98-61",
        "98-66"
    ]
}