{
    "Query Number": "Synthetic_3129",
    "Query": "SELECT COUNT(*) FROM title t,cast_info ci,movie_keyword mk WHERE t.id=ci.movie_id AND t.id=mk.movie_id AND t.kind_id<3 AND t.production_year>2000 AND ci.role_id>2 AND mk.keyword_id=6379;",
    "Cardinality": 4491,
    "AND Predicate Norm": [
        [
            101,
            1,
            0.3333333333333333
        ],
        [
            104,
            3,
            0.8633093525179856
        ],
        [
            26,
            3,
            0.1
        ],
        [
            74,
            2,
            0.047537061467253984
        ]
    ],
    "Tables": [
        16,
        2,
        19
    ],
    "Joins": [
        "98-21",
        "98-75"
    ]
}