{
    "Query Number": "Synthetic_3265",
    "Query": "SELECT COUNT(*) FROM title t,movie_info mi,movie_info_idx mi_idx WHERE t.id=mi.movie_id AND t.id=mi_idx.movie_id AND t.production_year<1984 AND mi_idx.info_type_id>99;",
    "Cardinality": 4141648,
    "AND Predicate Norm": [
        [
            104,
            1,
            0.7482014388489209
        ],
        [
            70,
            3,
            0.0
        ]
    ],
    "Tables": [
        16,
        17,
        18
    ],
    "Joins": [
        "98-66",
        "98-71"
    ]
}