{
    "Query Number": "Synthetic_3401",
    "Query": "SELECT COUNT(*) FROM title t,cast_info ci,movie_info mi WHERE t.id=ci.movie_id AND t.id=mi.movie_id AND ci.person_id<1563330 AND mi.info_type_id<7;",
    "Cardinality": 57873844,
    "AND Predicate Norm": [
        [
            24,
            1,
            0.3848739206164565
        ],
        [
            65,
            1,
            0.05504587155963303
        ]
    ],
    "Tables": [
        16,
        2,
        17
    ],
    "Joins": [
        "98-21",
        "98-66"
    ]
}