{
    "Query Number": "Synthetic_3084",
    "Query": "SELECT COUNT(*) FROM title t,movie_info_idx mi_idx,movie_keyword mk WHERE t.id=mi_idx.movie_id AND t.id=mk.movie_id AND t.kind_id<7 AND t.production_year>1995 AND mi_idx.info_type_id<101 AND mk.keyword_id<5376;",
    "Cardinality": 1631604,
    "AND Predicate Norm": [
        [
            101,
            1,
            1.0
        ],
        [
            104,
            3,
            0.8273381294964028
        ],
        [
            70,
            1,
            0.14285714285714285
        ],
        [
            74,
            1,
            0.040061415080979955
        ]
    ],
    "Tables": [
        16,
        18,
        19
    ],
    "Joins": [
        "98-71",
        "98-75"
    ]
}