{
    "Query Number": "Synthetic_3153",
    "Query": "SELECT COUNT(*) FROM title t,movie_info_idx mi_idx,movie_keyword mk WHERE t.id=mi_idx.movie_id AND t.id=mk.movie_id AND mi_idx.info_type_id=101 AND mk.keyword_id=7105;",
    "Cardinality": 3069,
    "AND Predicate Norm": [
        [
            70,
            2,
            0.14285714285714285
        ],
        [
            74,
            2,
            0.05294814748563379
        ]
    ],
    "Tables": [
        16,
        18,
        19
    ],
    "Joins": [
        "98-71",
        "98-75"
    ]
}