{
    "Query Number": "Synthetic_3860",
    "Query": "SELECT COUNT(*) FROM title t,movie_info mi,movie_keyword mk WHERE t.id=mi.movie_id AND t.id=mk.movie_id AND t.production_year>1958 AND mk.keyword_id<213;",
    "Cardinality": 8104449,
    "AND Predicate Norm": [
        [
            104,
            3,
            0.5611510791366906
        ],
        [
            74,
            1,
            0.0015800967436591165
        ]
    ],
    "Tables": [
        16,
        17,
        19
    ],
    "Joins": [
        "98-66",
        "98-75"
    ]
}