{
    "Query Number": "Synthetic_3614",
    "Query": "SELECT COUNT(*) FROM title t,cast_info ci,movie_info mi WHERE t.id=ci.movie_id AND t.id=mi.movie_id AND t.kind_id<7 AND t.production_year>1998 AND ci.person_id<3877236 AND mi.info_type_id>98;",
    "Cardinality": 30132403,
    "AND Predicate Norm": [
        [
            101,
            1,
            1.0
        ],
        [
            104,
            3,
            0.8489208633093526
        ],
        [
            24,
            1,
            0.9545314105996541
        ],
        [
            65,
            3,
            0.8899082568807339
        ]
    ],
    "Tables": [
        16,
        2,
        17
    ],
    "Joins": [
        "98-21",
        "98-66"
    ]
}