{
    "Query Number": "Synthetic_3924",
    "Query": "SELECT COUNT(*) FROM title t,cast_info ci,movie_info mi WHERE t.id=ci.movie_id AND t.id=mi.movie_id AND t.production_year>1974 AND ci.person_id<394554 AND mi.info_type_id<3;",
    "Cardinality": 3372159,
    "AND Predicate Norm": [
        [
            104,
            3,
            0.6762589928057554
        ],
        [
            24,
            1,
            0.09713448672735218
        ],
        [
            65,
            1,
            0.01834862385321101
        ]
    ],
    "Tables": [
        16,
        2,
        17
    ],
    "Joins": [
        "98-21",
        "98-66"
    ]
}