{
    "Query Number": "Synthetic_3600",
    "Query": "SELECT COUNT(*) FROM title t,movie_companies mc,movie_info mi WHERE t.id=mc.movie_id AND t.id=mi.movie_id AND t.kind_id=7 AND t.production_year>2008 AND mc.company_id<58725 AND mc.company_type_id<2 AND mi.info_type_id<18;",
    "Cardinality": 737879,
    "AND Predicate Norm": [
        [
            101,
            2,
            1.0
        ],
        [
            104,
            3,
            0.920863309352518
        ],
        [
            58,
            1,
            0.24989361521047168
        ],
        [
            59,
            1,
            1.0
        ],
        [
            65,
            1,
            0.1559633027522936
        ]
    ],
    "Tables": [
        16,
        12,
        17
    ],
    "Joins": [
        "98-61",
        "98-66"
    ]
}