{
    "Query Number": "Synthetic_3681",
    "Query": "SELECT COUNT(*) FROM title t,cast_info ci,movie_info_idx mi_idx WHERE t.id=ci.movie_id AND t.id=mi_idx.movie_id AND ci.person_id>2164387 AND ci.role_id>10 AND mi_idx.info_type_id=101;",
    "Cardinality": 104236,
    "AND Predicate Norm": [
        [
            24,
            3,
            0.5328473568566627
        ],
        [
            26,
            3,
            0.9
        ],
        [
            70,
            2,
            0.14285714285714285
        ]
    ],
    "Tables": [
        16,
        2,
        18
    ],
    "Joins": [
        "98-21",
        "98-71"
    ]
}