{
    "Query Number": "Synthetic_3986",
    "Query": "SELECT COUNT(*) FROM title t,movie_companies mc WHERE t.id=mc.movie_id AND t.kind_id<7 AND t.production_year<1999 AND mc.company_type_id<2;",
    "Cardinality": 525070,
    "AND Predicate Norm": [
        [
            101,
            1,
            1.0
        ],
        [
            104,
            1,
            0.8561151079136691
        ],
        [
            59,
            1,
            1.0
        ]
    ],
    "Tables": [
        16,
        12
    ],
    "Joins": [
        "98-61"
    ]
}