{
    "Query Number": "Synthetic_3324",
    "Query": "SELECT COUNT(*) FROM title t,movie_companies mc,movie_info mi WHERE t.id=mc.movie_id AND t.id=mi.movie_id AND mc.company_id=52465 AND mc.company_type_id>1 AND mi.info_type_id<107;",
    "Cardinality": 229,
    "AND Predicate Norm": [
        [
            58,
            2,
            0.22325486391257723
        ],
        [
            59,
            3,
            0.0
        ],
        [
            65,
            1,
            0.9724770642201835
        ]
    ],
    "Tables": [
        16,
        12,
        17
    ],
    "Joins": [
        "98-61",
        "98-66"
    ]
}