{
    "Query Number": "Synthetic_3778",
    "Query": "SELECT COUNT(*) FROM title t,movie_companies mc,movie_keyword mk WHERE t.id=mc.movie_id AND t.id=mk.movie_id AND mc.company_id<7563 AND mc.company_type_id=2;",
    "Cardinality": 1874100,
    "AND Predicate Norm": [
        [
            58,
            1,
            0.032179271136529984
        ],
        [
            59,
            2,
            1.0
        ]
    ],
    "Tables": [
        16,
        12,
        19
    ],
    "Joins": [
        "98-61",
        "98-75"
    ]
}