{
    "Query Number": "Synthetic_3431",
    "Query": "SELECT COUNT(*) FROM title t,cast_info ci,movie_keyword mk WHERE t.id=ci.movie_id AND t.id=mk.movie_id AND ci.person_id<1386107 AND ci.role_id=3;",
    "Cardinality": 5274900,
    "AND Predicate Norm": [
        [
            24,
            1,
            0.34124362217421544
        ],
        [
            26,
            2,
            0.2
        ]
    ],
    "Tables": [
        16,
        2,
        19
    ],
    "Joins": [
        "98-21",
        "98-75"
    ]
}