{
    "Query Number": "Synthetic_3169",
    "Query": "SELECT COUNT(*) FROM title t,movie_keyword mk WHERE t.id=mk.movie_id AND t.kind_id>1 AND t.production_year=2001 AND mk.keyword_id>7936;",
    "Cardinality": 19988,
    "AND Predicate Norm": [
        [
            101,
            3,
            0.0
        ],
        [
            104,
            2,
            0.8705035971223022
        ],
        [
            74,
            3,
            0.05914182858931646
        ]
    ],
    "Tables": [
        16,
        19
    ],
    "Joins": [
        "98-75"
    ]
}