{
    "Query Number": "Synthetic_3782",
    "Query": "SELECT COUNT(*) FROM title t,cast_info ci,movie_info mi WHERE t.id=ci.movie_id AND t.id=mi.movie_id AND ci.person_id>1399893 AND ci.role_id>6 AND mi.info_type_id>8;",
    "Cardinality": 79930589,
    "AND Predicate Norm": [
        [
            24,
            3,
            0.3446375794727869
        ],
        [
            26,
            3,
            0.5
        ],
        [
            65,
            3,
            0.06422018348623854
        ]
    ],
    "Tables": [
        16,
        2,
        17
    ],
    "Joins": [
        "98-21",
        "98-66"
    ]
}