{
    "Query Number": "Synthetic_3238",
    "Query": "SELECT COUNT(*) FROM title t,movie_info_idx mi_idx,movie_keyword mk WHERE t.id=mi_idx.movie_id AND t.id=mk.movie_id AND t.production_year>1968 AND mi_idx.info_type_id>99 AND mk.keyword_id>3910;",
    "Cardinality": 2921592,
    "AND Predicate Norm": [
        [
            104,
            3,
            0.6330935251798561
        ],
        [
            70,
            3,
            0.0
        ],
        [
            74,
            3,
            0.029134897032846635
        ]
    ],
    "Tables": [
        16,
        18,
        19
    ],
    "Joins": [
        "98-71",
        "98-75"
    ]
}