{
    "Query Number": "Synthetic_3555",
    "Query": "SELECT COUNT(*) FROM title t,cast_info ci WHERE t.id=ci.movie_id AND t.kind_id=1 AND t.production_year=2007 AND ci.person_id=1132286;",
    "Cardinality": 1,
    "AND Predicate Norm": [
        [
            101,
            2,
            0.0
        ],
        [
            104,
            2,
            0.9136690647482014
        ],
        [
            24,
            2,
            0.27875576235405625
        ]
    ],
    "Tables": [
        16,
        2
    ],
    "Joins": [
        "98-21"
    ]
}