{
    "Query Number": "Synthetic_3921",
    "Query": "SELECT COUNT(*) FROM title t,movie_companies mc,cast_info ci WHERE t.id=mc.movie_id AND t.id=ci.movie_id AND t.kind_id=1 AND ci.role_id=1;",
    "Cardinality": 17501949,
    "AND Predicate Norm": [
        [
            101,
            2,
            0.0
        ],
        [
            26,
            2,
            0.0
        ]
    ],
    "Tables": [
        16,
        12,
        2
    ],
    "Joins": [
        "98-61",
        "98-21"
    ]
}