{
    "Query Number": "Synthetic_3462",
    "Query": "SELECT COUNT(*) FROM title t,movie_info_idx mi_idx,movie_keyword mk WHERE t.id=mi_idx.movie_id AND t.id=mk.movie_id AND t.kind_id>4 AND t.production_year>2012 AND mi_idx.info_type_id>99;",
    "Cardinality": 9306,
    "AND Predicate Norm": [
        [
            101,
            3,
            0.5
        ],
        [
            104,
            3,
            0.9496402877697842
        ],
        [
            70,
            3,
            0.0
        ]
    ],
    "Tables": [
        16,
        18,
        19
    ],
    "Joins": [
        "98-71",
        "98-75"
    ]
}