{
    "Query Number": "Synthetic_3030",
    "Query": "SELECT COUNT(*) FROM title t,movie_companies mc WHERE t.id=mc.movie_id AND t.kind_id=1 AND mc.company_id>26466 AND mc.company_type_id<2;",
    "Cardinality": 68317,
    "AND Predicate Norm": [
        [
            101,
            2,
            0.0
        ],
        [
            58,
            3,
            0.11261893819469268
        ],
        [
            59,
            1,
            1.0
        ]
    ],
    "Tables": [
        16,
        12
    ],
    "Joins": [
        "98-61"
    ]
}