{
    "Query Number": "Synthetic_3659",
    "Query": "SELECT COUNT(*) FROM title t,movie_companies mc,cast_info ci WHERE t.id=mc.movie_id AND t.id=ci.movie_id AND mc.company_id>401 AND ci.person_id>1653351 AND ci.role_id=10;",
    "Cardinality": 12378355,
    "AND Predicate Norm": [
        [
            58,
            3,
            0.0017021566324533183
        ],
        [
            24,
            3,
            0.40703607279799603
        ],
        [
            26,
            2,
            0.9
        ]
    ],
    "Tables": [
        16,
        12,
        2
    ],
    "Joins": [
        "98-61",
        "98-21"
    ]
}