{
    "Query Number": "Synthetic_3577",
    "Query": "SELECT COUNT(*) FROM title t,movie_info_idx mi_idx WHERE t.id=mi_idx.movie_id AND t.kind_id=1 AND t.production_year=1964 AND mi_idx.info_type_id=100;",
    "Cardinality": 1446,
    "AND Predicate Norm": [
        [
            101,
            2,
            0.0
        ],
        [
            104,
            2,
            0.60431654676259
        ],
        [
            70,
            2,
            0.07142857142857142
        ]
    ],
    "Tables": [
        16,
        18
    ],
    "Joins": [
        "98-71"
    ]
}