{
    "Query Number": "Synthetic_3805",
    "Query": "SELECT COUNT(*) FROM title t,movie_companies mc,cast_info ci WHERE t.id=mc.movie_id AND t.id=ci.movie_id AND t.production_year=1996 AND ci.person_id>1296693;",
    "Cardinality": 833498,
    "AND Predicate Norm": [
        [
            104,
            2,
            0.8345323741007195
        ],
        [
            24,
            3,
            0.3192309065283086
        ]
    ],
    "Tables": [
        16,
        12,
        2
    ],
    "Joins": [
        "98-61",
        "98-21"
    ]
}