{
    "Query Number": "Synthetic_3525",
    "Query": "SELECT COUNT(*) FROM title t,movie_companies mc,movie_keyword mk WHERE t.id=mc.movie_id AND t.id=mk.movie_id AND t.production_year>1969 AND mc.company_id=11185 AND mc.company_type_id=1;",
    "Cardinality": 4933,
    "AND Predicate Norm": [
        [
            104,
            3,
            0.6402877697841727
        ],
        [
            58,
            2,
            0.047592299443394784
        ],
        [
            59,
            2,
            0.0
        ]
    ],
    "Tables": [
        16,
        12,
        19
    ],
    "Joins": [
        "98-61",
        "98-75"
    ]
}