{
    "Query Number": "Synthetic_3963",
    "Query": "SELECT COUNT(*) FROM title t,cast_info ci,movie_info mi WHERE t.id=ci.movie_id AND t.id=mi.movie_id AND t.production_year=2009 AND ci.role_id=3;",
    "Cardinality": 2602411,
    "AND Predicate Norm": [
        [
            104,
            2,
            0.9280575539568345
        ],
        [
            26,
            2,
            0.2
        ]
    ],
    "Tables": [
        16,
        2,
        17
    ],
    "Joins": [
        "98-21",
        "98-66"
    ]
}