{
    "Query Number": "Synthetic_3791",
    "Query": "SELECT COUNT(*) FROM title t,cast_info ci WHERE t.id=ci.movie_id AND t.kind_id<7 AND t.production_year<2005 AND ci.person_id>319532 AND ci.role_id=3;",
    "Cardinality": 546477,
    "AND Predicate Norm": [
        [
            101,
            1,
            1.0
        ],
        [
            104,
            1,
            0.8992805755395683
        ],
        [
            24,
            3,
            0.07866491872695827
        ],
        [
            26,
            2,
            0.2
        ]
    ],
    "Tables": [
        16,
        2
    ],
    "Joins": [
        "98-21"
    ]
}