{
    "Query Number": "Synthetic_3998",
    "Query": "SELECT COUNT(*) FROM title t,movie_info_idx mi_idx,movie_keyword mk WHERE t.id=mi_idx.movie_id AND t.id=mk.movie_id AND t.production_year>2004 AND mk.keyword_id<395;",
    "Cardinality": 287440,
    "AND Predicate Norm": [
        [
            104,
            3,
            0.8920863309352518
        ],
        [
            74,
            1,
            0.0029365948915174144
        ]
    ],
    "Tables": [
        16,
        18,
        19
    ],
    "Joins": [
        "98-71",
        "98-75"
    ]
}