{
    "Query Number": "Synthetic_3942",
    "Query": "SELECT COUNT(*) FROM title t,movie_companies mc,movie_info_idx mi_idx WHERE t.id=mc.movie_id AND t.id=mi_idx.movie_id AND t.kind_id>2 AND t.production_year=1996 AND mc.company_id<72363 AND mc.company_type_id<2;",
    "Cardinality": 13059,
    "AND Predicate Norm": [
        [
            101,
            3,
            0.16666666666666666
        ],
        [
            104,
            2,
            0.8345323741007195
        ],
        [
            58,
            1,
            0.30792864559396754
        ],
        [
            59,
            1,
            1.0
        ]
    ],
    "Tables": [
        16,
        12,
        18
    ],
    "Joins": [
        "98-61",
        "98-71"
    ]
}