{
    "Query Number": "Synthetic_3962",
    "Query": "SELECT COUNT(*) FROM title t,cast_info ci,movie_keyword mk WHERE t.id=ci.movie_id AND t.id=mk.movie_id AND t.kind_id<3 AND t.production_year<2008 AND ci.person_id<606672 AND ci.role_id=1 AND mk.keyword_id<186;",
    "Cardinality": 825421,
    "AND Predicate Norm": [
        [
            101,
            1,
            0.3333333333333333
        ],
        [
            104,
            1,
            0.920863309352518
        ],
        [
            24,
            1,
            0.14935553955329062
        ],
        [
            26,
            2,
            0.0
        ],
        [
            74,
            1,
            0.00137885800743838
        ]
    ],
    "Tables": [
        16,
        2,
        19
    ],
    "Joins": [
        "98-21",
        "98-75"
    ]
}