{
    "Query Number": "Synthetic_3188",
    "Query": "SELECT COUNT(*) FROM title t,movie_info mi,movie_keyword mk WHERE t.id=mi.movie_id AND t.id=mk.movie_id AND t.kind_id<7 AND t.production_year>1979 AND mi.info_type_id=16 AND mk.keyword_id>875;",
    "Cardinality": 23931879,
    "AND Predicate Norm": [
        [
            101,
            1,
            1.0
        ],
        [
            104,
            3,
            0.7122302158273381
        ],
        [
            65,
            2,
            0.13761467889908258
        ],
        [
            74,
            3,
            0.006514172424330509
        ]
    ],
    "Tables": [
        16,
        17,
        19
    ],
    "Joins": [
        "98-66",
        "98-75"
    ]
}