{
    "Query Number": "Synthetic_3516",
    "Query": "SELECT COUNT(*) FROM title t,cast_info ci,movie_keyword mk WHERE t.id=ci.movie_id AND t.id=mk.movie_id AND t.production_year>2009 AND ci.person_id>1987090 AND mk.keyword_id>16144;",
    "Cardinality": 3902663,
    "AND Predicate Norm": [
        [
            104,
            3,
            0.9280575539568345
        ],
        [
            24,
            3,
            0.4891988404512639
        ],
        [
            74,
            3,
            0.12031840440042037
        ]
    ],
    "Tables": [
        16,
        2,
        19
    ],
    "Joins": [
        "98-21",
        "98-75"
    ]
}