{
    "Query Number": "Synthetic_3803",
    "Query": "SELECT COUNT(*) FROM title t,movie_companies mc,movie_keyword mk WHERE t.id=mc.movie_id AND t.id=mk.movie_id AND t.kind_id=7 AND t.production_year<2003 AND mc.company_id<118924 AND mk.keyword_id<3401;",
    "Cardinality": 212142,
    "AND Predicate Norm": [
        [
            101,
            2,
            1.0
        ],
        [
            104,
            1,
            0.8848920863309353
        ],
        [
            58,
            1,
            0.5060639330031149
        ],
        [
            74,
            1,
            0.025341174190759416
        ]
    ],
    "Tables": [
        16,
        12,
        19
    ],
    "Joins": [
        "98-61",
        "98-75"
    ]
}