{
    "Query Number": "Synthetic_3211",
    "Query": "SELECT COUNT(*) FROM title t,movie_companies mc WHERE t.id=mc.movie_id AND t.kind_id>1 AND t.production_year<1993 AND mc.company_id=6 AND mc.company_type_id<2;",
    "Cardinality": 41218,
    "AND Predicate Norm": [
        [
            101,
            3,
            0.0
        ],
        [
            104,
            1,
            0.8129496402877698
        ],
        [
            58,
            2,
            2.127695790566648e-05
        ],
        [
            59,
            1,
            1.0
        ]
    ],
    "Tables": [
        16,
        12
    ],
    "Joins": [
        "98-61"
    ]
}