{
    "Query Number": "Synthetic_3972",
    "Query": "SELECT COUNT(*) FROM title t,movie_info_idx mi_idx WHERE t.id=mi_idx.movie_id AND t.kind_id>1 AND t.production_year>2005 AND mi_idx.info_type_id=99;",
    "Cardinality": 85543,
    "AND Predicate Norm": [
        [
            101,
            3,
            0.0
        ],
        [
            104,
            3,
            0.8992805755395683
        ],
        [
            70,
            2,
            0.0
        ]
    ],
    "Tables": [
        16,
        18
    ],
    "Joins": [
        "98-71"
    ]
}