{
    "Query Number": "Synthetic_3171",
    "Query": "SELECT COUNT(*) FROM title t,movie_keyword mk WHERE t.id=mk.movie_id AND t.kind_id<3 AND t.production_year=2008 AND mk.keyword_id<2554;",
    "Cardinality": 43734,
    "AND Predicate Norm": [
        [
            101,
            1,
            0.3333333333333333
        ],
        [
            104,
            2,
            0.920863309352518
        ],
        [
            74,
            1,
            0.019028240502649642
        ]
    ],
    "Tables": [
        16,
        19
    ],
    "Joins": [
        "98-75"
    ]
}