{
    "Query Number": "Synthetic_3709",
    "Query": "SELECT COUNT(*) FROM title t,cast_info ci,movie_info mi WHERE t.id=ci.movie_id AND t.id=mi.movie_id AND t.kind_id=7 AND t.production_year=2009 AND mi.info_type_id=9;",
    "Cardinality": 153,
    "AND Predicate Norm": [
        [
            101,
            2,
            1.0
        ],
        [
            104,
            2,
            0.9280575539568345
        ],
        [
            65,
            2,
            0.07339449541284404
        ]
    ],
    "Tables": [
        16,
        2,
        17
    ],
    "Joins": [
        "98-21",
        "98-66"
    ]
}