{
    "Query Number": "Synthetic_3076",
    "Query": "SELECT COUNT(*) FROM title t,movie_companies mc,movie_info_idx mi_idx WHERE t.id=mc.movie_id AND t.id=mi_idx.movie_id AND mc.company_id<29678 AND mc.company_type_id=1;",
    "Cardinality": 2209262,
    "AND Predicate Norm": [
        [
            58,
            1,
            0.12628725595329282
        ],
        [
            59,
            2,
            0.0
        ]
    ],
    "Tables": [
        16,
        12,
        18
    ],
    "Joins": [
        "98-61",
        "98-71"
    ]
}