{
    "Query Number": "Synthetic_3607",
    "Query": "SELECT COUNT(*) FROM title t,cast_info ci,movie_info mi WHERE t.id=ci.movie_id AND t.id=mi.movie_id AND t.production_year=1989 AND ci.person_id>1732302;",
    "Cardinality": 2287668,
    "AND Predicate Norm": [
        [
            104,
            2,
            0.7841726618705036
        ],
        [
            24,
            3,
            0.4264729161665959
        ]
    ],
    "Tables": [
        16,
        2,
        17
    ],
    "Joins": [
        "98-21",
        "98-66"
    ]
}