{
    "Query Number": "Synthetic_3089",
    "Query": "SELECT COUNT(*) FROM title t,cast_info ci,movie_keyword mk WHERE t.id=ci.movie_id AND t.id=mk.movie_id AND t.kind_id<7 AND mk.keyword_id=3173;",
    "Cardinality": 36774,
    "AND Predicate Norm": [
        [
            101,
            1,
            1.0
        ],
        [
            74,
            2,
            0.023641824862673196
        ]
    ],
    "Tables": [
        16,
        2,
        19
    ],
    "Joins": [
        "98-21",
        "98-75"
    ]
}