{
    "Query Number": "Synthetic_3428",
    "Query": "SELECT COUNT(*) FROM title t,movie_companies mc WHERE t.id=mc.movie_id AND t.kind_id<7 AND t.production_year=2005 AND mc.company_id<6 AND mc.company_type_id=1;",
    "Cardinality": 80,
    "AND Predicate Norm": [
        [
            101,
            1,
            1.0
        ],
        [
            104,
            2,
            0.8992805755395683
        ],
        [
            58,
            1,
            2.127695790566648e-05
        ],
        [
            59,
            2,
            0.0
        ]
    ],
    "Tables": [
        16,
        12
    ],
    "Joins": [
        "98-61"
    ]
}