{
    "Query Number": "Synthetic_3919",
    "Query": "SELECT COUNT(*) FROM title t,movie_companies mc,cast_info ci WHERE t.id=mc.movie_id AND t.id=ci.movie_id AND ci.person_id>961930 AND ci.role_id<9;",
    "Cardinality": 39863872,
    "AND Predicate Norm": [
        [
            24,
            3,
            0.23681604165512657
        ],
        [
            26,
            1,
            0.8
        ]
    ],
    "Tables": [
        16,
        12,
        2
    ],
    "Joins": [
        "98-61",
        "98-21"
    ]
}