{
    "Query Number": "Synthetic_3900",
    "Query": "SELECT COUNT(*) FROM title t,cast_info ci,movie_info mi WHERE t.id=ci.movie_id AND t.id=mi.movie_id AND ci.person_id>540966 AND mi.info_type_id>18;",
    "Cardinality": 64170926,
    "AND Predicate Norm": [
        [
            24,
            3,
            0.1331794654012568
        ],
        [
            65,
            3,
            0.1559633027522936
        ]
    ],
    "Tables": [
        16,
        2,
        17
    ],
    "Joins": [
        "98-21",
        "98-66"
    ]
}