{
    "Query Number": "Synthetic_3797",
    "Query": "SELECT COUNT(*) FROM title t,cast_info ci,movie_keyword mk WHERE t.id=ci.movie_id AND t.id=mk.movie_id AND ci.role_id>1 AND mk.keyword_id=4177;",
    "Cardinality": 3951,
    "AND Predicate Norm": [
        [
            26,
            3,
            0.0
        ],
        [
            74,
            2,
            0.031124924535473917
        ]
    ],
    "Tables": [
        16,
        2,
        19
    ],
    "Joins": [
        "98-21",
        "98-75"
    ]
}