{
    "Query Number": "Synthetic_3389",
    "Query": "SELECT COUNT(*) FROM title t,movie_companies mc,movie_info mi WHERE t.id=mc.movie_id AND t.id=mi.movie_id AND t.production_year=1985 AND mc.company_type_id>1;",
    "Cardinality": 159913,
    "AND Predicate Norm": [
        [
            104,
            2,
            0.7553956834532374
        ],
        [
            59,
            3,
            0.0
        ]
    ],
    "Tables": [
        16,
        12,
        17
    ],
    "Joins": [
        "98-61",
        "98-66"
    ]
}