{
    "Query Number": "Synthetic_3933",
    "Query": "SELECT COUNT(*) FROM title t,movie_companies mc,movie_info_idx mi_idx WHERE t.id=mc.movie_id AND t.id=mi_idx.movie_id AND t.kind_id<7 AND t.production_year<2011 AND mc.company_id>15192 AND mc.company_type_id=1;",
    "Cardinality": 328236,
    "AND Predicate Norm": [
        [
            101,
            1,
            1.0
        ],
        [
            104,
            1,
            0.9424460431654677
        ],
        [
            58,
            3,
            0.0646436535089959
        ],
        [
            59,
            2,
            0.0
        ]
    ],
    "Tables": [
        16,
        12,
        18
    ],
    "Joins": [
        "98-61",
        "98-71"
    ]
}