{
    "Query Number": "Synthetic_3873",
    "Query": "SELECT COUNT(*) FROM title t,cast_info ci WHERE t.id=ci.movie_id AND t.kind_id>1 AND ci.person_id>955712 AND ci.role_id<4;",
    "Cardinality": 12084978,
    "AND Predicate Norm": [
        [
            101,
            3,
            0.0
        ],
        [
            24,
            3,
            0.2352852403724835
        ],
        [
            26,
            1,
            0.3
        ]
    ],
    "Tables": [
        16,
        2
    ],
    "Joins": [
        "98-21"
    ]
}