{
    "Query Number": "Synthetic_3347",
    "Query": "SELECT COUNT(*) FROM title t,movie_companies mc,movie_keyword mk WHERE t.id=mc.movie_id AND t.id=mk.movie_id AND mc.company_id>2868 AND mk.keyword_id>13166;",
    "Cardinality": 6631699,
    "AND Predicate Norm": [
        [
            58,
            3,
            0.012200207663109159
        ],
        [
            74,
            3,
            0.09812251712392579
        ]
    ],
    "Tables": [
        16,
        12,
        19
    ],
    "Joins": [
        "98-61",
        "98-75"
    ]
}