{
    "Query Number": "Synthetic_3382",
    "Query": "SELECT COUNT(*) FROM title t,cast_info ci,movie_info mi WHERE t.id=ci.movie_id AND t.id=mi.movie_id AND t.kind_id=7 AND t.production_year=2008 AND ci.person_id=639599;",
    "Cardinality": 6,
    "AND Predicate Norm": [
        [
            101,
            2,
            1.0
        ],
        [
            104,
            2,
            0.920863309352518
        ],
        [
            24,
            2,
            0.1574617945924654
        ]
    ],
    "Tables": [
        16,
        2,
        17
    ],
    "Joins": [
        "98-21",
        "98-66"
    ]
}