{
    "Query Number": "Synthetic_3300",
    "Query": "SELECT COUNT(*) FROM title t,movie_companies mc,cast_info ci WHERE t.id=mc.movie_id AND t.id=ci.movie_id AND t.kind_id>2 AND t.production_year<2008 AND mc.company_id>164 AND mc.company_type_id<2;",
    "Cardinality": 5347617,
    "AND Predicate Norm": [
        [
            101,
            3,
            0.16666666666666666
        ],
        [
            104,
            1,
            0.920863309352518
        ],
        [
            58,
            3,
            0.0006936288277247273
        ],
        [
            59,
            1,
            1.0
        ]
    ],
    "Tables": [
        16,
        12,
        2
    ],
    "Joins": [
        "98-61",
        "98-21"
    ]
}