{
    "Query Number": "Synthetic_3827",
    "Query": "SELECT COUNT(*) FROM title t,movie_info_idx mi_idx,movie_keyword mk WHERE t.id=mi_idx.movie_id AND t.id=mk.movie_id AND t.production_year=2009 AND mi_idx.info_type_id>99 AND mk.keyword_id=5767;",
    "Cardinality": 48,
    "AND Predicate Norm": [
        [
            104,
            2,
            0.9280575539568345
        ],
        [
            70,
            3,
            0.0
        ],
        [
            74,
            2,
            0.04297565011291729
        ]
    ],
    "Tables": [
        16,
        18,
        19
    ],
    "Joins": [
        "98-71",
        "98-75"
    ]
}