{
    "Query Number": "Synthetic_3916",
    "Query": "SELECT COUNT(*) FROM title t,movie_info mi,movie_keyword mk WHERE t.id=mi.movie_id AND t.id=mk.movie_id AND t.kind_id<4 AND t.production_year>2008 AND mk.keyword_id>48982;",
    "Cardinality": 2771974,
    "AND Predicate Norm": [
        [
            101,
            1,
            0.5
        ],
        [
            104,
            3,
            0.920863309352518
        ],
        [
            74,
            3,
            0.36506942736399617
        ]
    ],
    "Tables": [
        16,
        17,
        19
    ],
    "Joins": [
        "98-66",
        "98-75"
    ]
}