{
    "Query Number": "Synthetic_3938",
    "Query": "SELECT COUNT(*) FROM title t,movie_keyword mk WHERE t.id=mk.movie_id AND t.kind_id=7 AND t.production_year>1948 AND mk.keyword_id>1584;",
    "Cardinality": 484971,
    "AND Predicate Norm": [
        [
            101,
            2,
            1.0
        ],
        [
            104,
            3,
            0.4892086330935252
        ],
        [
            74,
            3,
            0.011798552571756516
        ]
    ],
    "Tables": [
        16,
        19
    ],
    "Joins": [
        "98-75"
    ]
}