{
    "Query Number": "Synthetic_3151",
    "Query": "SELECT COUNT(*) FROM title t,movie_companies mc WHERE t.id=mc.movie_id AND t.kind_id=1 AND t.production_year>1993 AND mc.company_id>12 AND mc.company_type_id>1;",
    "Cardinality": 314429,
    "AND Predicate Norm": [
        [
            101,
            2,
            0.0
        ],
        [
            104,
            3,
            0.8129496402877698
        ],
        [
            58,
            3,
            4.680930739246626e-05
        ],
        [
            59,
            3,
            0.0
        ]
    ],
    "Tables": [
        16,
        12
    ],
    "Joins": [
        "98-61"
    ]
}