{
    "Query Number": "Synthetic_3227",
    "Query": "SELECT COUNT(*) FROM title t,movie_info mi,movie_keyword mk WHERE t.id=mi.movie_id AND t.id=mk.movie_id AND mi.info_type_id<6 AND mk.keyword_id>1370;",
    "Cardinality": 33504202,
    "AND Predicate Norm": [
        [
            65,
            1,
            0.045871559633027525
        ],
        [
            74,
            3,
            0.010203549255044011
        ]
    ],
    "Tables": [
        16,
        17,
        19
    ],
    "Joins": [
        "98-66",
        "98-75"
    ]
}