{
    "Query Number": "Synthetic_3967",
    "Query": "SELECT COUNT(*) FROM title t,cast_info ci,movie_keyword mk WHERE t.id=ci.movie_id AND t.id=mk.movie_id AND t.production_year=2005 AND ci.role_id=2 AND mk.keyword_id=20032;",
    "Cardinality": 59,
    "AND Predicate Norm": [
        [
            104,
            2,
            0.8992805755395683
        ],
        [
            26,
            2,
            0.1
        ],
        [
            74,
            2,
            0.14929678241620642
        ]
    ],
    "Tables": [
        16,
        2,
        19
    ],
    "Joins": [
        "98-21",
        "98-75"
    ]
}