{
    "Query Number": "Synthetic_3369",
    "Query": "SELECT COUNT(*) FROM title t,cast_info ci WHERE t.id=ci.movie_id AND t.kind_id=1 AND t.production_year>2000 AND ci.person_id=2494163 AND ci.role_id>1;",
    "Cardinality": 1,
    "AND Predicate Norm": [
        [
            101,
            2,
            0.0
        ],
        [
            104,
            3,
            0.8633093525179856
        ],
        [
            24,
            2,
            0.6140344787262197
        ],
        [
            26,
            3,
            0.0
        ]
    ],
    "Tables": [
        16,
        2
    ],
    "Joins": [
        "98-21"
    ]
}