{
    "Query Number": "Synthetic_3055",
    "Query": "SELECT COUNT(*) FROM title t,movie_keyword mk WHERE t.id=mk.movie_id AND t.kind_id<4 AND t.production_year<2010 AND mk.keyword_id>33685;",
    "Cardinality": 371661,
    "AND Predicate Norm": [
        [
            101,
            1,
            0.5
        ],
        [
            104,
            1,
            0.935251798561151
        ],
        [
            74,
            3,
            0.2510565033651589
        ]
    ],
    "Tables": [
        16,
        19
    ],
    "Joins": [
        "98-75"
    ]
}